[2026-03-05T17:31:04.010+0000] {manager.py:486} INFO - Processing files using up to 2 processes at a time 
[2026-03-05T17:31:04.011+0000] {manager.py:487} INFO - Process each file at most once every 30 seconds
[2026-03-05T17:31:04.013+0000] {manager.py:488} INFO - Checking for new files in /opt/airflow/dags every 300 seconds
[2026-03-05T17:31:04.014+0000] {manager.py:832} INFO - Searching for files in /opt/airflow/dags
[2026-03-05T17:31:04.022+0000] {manager.py:835} INFO - There are 0 files in /opt/airflow/dags
[2026-03-05T17:36:32.529+0000] {manager.py:486} INFO - Processing files using up to 2 processes at a time 
[2026-03-05T17:36:32.530+0000] {manager.py:487} INFO - Process each file at most once every 30 seconds
[2026-03-05T17:36:32.531+0000] {manager.py:488} INFO - Checking for new files in /opt/airflow/dags every 300 seconds
[2026-03-05T17:36:32.533+0000] {manager.py:832} INFO - Searching for files in /opt/airflow/dags
[2026-03-05T17:36:32.542+0000] {manager.py:835} INFO - There are 0 files in /opt/airflow/dags
[2026-03-05T17:41:33.399+0000] {manager.py:832} INFO - Searching for files in /opt/airflow/dags
[2026-03-05T17:41:33.405+0000] {manager.py:835} INFO - There are 0 files in /opt/airflow/dags
[2026-03-05T17:46:34.207+0000] {manager.py:832} INFO - Searching for files in /opt/airflow/dags
[2026-03-05T17:46:34.213+0000] {manager.py:835} INFO - There are 0 files in /opt/airflow/dags
[2026-03-05T17:51:35.093+0000] {manager.py:832} INFO - Searching for files in /opt/airflow/dags
[2026-03-05T17:51:35.100+0000] {manager.py:835} INFO - There are 0 files in /opt/airflow/dags
[2026-03-05T17:57:17.186+0000] {manager.py:486} INFO - Processing files using up to 2 processes at a time 
[2026-03-05T17:57:17.187+0000] {manager.py:487} INFO - Process each file at most once every 30 seconds
[2026-03-05T17:57:17.188+0000] {manager.py:488} INFO - Checking for new files in /opt/airflow/dags every 300 seconds
[2026-03-05T17:57:17.189+0000] {manager.py:832} INFO - Searching for files in /opt/airflow/dags
[2026-03-05T17:57:17.198+0000] {manager.py:835} INFO - There are 0 files in /opt/airflow/dags
[2026-03-05T18:02:18.155+0000] {manager.py:832} INFO - Searching for files in /opt/airflow/dags
[2026-03-05T18:02:18.161+0000] {manager.py:835} INFO - There are 0 files in /opt/airflow/dags
[2026-03-05T18:07:27.682+0000] {manager.py:486} INFO - Processing files using up to 2 processes at a time 
[2026-03-05T18:07:27.683+0000] {manager.py:487} INFO - Process each file at most once every 30 seconds
[2026-03-05T18:07:27.684+0000] {manager.py:488} INFO - Checking for new files in /opt/airflow/dags every 300 seconds
[2026-03-05T18:07:27.685+0000] {manager.py:832} INFO - Searching for files in /opt/airflow/dags
[2026-03-05T18:07:27.694+0000] {manager.py:835} INFO - There are 0 files in /opt/airflow/dags
[2026-03-05T18:12:28.486+0000] {manager.py:832} INFO - Searching for files in /opt/airflow/dags
[2026-03-05T18:12:28.492+0000] {manager.py:835} INFO - There are 0 files in /opt/airflow/dags
[2026-03-05T18:17:29.297+0000] {manager.py:832} INFO - Searching for files in /opt/airflow/dags
[2026-03-05T18:17:29.302+0000] {manager.py:835} INFO - There are 0 files in /opt/airflow/dags
[2026-03-05T18:22:30.187+0000] {manager.py:832} INFO - Searching for files in /opt/airflow/dags
[2026-03-05T18:22:30.195+0000] {manager.py:835} INFO - There are 0 files in /opt/airflow/dags
[2026-03-05T21:42:21.909+0000] {manager.py:486} INFO - Processing files using up to 2 processes at a time 
[2026-03-05T21:42:21.911+0000] {manager.py:487} INFO - Process each file at most once every 30 seconds
[2026-03-05T21:42:21.913+0000] {manager.py:488} INFO - Checking for new files in /opt/airflow/dags every 300 seconds
[2026-03-05T21:42:21.914+0000] {manager.py:832} INFO - Searching for files in /opt/airflow/dags
[2026-03-05T21:42:21.925+0000] {manager.py:835} INFO - There are 0 files in /opt/airflow/dags
[2026-03-05T21:50:12.517+0000] {manager.py:486} INFO - Processing files using up to 2 processes at a time 
[2026-03-05T21:50:12.518+0000] {manager.py:487} INFO - Process each file at most once every 30 seconds
[2026-03-05T21:50:12.519+0000] {manager.py:488} INFO - Checking for new files in /opt/airflow/dags every 300 seconds
[2026-03-05T21:50:12.519+0000] {manager.py:832} INFO - Searching for files in /opt/airflow/dags
[2026-03-05T21:50:12.525+0000] {manager.py:835} INFO - There are 0 files in /opt/airflow/dags
[2026-03-05T21:55:13.376+0000] {manager.py:832} INFO - Searching for files in /opt/airflow/dags
[2026-03-05T21:55:13.381+0000] {manager.py:835} INFO - There are 0 files in /opt/airflow/dags
[2026-03-05T22:00:14.102+0000] {manager.py:832} INFO - Searching for files in /opt/airflow/dags
[2026-03-05T22:00:14.111+0000] {manager.py:835} INFO - There are 0 files in /opt/airflow/dags
[2026-03-05T22:05:15.097+0000] {manager.py:832} INFO - Searching for files in /opt/airflow/dags
[2026-03-05T22:05:15.109+0000] {manager.py:835} INFO - There are 0 files in /opt/airflow/dags
[2026-03-05T22:10:15.522+0000] {manager.py:832} INFO - Searching for files in /opt/airflow/dags
[2026-03-05T22:10:15.538+0000] {manager.py:835} INFO - There are 0 files in /opt/airflow/dags
[2026-03-05T22:12:26.840+0000] {manager.py:486} INFO - Processing files using up to 2 processes at a time 
[2026-03-05T22:12:26.841+0000] {manager.py:487} INFO - Process each file at most once every 30 seconds
[2026-03-05T22:12:26.842+0000] {manager.py:488} INFO - Checking for new files in /opt/airflow/dags every 300 seconds
[2026-03-05T22:12:26.844+0000] {manager.py:832} INFO - Searching for files in /opt/airflow/dags
[2026-03-05T22:12:26.855+0000] {manager.py:835} INFO - There are 0 files in /opt/airflow/dags
[2026-03-05T22:16:48.390+0000] {manager.py:486} INFO - Processing files using up to 2 processes at a time 
[2026-03-05T22:16:48.391+0000] {manager.py:487} INFO - Process each file at most once every 30 seconds
[2026-03-05T22:16:48.392+0000] {manager.py:488} INFO - Checking for new files in /opt/airflow/dags every 300 seconds
[2026-03-05T22:16:48.393+0000] {manager.py:832} INFO - Searching for files in /opt/airflow/dags
[2026-03-05T22:16:48.400+0000] {manager.py:835} INFO - There are 0 files in /opt/airflow/dags
[2026-03-05T22:21:48.680+0000] {manager.py:832} INFO - Searching for files in /opt/airflow/dags
[2026-03-05T22:21:48.700+0000] {manager.py:835} INFO - There are 0 files in /opt/airflow/dags
[2026-03-05T22:26:28.604+0000] {manager.py:486} INFO - Processing files using up to 2 processes at a time 
[2026-03-05T22:26:28.605+0000] {manager.py:487} INFO - Process each file at most once every 30 seconds
[2026-03-05T22:26:28.605+0000] {manager.py:488} INFO - Checking for new files in /opt/airflow/dags every 300 seconds
[2026-03-05T22:26:28.606+0000] {manager.py:832} INFO - Searching for files in /opt/airflow/dags
[2026-03-05T22:26:28.612+0000] {manager.py:835} INFO - There are 0 files in /opt/airflow/dags
[2026-03-05T22:31:29.194+0000] {manager.py:832} INFO - Searching for files in /opt/airflow/dags
[2026-03-05T22:31:29.205+0000] {manager.py:835} INFO - There are 0 files in /opt/airflow/dags
[2026-03-05T22:36:29.863+0000] {manager.py:832} INFO - Searching for files in /opt/airflow/dags
[2026-03-05T22:36:29.873+0000] {manager.py:835} INFO - There are 0 files in /opt/airflow/dags
[2026-03-05T22:41:30.203+0000] {manager.py:832} INFO - Searching for files in /opt/airflow/dags
[2026-03-05T22:41:30.230+0000] {manager.py:835} INFO - There are 0 files in /opt/airflow/dags
[2026-03-05T22:46:30.844+0000] {manager.py:832} INFO - Searching for files in /opt/airflow/dags
[2026-03-05T22:46:30.856+0000] {manager.py:835} INFO - There are 0 files in /opt/airflow/dags
[2026-03-05T22:51:31.271+0000] {manager.py:832} INFO - Searching for files in /opt/airflow/dags
[2026-03-05T22:51:31.279+0000] {manager.py:835} INFO - There are 0 files in /opt/airflow/dags
[2026-03-05T22:56:31.459+0000] {manager.py:832} INFO - Searching for files in /opt/airflow/dags
[2026-03-05T22:56:31.475+0000] {manager.py:835} INFO - There are 0 files in /opt/airflow/dags
[2026-03-05T23:01:32.008+0000] {manager.py:832} INFO - Searching for files in /opt/airflow/dags
[2026-03-05T23:01:32.018+0000] {manager.py:835} INFO - There are 0 files in /opt/airflow/dags
[2026-03-05T23:06:32.272+0000] {manager.py:832} INFO - Searching for files in /opt/airflow/dags
[2026-03-05T23:06:32.395+0000] {manager.py:835} INFO - There are 1 files in /opt/airflow/dags
[2026-03-05T23:06:48.195+0000] {manager.py:1008} INFO - 
================================================================================
DAG File Processing Stats

File Path                             PID    Runtime      # DAGs    # Errors  Last Runtime    Last Run               Last # of DB Queries
------------------------------------  -----  ---------  --------  ----------  --------------  -------------------  ----------------------
/opt/airflow/dags/weather_etl_dag.py                           1           0  0.78s           2026-03-05T23:06:38                      45
================================================================================
[2026-03-05T23:07:18.485+0000] {manager.py:1008} INFO - 
================================================================================
DAG File Processing Stats

File Path                             PID    Runtime      # DAGs    # Errors  Last Runtime    Last Run               Last # of DB Queries
------------------------------------  -----  ---------  --------  ----------  --------------  -------------------  ----------------------
/opt/airflow/dags/weather_etl_dag.py                           1           0  0.17s           2026-03-05T23:07:08                      12
================================================================================
[2026-03-05T23:07:48.947+0000] {manager.py:1008} INFO - 
================================================================================
DAG File Processing Stats

File Path                             PID    Runtime      # DAGs    # Errors  Last Runtime    Last Run               Last # of DB Queries
------------------------------------  -----  ---------  --------  ----------  --------------  -------------------  ----------------------
/opt/airflow/dags/weather_etl_dag.py                           1           0  0.19s           2026-03-05T23:07:38                      12
================================================================================
[2026-03-05T23:08:19.342+0000] {manager.py:1008} INFO - 
================================================================================
DAG File Processing Stats

File Path                             PID    Runtime      # DAGs    # Errors  Last Runtime    Last Run               Last # of DB Queries
------------------------------------  -----  ---------  --------  ----------  --------------  -------------------  ----------------------
/opt/airflow/dags/weather_etl_dag.py                           1           0  0.14s           2026-03-05T23:08:09                      12
================================================================================
[2026-03-05T23:08:49.806+0000] {manager.py:1008} INFO - 
================================================================================
DAG File Processing Stats

File Path                             PID    Runtime      # DAGs    # Errors  Last Runtime    Last Run               Last # of DB Queries
------------------------------------  -----  ---------  --------  ----------  --------------  -------------------  ----------------------
/opt/airflow/dags/weather_etl_dag.py                           1           0  0.18s           2026-03-05T23:08:39                      12
================================================================================
[2026-03-05T23:09:20.147+0000] {manager.py:1008} INFO - 
================================================================================
DAG File Processing Stats

File Path                             PID    Runtime      # DAGs    # Errors  Last Runtime    Last Run               Last # of DB Queries
------------------------------------  -----  ---------  --------  ----------  --------------  -------------------  ----------------------
/opt/airflow/dags/weather_etl_dag.py                           1           0  0.18s           2026-03-05T23:09:10                      12
================================================================================
[2026-03-05T23:09:50.535+0000] {manager.py:1008} INFO - 
================================================================================
DAG File Processing Stats

File Path                             PID    Runtime      # DAGs    # Errors  Last Runtime    Last Run               Last # of DB Queries
------------------------------------  -----  ---------  --------  ----------  --------------  -------------------  ----------------------
/opt/airflow/dags/weather_etl_dag.py                           1           0  0.16s           2026-03-05T23:09:40                      12
================================================================================
[2026-03-05T23:10:20.913+0000] {manager.py:1008} INFO - 
================================================================================
DAG File Processing Stats

File Path                             PID    Runtime      # DAGs    # Errors  Last Runtime    Last Run               Last # of DB Queries
------------------------------------  -----  ---------  --------  ----------  --------------  -------------------  ----------------------
/opt/airflow/dags/weather_etl_dag.py                           1           0  0.15s           2026-03-05T23:10:10                      12
================================================================================
[2026-03-05T23:10:51.263+0000] {manager.py:1008} INFO - 
================================================================================
DAG File Processing Stats

File Path                             PID    Runtime      # DAGs    # Errors  Last Runtime    Last Run               Last # of DB Queries
------------------------------------  -----  ---------  --------  ----------  --------------  -------------------  ----------------------
/opt/airflow/dags/weather_etl_dag.py                           1           0  0.19s           2026-03-05T23:10:41                      12
================================================================================
[2026-03-05T23:11:21.732+0000] {manager.py:1008} INFO - 
================================================================================
DAG File Processing Stats

File Path                             PID    Runtime      # DAGs    # Errors  Last Runtime    Last Run               Last # of DB Queries
------------------------------------  -----  ---------  --------  ----------  --------------  -------------------  ----------------------
/opt/airflow/dags/weather_etl_dag.py                           1           0  0.21s           2026-03-05T23:11:11                      12
================================================================================
[2026-03-05T23:11:32.854+0000] {manager.py:832} INFO - Searching for files in /opt/airflow/dags
[2026-03-05T23:11:32.884+0000] {manager.py:835} INFO - There are 1 files in /opt/airflow/dags
[2026-03-05T23:11:52.217+0000] {manager.py:1008} INFO - 
================================================================================
DAG File Processing Stats

File Path                             PID    Runtime      # DAGs    # Errors  Last Runtime    Last Run               Last # of DB Queries
------------------------------------  -----  ---------  --------  ----------  --------------  -------------------  ----------------------
/opt/airflow/dags/weather_etl_dag.py                           1           0  0.18s           2026-03-05T23:11:42                      12
================================================================================
[2026-03-05T23:12:22.679+0000] {manager.py:1008} INFO - 
================================================================================
DAG File Processing Stats

File Path                             PID    Runtime      # DAGs    # Errors  Last Runtime    Last Run               Last # of DB Queries
------------------------------------  -----  ---------  --------  ----------  --------------  -------------------  ----------------------
/opt/airflow/dags/weather_etl_dag.py                           1           0  0.24s           2026-03-05T23:12:12                      12
================================================================================
[2026-03-05T23:12:53.148+0000] {manager.py:1008} INFO - 
================================================================================
DAG File Processing Stats

File Path                             PID    Runtime      # DAGs    # Errors  Last Runtime    Last Run               Last # of DB Queries
------------------------------------  -----  ---------  --------  ----------  --------------  -------------------  ----------------------
/opt/airflow/dags/weather_etl_dag.py                           1           0  0.15s           2026-03-05T23:12:43                      12
================================================================================
[2026-03-05T23:13:23.541+0000] {manager.py:1008} INFO - 
================================================================================
DAG File Processing Stats

File Path                             PID    Runtime      # DAGs    # Errors  Last Runtime    Last Run               Last # of DB Queries
------------------------------------  -----  ---------  --------  ----------  --------------  -------------------  ----------------------
/opt/airflow/dags/weather_etl_dag.py                           1           0  0.14s           2026-03-05T23:13:13                      12
================================================================================
[2026-03-05T23:13:53.972+0000] {manager.py:1008} INFO - 
================================================================================
DAG File Processing Stats

File Path                             PID    Runtime      # DAGs    # Errors  Last Runtime    Last Run               Last # of DB Queries
------------------------------------  -----  ---------  --------  ----------  --------------  -------------------  ----------------------
/opt/airflow/dags/weather_etl_dag.py                           1           0  0.19s           2026-03-05T23:13:43                      12
================================================================================
[2026-03-05T23:14:24.371+0000] {manager.py:1008} INFO - 
================================================================================
DAG File Processing Stats

File Path                             PID    Runtime      # DAGs    # Errors  Last Runtime    Last Run               Last # of DB Queries
------------------------------------  -----  ---------  --------  ----------  --------------  -------------------  ----------------------
/opt/airflow/dags/weather_etl_dag.py                           1           0  0.16s           2026-03-05T23:14:14                      12
================================================================================
[2026-03-05T23:14:54.838+0000] {manager.py:1008} INFO - 
================================================================================
DAG File Processing Stats

File Path                             PID    Runtime      # DAGs    # Errors  Last Runtime    Last Run               Last # of DB Queries
------------------------------------  -----  ---------  --------  ----------  --------------  -------------------  ----------------------
/opt/airflow/dags/weather_etl_dag.py                           1           0  0.18s           2026-03-05T23:14:44                      12
================================================================================
[2026-03-05T23:15:25.269+0000] {manager.py:1008} INFO - 
================================================================================
DAG File Processing Stats

File Path                             PID    Runtime      # DAGs    # Errors  Last Runtime    Last Run               Last # of DB Queries
------------------------------------  -----  ---------  --------  ----------  --------------  -------------------  ----------------------
/opt/airflow/dags/weather_etl_dag.py                           1           0  0.14s           2026-03-05T23:15:15                      12
================================================================================
[2026-03-05T23:15:55.639+0000] {manager.py:1008} INFO - 
================================================================================
DAG File Processing Stats

File Path                             PID    Runtime      # DAGs    # Errors  Last Runtime    Last Run               Last # of DB Queries
------------------------------------  -----  ---------  --------  ----------  --------------  -------------------  ----------------------
/opt/airflow/dags/weather_etl_dag.py                           1           0  0.14s           2026-03-05T23:15:45                      12
================================================================================
[2026-03-05T23:16:25.973+0000] {manager.py:1008} INFO - 
================================================================================
DAG File Processing Stats

File Path                             PID    Runtime      # DAGs    # Errors  Last Runtime    Last Run               Last # of DB Queries
------------------------------------  -----  ---------  --------  ----------  --------------  -------------------  ----------------------
/opt/airflow/dags/weather_etl_dag.py                           1           0  0.15s           2026-03-05T23:16:16                      12
================================================================================
[2026-03-05T23:16:33.028+0000] {manager.py:832} INFO - Searching for files in /opt/airflow/dags
[2026-03-05T23:16:33.044+0000] {manager.py:835} INFO - There are 1 files in /opt/airflow/dags
[2026-03-05T23:16:56.412+0000] {manager.py:1008} INFO - 
================================================================================
DAG File Processing Stats

File Path                             PID    Runtime      # DAGs    # Errors  Last Runtime    Last Run               Last # of DB Queries
------------------------------------  -----  ---------  --------  ----------  --------------  -------------------  ----------------------
/opt/airflow/dags/weather_etl_dag.py                           1           0  0.15s           2026-03-05T23:16:46                      12
================================================================================
[2026-03-05T23:17:26.867+0000] {manager.py:1008} INFO - 
================================================================================
DAG File Processing Stats

File Path                             PID    Runtime      # DAGs    # Errors  Last Runtime    Last Run               Last # of DB Queries
------------------------------------  -----  ---------  --------  ----------  --------------  -------------------  ----------------------
/opt/airflow/dags/weather_etl_dag.py                           1           0  0.21s           2026-03-05T23:17:16                      12
================================================================================
[2026-03-05T23:17:57.364+0000] {manager.py:1008} INFO - 
================================================================================
DAG File Processing Stats

File Path                             PID    Runtime      # DAGs    # Errors  Last Runtime    Last Run               Last # of DB Queries
------------------------------------  -----  ---------  --------  ----------  --------------  -------------------  ----------------------
/opt/airflow/dags/weather_etl_dag.py                           1           0  0.20s           2026-03-05T23:17:47                      12
================================================================================
[2026-03-05T23:18:27.679+0000] {manager.py:1008} INFO - 
================================================================================
DAG File Processing Stats

File Path                             PID    Runtime      # DAGs    # Errors  Last Runtime    Last Run               Last # of DB Queries
------------------------------------  -----  ---------  --------  ----------  --------------  -------------------  ----------------------
/opt/airflow/dags/weather_etl_dag.py                           1           0  0.16s           2026-03-05T23:18:17                      12
================================================================================
[2026-03-05T23:18:58.149+0000] {manager.py:1008} INFO - 
================================================================================
DAG File Processing Stats

File Path                             PID    Runtime      # DAGs    # Errors  Last Runtime    Last Run               Last # of DB Queries
------------------------------------  -----  ---------  --------  ----------  --------------  -------------------  ----------------------
/opt/airflow/dags/weather_etl_dag.py                           1           0  0.20s           2026-03-05T23:18:48                      12
================================================================================
[2026-03-05T23:19:28.551+0000] {manager.py:1008} INFO - 
================================================================================
DAG File Processing Stats

File Path                             PID    Runtime      # DAGs    # Errors  Last Runtime    Last Run               Last # of DB Queries
------------------------------------  -----  ---------  --------  ----------  --------------  -------------------  ----------------------
/opt/airflow/dags/weather_etl_dag.py                           1           0  0.20s           2026-03-05T23:19:18                      12
================================================================================
[2026-03-05T23:19:58.960+0000] {manager.py:1008} INFO - 
================================================================================
DAG File Processing Stats

File Path                             PID    Runtime      # DAGs    # Errors  Last Runtime    Last Run               Last # of DB Queries
------------------------------------  -----  ---------  --------  ----------  --------------  -------------------  ----------------------
/opt/airflow/dags/weather_etl_dag.py                           1           0  0.16s           2026-03-05T23:19:48                      12
================================================================================
[2026-03-05T23:20:29.324+0000] {manager.py:1008} INFO - 
================================================================================
DAG File Processing Stats

File Path                             PID    Runtime      # DAGs    # Errors  Last Runtime    Last Run               Last # of DB Queries
------------------------------------  -----  ---------  --------  ----------  --------------  -------------------  ----------------------
/opt/airflow/dags/weather_etl_dag.py                           1           0  0.15s           2026-03-05T23:20:19                      12
================================================================================
[2026-03-05T23:20:59.810+0000] {manager.py:1008} INFO - 
================================================================================
DAG File Processing Stats

File Path                             PID    Runtime      # DAGs    # Errors  Last Runtime    Last Run               Last # of DB Queries
------------------------------------  -----  ---------  --------  ----------  --------------  -------------------  ----------------------
/opt/airflow/dags/weather_etl_dag.py                           1           0  0.24s           2026-03-05T23:20:49                      12
================================================================================
[2026-03-05T23:21:30.253+0000] {manager.py:1008} INFO - 
================================================================================
DAG File Processing Stats

File Path                             PID    Runtime      # DAGs    # Errors  Last Runtime    Last Run               Last # of DB Queries
------------------------------------  -----  ---------  --------  ----------  --------------  -------------------  ----------------------
/opt/airflow/dags/weather_etl_dag.py                           1           0  0.20s           2026-03-05T23:21:20                      12
================================================================================
[2026-03-05T23:21:33.278+0000] {manager.py:832} INFO - Searching for files in /opt/airflow/dags
[2026-03-05T23:21:33.302+0000] {manager.py:835} INFO - There are 1 files in /opt/airflow/dags
[2026-03-05T23:22:00.716+0000] {manager.py:1008} INFO - 
================================================================================
DAG File Processing Stats

File Path                             PID    Runtime      # DAGs    # Errors  Last Runtime    Last Run               Last # of DB Queries
------------------------------------  -----  ---------  --------  ----------  --------------  -------------------  ----------------------
/opt/airflow/dags/weather_etl_dag.py                           1           0  0.17s           2026-03-05T23:21:50                      12
================================================================================
[2026-03-05T23:22:31.133+0000] {manager.py:1008} INFO - 
================================================================================
DAG File Processing Stats

File Path                             PID    Runtime      # DAGs    # Errors  Last Runtime    Last Run               Last # of DB Queries
------------------------------------  -----  ---------  --------  ----------  --------------  -------------------  ----------------------
/opt/airflow/dags/weather_etl_dag.py                           1           0  0.26s           2026-03-05T23:22:21                      12
================================================================================
[2026-03-05T23:23:01.684+0000] {manager.py:1008} INFO - 
================================================================================
DAG File Processing Stats

File Path                             PID    Runtime      # DAGs    # Errors  Last Runtime    Last Run               Last # of DB Queries
------------------------------------  -----  ---------  --------  ----------  --------------  -------------------  ----------------------
/opt/airflow/dags/weather_etl_dag.py                           1           0  0.19s           2026-03-05T23:22:51                      12
================================================================================
[2026-03-05T23:23:32.194+0000] {manager.py:1008} INFO - 
================================================================================
DAG File Processing Stats

File Path                             PID    Runtime      # DAGs    # Errors  Last Runtime    Last Run               Last # of DB Queries
------------------------------------  -----  ---------  --------  ----------  --------------  -------------------  ----------------------
/opt/airflow/dags/weather_etl_dag.py                           1           0  0.18s           2026-03-05T23:23:17                      12
================================================================================
[2026-03-05T23:24:02.670+0000] {manager.py:1008} INFO - 
================================================================================
DAG File Processing Stats

File Path                             PID    Runtime      # DAGs    # Errors  Last Runtime    Last Run               Last # of DB Queries
------------------------------------  -----  ---------  --------  ----------  --------------  -------------------  ----------------------
/opt/airflow/dags/weather_etl_dag.py                           1           0  0.18s           2026-03-05T23:23:47                      12
================================================================================
[2026-03-05T23:24:33.106+0000] {manager.py:1008} INFO - 
================================================================================
DAG File Processing Stats

File Path                             PID    Runtime      # DAGs    # Errors  Last Runtime    Last Run               Last # of DB Queries
------------------------------------  -----  ---------  --------  ----------  --------------  -------------------  ----------------------
/opt/airflow/dags/weather_etl_dag.py                           1           0  0.22s           2026-03-05T23:24:18                      12
================================================================================
[2026-03-05T23:25:03.620+0000] {manager.py:1008} INFO - 
================================================================================
DAG File Processing Stats

File Path                             PID    Runtime      # DAGs    # Errors  Last Runtime    Last Run               Last # of DB Queries
------------------------------------  -----  ---------  --------  ----------  --------------  -------------------  ----------------------
/opt/airflow/dags/weather_etl_dag.py                           1           0  0.21s           2026-03-05T23:24:48                      12
================================================================================
[2026-03-05T23:25:34.037+0000] {manager.py:1008} INFO - 
================================================================================
DAG File Processing Stats

File Path                             PID    Runtime      # DAGs    # Errors  Last Runtime    Last Run               Last # of DB Queries
------------------------------------  -----  ---------  --------  ----------  --------------  -------------------  ----------------------
/opt/airflow/dags/weather_etl_dag.py                           1           0  0.17s           2026-03-05T23:25:18                      12
================================================================================
[2026-03-05T23:26:04.507+0000] {manager.py:1008} INFO - 
================================================================================
DAG File Processing Stats

File Path                             PID    Runtime      # DAGs    # Errors  Last Runtime    Last Run               Last # of DB Queries
------------------------------------  -----  ---------  --------  ----------  --------------  -------------------  ----------------------
/opt/airflow/dags/weather_etl_dag.py                           1           0  0.14s           2026-03-05T23:25:49                      12
================================================================================
[2026-03-05T23:26:33.886+0000] {manager.py:832} INFO - Searching for files in /opt/airflow/dags
[2026-03-05T23:26:33.917+0000] {manager.py:835} INFO - There are 1 files in /opt/airflow/dags
[2026-03-05T23:26:34.960+0000] {manager.py:1008} INFO - 
================================================================================
DAG File Processing Stats

File Path                             PID    Runtime      # DAGs    # Errors  Last Runtime    Last Run               Last # of DB Queries
------------------------------------  -----  ---------  --------  ----------  --------------  -------------------  ----------------------
/opt/airflow/dags/weather_etl_dag.py                           1           0  0.17s           2026-03-05T23:26:19                      12
================================================================================
[2026-03-05T23:27:05.319+0000] {manager.py:1008} INFO - 
================================================================================
DAG File Processing Stats

File Path                             PID    Runtime      # DAGs    # Errors  Last Runtime    Last Run               Last # of DB Queries
------------------------------------  -----  ---------  --------  ----------  --------------  -------------------  ----------------------
/opt/airflow/dags/weather_etl_dag.py                           1           0  0.16s           2026-03-05T23:26:50                      12
================================================================================
[2026-03-05T23:27:35.771+0000] {manager.py:1008} INFO - 
================================================================================
DAG File Processing Stats

File Path                             PID    Runtime      # DAGs    # Errors  Last Runtime    Last Run               Last # of DB Queries
------------------------------------  -----  ---------  --------  ----------  --------------  -------------------  ----------------------
/opt/airflow/dags/weather_etl_dag.py                           1           0  0.13s           2026-03-05T23:27:20                      12
================================================================================
[2026-03-05T23:28:06.162+0000] {manager.py:1008} INFO - 
================================================================================
DAG File Processing Stats

File Path                             PID    Runtime      # DAGs    # Errors  Last Runtime    Last Run               Last # of DB Queries
------------------------------------  -----  ---------  --------  ----------  --------------  -------------------  ----------------------
/opt/airflow/dags/weather_etl_dag.py                           1           0  0.19s           2026-03-05T23:27:51                      12
================================================================================
[2026-03-05T23:28:36.707+0000] {manager.py:1008} INFO - 
================================================================================
DAG File Processing Stats

File Path                             PID    Runtime      # DAGs    # Errors  Last Runtime    Last Run               Last # of DB Queries
------------------------------------  -----  ---------  --------  ----------  --------------  -------------------  ----------------------
/opt/airflow/dags/weather_etl_dag.py                           1           0  0.17s           2026-03-05T23:28:21                      12
================================================================================
[2026-03-05T23:29:07.036+0000] {manager.py:1008} INFO - 
================================================================================
DAG File Processing Stats

File Path                             PID    Runtime      # DAGs    # Errors  Last Runtime    Last Run               Last # of DB Queries
------------------------------------  -----  ---------  --------  ----------  --------------  -------------------  ----------------------
/opt/airflow/dags/weather_etl_dag.py                           1           0  0.14s           2026-03-05T23:28:51                      12
================================================================================
[2026-03-05T23:29:37.506+0000] {manager.py:1008} INFO - 
================================================================================
DAG File Processing Stats

File Path                             PID    Runtime      # DAGs    # Errors  Last Runtime    Last Run               Last # of DB Queries
------------------------------------  -----  ---------  --------  ----------  --------------  -------------------  ----------------------
/opt/airflow/dags/weather_etl_dag.py                           1           0  0.14s           2026-03-05T23:29:22                      12
================================================================================
[2026-03-05T23:30:07.892+0000] {manager.py:1008} INFO - 
================================================================================
DAG File Processing Stats

File Path                             PID    Runtime      # DAGs    # Errors  Last Runtime    Last Run               Last # of DB Queries
------------------------------------  -----  ---------  --------  ----------  --------------  -------------------  ----------------------
/opt/airflow/dags/weather_etl_dag.py                           1           0  0.14s           2026-03-05T23:29:52                      12
================================================================================
[2026-03-05T23:30:38.435+0000] {manager.py:1008} INFO - 
================================================================================
DAG File Processing Stats

File Path                             PID    Runtime      # DAGs    # Errors  Last Runtime    Last Run               Last # of DB Queries
------------------------------------  -----  ---------  --------  ----------  --------------  -------------------  ----------------------
/opt/airflow/dags/weather_etl_dag.py                           1           0  0.24s           2026-03-05T23:30:23                      12
================================================================================
[2026-03-05T23:31:08.955+0000] {manager.py:1008} INFO - 
================================================================================
DAG File Processing Stats

File Path                             PID    Runtime      # DAGs    # Errors  Last Runtime    Last Run               Last # of DB Queries
------------------------------------  -----  ---------  --------  ----------  --------------  -------------------  ----------------------
/opt/airflow/dags/weather_etl_dag.py                           1           0  0.27s           2026-03-05T23:30:53                      12
================================================================================
[2026-03-05T23:31:34.294+0000] {manager.py:832} INFO - Searching for files in /opt/airflow/dags
[2026-03-05T23:31:34.319+0000] {manager.py:835} INFO - There are 1 files in /opt/airflow/dags
[2026-03-05T23:31:39.400+0000] {manager.py:1008} INFO - 
================================================================================
DAG File Processing Stats

File Path                             PID    Runtime      # DAGs    # Errors  Last Runtime    Last Run               Last # of DB Queries
------------------------------------  -----  ---------  --------  ----------  --------------  -------------------  ----------------------
/opt/airflow/dags/weather_etl_dag.py                           1           0  0.23s           2026-03-05T23:31:24                      12
================================================================================
[2026-03-05T23:32:09.777+0000] {manager.py:1008} INFO - 
================================================================================
DAG File Processing Stats

File Path                             PID    Runtime      # DAGs    # Errors  Last Runtime    Last Run               Last # of DB Queries
------------------------------------  -----  ---------  --------  ----------  --------------  -------------------  ----------------------
/opt/airflow/dags/weather_etl_dag.py                           1           0  0.19s           2026-03-05T23:31:54                      12
================================================================================
[2026-03-05T23:32:40.182+0000] {manager.py:1008} INFO - 
================================================================================
DAG File Processing Stats

File Path                             PID    Runtime      # DAGs    # Errors  Last Runtime    Last Run               Last # of DB Queries
------------------------------------  -----  ---------  --------  ----------  --------------  -------------------  ----------------------
/opt/airflow/dags/weather_etl_dag.py                           1           0  0.22s           2026-03-05T23:32:25                      12
================================================================================
[2026-03-05T23:33:10.630+0000] {manager.py:1008} INFO - 
================================================================================
DAG File Processing Stats

File Path                             PID    Runtime      # DAGs    # Errors  Last Runtime    Last Run               Last # of DB Queries
------------------------------------  -----  ---------  --------  ----------  --------------  -------------------  ----------------------
/opt/airflow/dags/weather_etl_dag.py                           1           0  0.16s           2026-03-05T23:32:55                      12
================================================================================
[2026-03-05T23:33:40.999+0000] {manager.py:1008} INFO - 
================================================================================
DAG File Processing Stats

File Path                             PID    Runtime      # DAGs    # Errors  Last Runtime    Last Run               Last # of DB Queries
------------------------------------  -----  ---------  --------  ----------  --------------  -------------------  ----------------------
/opt/airflow/dags/weather_etl_dag.py                           1           0  0.20s           2026-03-05T23:33:26                      12
================================================================================
[2026-03-05T23:34:11.354+0000] {manager.py:1008} INFO - 
================================================================================
DAG File Processing Stats

File Path                             PID    Runtime      # DAGs    # Errors  Last Runtime    Last Run               Last # of DB Queries
------------------------------------  -----  ---------  --------  ----------  --------------  -------------------  ----------------------
/opt/airflow/dags/weather_etl_dag.py                           1           0  0.14s           2026-03-05T23:33:56                      12
================================================================================
[2026-03-05T23:34:41.798+0000] {manager.py:1008} INFO - 
================================================================================
DAG File Processing Stats

File Path                             PID    Runtime      # DAGs    # Errors  Last Runtime    Last Run               Last # of DB Queries
------------------------------------  -----  ---------  --------  ----------  --------------  -------------------  ----------------------
/opt/airflow/dags/weather_etl_dag.py                           1           0  0.17s           2026-03-05T23:34:26                      12
================================================================================
[2026-03-05T23:35:12.161+0000] {manager.py:1008} INFO - 
================================================================================
DAG File Processing Stats

File Path                             PID    Runtime      # DAGs    # Errors  Last Runtime    Last Run               Last # of DB Queries
------------------------------------  -----  ---------  --------  ----------  --------------  -------------------  ----------------------
/opt/airflow/dags/weather_etl_dag.py                           1           0  0.15s           2026-03-05T23:34:57                      12
================================================================================
[2026-03-05T23:35:42.596+0000] {manager.py:1008} INFO - 
================================================================================
DAG File Processing Stats

File Path                             PID    Runtime      # DAGs    # Errors  Last Runtime    Last Run               Last # of DB Queries
------------------------------------  -----  ---------  --------  ----------  --------------  -------------------  ----------------------
/opt/airflow/dags/weather_etl_dag.py                           1           0  0.15s           2026-03-05T23:35:27                      12
================================================================================
[2026-03-05T23:36:12.945+0000] {manager.py:1008} INFO - 
================================================================================
DAG File Processing Stats

File Path                             PID    Runtime      # DAGs    # Errors  Last Runtime    Last Run               Last # of DB Queries
------------------------------------  -----  ---------  --------  ----------  --------------  -------------------  ----------------------
/opt/airflow/dags/weather_etl_dag.py                           1           0  0.18s           2026-03-05T23:35:57                      12
================================================================================
[2026-03-05T23:36:35.272+0000] {manager.py:832} INFO - Searching for files in /opt/airflow/dags
[2026-03-05T23:36:35.295+0000] {manager.py:835} INFO - There are 1 files in /opt/airflow/dags
[2026-03-05T23:36:43.394+0000] {manager.py:1008} INFO - 
================================================================================
DAG File Processing Stats

File Path                             PID    Runtime      # DAGs    # Errors  Last Runtime    Last Run               Last # of DB Queries
------------------------------------  -----  ---------  --------  ----------  --------------  -------------------  ----------------------
/opt/airflow/dags/weather_etl_dag.py                           1           0  0.15s           2026-03-05T23:36:28                      12
================================================================================
[2026-03-05T23:37:13.669+0000] {manager.py:1008} INFO - 
================================================================================
DAG File Processing Stats

File Path                             PID    Runtime      # DAGs    # Errors  Last Runtime    Last Run               Last # of DB Queries
------------------------------------  -----  ---------  --------  ----------  --------------  -------------------  ----------------------
/opt/airflow/dags/weather_etl_dag.py                           1           0  0.15s           2026-03-05T23:36:58                      12
================================================================================
[2026-03-05T23:37:44.158+0000] {manager.py:1008} INFO - 
================================================================================
DAG File Processing Stats

File Path                             PID    Runtime      # DAGs    # Errors  Last Runtime    Last Run               Last # of DB Queries
------------------------------------  -----  ---------  --------  ----------  --------------  -------------------  ----------------------
/opt/airflow/dags/weather_etl_dag.py                           1           0  0.18s           2026-03-05T23:37:29                      12
================================================================================
[2026-03-05T23:38:14.555+0000] {manager.py:1008} INFO - 
================================================================================
DAG File Processing Stats

File Path                             PID    Runtime      # DAGs    # Errors  Last Runtime    Last Run               Last # of DB Queries
------------------------------------  -----  ---------  --------  ----------  --------------  -------------------  ----------------------
/opt/airflow/dags/weather_etl_dag.py                           1           0  0.19s           2026-03-05T23:37:59                      12
================================================================================
[2026-03-05T23:38:45.073+0000] {manager.py:1008} INFO - 
================================================================================
DAG File Processing Stats

File Path                             PID    Runtime      # DAGs    # Errors  Last Runtime    Last Run               Last # of DB Queries
------------------------------------  -----  ---------  --------  ----------  --------------  -------------------  ----------------------
/opt/airflow/dags/weather_etl_dag.py                           1           0  0.17s           2026-03-05T23:38:29                      12
================================================================================
[2026-03-05T23:39:15.545+0000] {manager.py:1008} INFO - 
================================================================================
DAG File Processing Stats

File Path                             PID    Runtime      # DAGs    # Errors  Last Runtime    Last Run               Last # of DB Queries
------------------------------------  -----  ---------  --------  ----------  --------------  -------------------  ----------------------
/opt/airflow/dags/weather_etl_dag.py                           1           0  0.20s           2026-03-05T23:39:00                      12
================================================================================
[2026-03-05T23:39:46.020+0000] {manager.py:1008} INFO - 
================================================================================
DAG File Processing Stats

File Path                             PID    Runtime      # DAGs    # Errors  Last Runtime    Last Run               Last # of DB Queries
------------------------------------  -----  ---------  --------  ----------  --------------  -------------------  ----------------------
/opt/airflow/dags/weather_etl_dag.py                           1           0  0.23s           2026-03-05T23:39:30                      12
================================================================================
[2026-03-05T23:40:16.488+0000] {manager.py:1008} INFO - 
================================================================================
DAG File Processing Stats

File Path                             PID    Runtime      # DAGs    # Errors  Last Runtime    Last Run               Last # of DB Queries
------------------------------------  -----  ---------  --------  ----------  --------------  -------------------  ----------------------
/opt/airflow/dags/weather_etl_dag.py                           1           0  0.18s           2026-03-05T23:40:01                      12
================================================================================
[2026-03-05T23:40:46.971+0000] {manager.py:1008} INFO - 
================================================================================
DAG File Processing Stats

File Path                             PID    Runtime      # DAGs    # Errors  Last Runtime    Last Run               Last # of DB Queries
------------------------------------  -----  ---------  --------  ----------  --------------  -------------------  ----------------------
/opt/airflow/dags/weather_etl_dag.py                           1           0  0.21s           2026-03-05T23:40:31                      12
================================================================================
[2026-03-05T23:41:17.577+0000] {manager.py:1008} INFO - 
================================================================================
DAG File Processing Stats

File Path                             PID    Runtime      # DAGs    # Errors  Last Runtime    Last Run               Last # of DB Queries
------------------------------------  -----  ---------  --------  ----------  --------------  -------------------  ----------------------
/opt/airflow/dags/weather_etl_dag.py                           1           0  0.19s           2026-03-05T23:41:02                      12
================================================================================
[2026-03-05T23:41:35.791+0000] {manager.py:832} INFO - Searching for files in /opt/airflow/dags
[2026-03-05T23:41:36.013+0000] {manager.py:835} INFO - There are 1 files in /opt/airflow/dags
[2026-03-05T23:41:48.262+0000] {manager.py:1008} INFO - 
================================================================================
DAG File Processing Stats

File Path                             PID    Runtime      # DAGs    # Errors  Last Runtime    Last Run               Last # of DB Queries
------------------------------------  -----  ---------  --------  ----------  --------------  -------------------  ----------------------
/opt/airflow/dags/weather_etl_dag.py                           1           0  0.15s           2026-03-05T23:41:32                      12
================================================================================
[2026-03-05T23:42:18.924+0000] {manager.py:1008} INFO - 
================================================================================
DAG File Processing Stats

File Path                             PID    Runtime      # DAGs    # Errors  Last Runtime    Last Run               Last # of DB Queries
------------------------------------  -----  ---------  --------  ----------  --------------  -------------------  ----------------------
/opt/airflow/dags/weather_etl_dag.py                           1           0  0.17s           2026-03-05T23:42:03                      12
================================================================================
[2026-03-05T23:42:49.190+0000] {manager.py:1008} INFO - 
================================================================================
DAG File Processing Stats

File Path                             PID    Runtime      # DAGs    # Errors  Last Runtime    Last Run               Last # of DB Queries
------------------------------------  -----  ---------  --------  ----------  --------------  -------------------  ----------------------
/opt/airflow/dags/weather_etl_dag.py                           1           0  0.14s           2026-03-05T23:42:34                      12
================================================================================
[2026-03-05T23:43:19.552+0000] {manager.py:1008} INFO - 
================================================================================
DAG File Processing Stats

File Path                             PID    Runtime      # DAGs    # Errors  Last Runtime    Last Run               Last # of DB Queries
------------------------------------  -----  ---------  --------  ----------  --------------  -------------------  ----------------------
/opt/airflow/dags/weather_etl_dag.py                           1           0  0.14s           2026-03-05T23:43:04                      12
================================================================================
[2026-03-05T23:43:49.844+0000] {manager.py:1008} INFO - 
================================================================================
DAG File Processing Stats

File Path                             PID    Runtime      # DAGs    # Errors  Last Runtime    Last Run               Last # of DB Queries
------------------------------------  -----  ---------  --------  ----------  --------------  -------------------  ----------------------
/opt/airflow/dags/weather_etl_dag.py                           1           0  0.14s           2026-03-05T23:43:34                      12
================================================================================
[2026-03-05T23:44:20.261+0000] {manager.py:1008} INFO - 
================================================================================
DAG File Processing Stats

File Path                             PID    Runtime      # DAGs    # Errors  Last Runtime    Last Run               Last # of DB Queries
------------------------------------  -----  ---------  --------  ----------  --------------  -------------------  ----------------------
/opt/airflow/dags/weather_etl_dag.py                           1           0  0.17s           2026-03-05T23:44:05                      12
================================================================================
[2026-03-05T23:44:50.657+0000] {manager.py:1008} INFO - 
================================================================================
DAG File Processing Stats

File Path                             PID    Runtime      # DAGs    # Errors  Last Runtime    Last Run               Last # of DB Queries
------------------------------------  -----  ---------  --------  ----------  --------------  -------------------  ----------------------
/opt/airflow/dags/weather_etl_dag.py                           1           0  0.19s           2026-03-05T23:44:35                      12
================================================================================
[2026-03-05T23:45:21.142+0000] {manager.py:1008} INFO - 
================================================================================
DAG File Processing Stats

File Path                             PID    Runtime      # DAGs    # Errors  Last Runtime    Last Run               Last # of DB Queries
------------------------------------  -----  ---------  --------  ----------  --------------  -------------------  ----------------------
/opt/airflow/dags/weather_etl_dag.py                           1           0  0.22s           2026-03-05T23:45:06                      12
================================================================================
[2026-03-05T23:45:51.487+0000] {manager.py:1008} INFO - 
================================================================================
DAG File Processing Stats

File Path                             PID    Runtime      # DAGs    # Errors  Last Runtime    Last Run               Last # of DB Queries
------------------------------------  -----  ---------  --------  ----------  --------------  -------------------  ----------------------
/opt/airflow/dags/weather_etl_dag.py                           1           0  0.14s           2026-03-05T23:45:36                      12
================================================================================
[2026-03-05T23:46:21.794+0000] {manager.py:1008} INFO - 
================================================================================
DAG File Processing Stats

File Path                             PID    Runtime      # DAGs    # Errors  Last Runtime    Last Run               Last # of DB Queries
------------------------------------  -----  ---------  --------  ----------  --------------  -------------------  ----------------------
/opt/airflow/dags/weather_etl_dag.py                           1           0  0.14s           2026-03-05T23:46:06                      12
================================================================================
[2026-03-05T23:46:35.923+0000] {manager.py:832} INFO - Searching for files in /opt/airflow/dags
[2026-03-05T23:46:35.949+0000] {manager.py:835} INFO - There are 1 files in /opt/airflow/dags
[2026-03-05T23:46:52.160+0000] {manager.py:1008} INFO - 
================================================================================
DAG File Processing Stats

File Path                             PID    Runtime      # DAGs    # Errors  Last Runtime    Last Run               Last # of DB Queries
------------------------------------  -----  ---------  --------  ----------  --------------  -------------------  ----------------------
/opt/airflow/dags/weather_etl_dag.py                           1           0  0.17s           2026-03-05T23:46:37                      12
================================================================================
[2026-03-05T23:47:22.608+0000] {manager.py:1008} INFO - 
================================================================================
DAG File Processing Stats

File Path                             PID    Runtime      # DAGs    # Errors  Last Runtime    Last Run               Last # of DB Queries
------------------------------------  -----  ---------  --------  ----------  --------------  -------------------  ----------------------
/opt/airflow/dags/weather_etl_dag.py                           1           0  0.17s           2026-03-05T23:47:07                      12
================================================================================
[2026-03-05T23:47:52.990+0000] {manager.py:1008} INFO - 
================================================================================
DAG File Processing Stats

File Path                             PID    Runtime      # DAGs    # Errors  Last Runtime    Last Run               Last # of DB Queries
------------------------------------  -----  ---------  --------  ----------  --------------  -------------------  ----------------------
/opt/airflow/dags/weather_etl_dag.py                           1           0  0.18s           2026-03-05T23:47:37                      12
================================================================================
[2026-03-05T23:48:23.467+0000] {manager.py:1008} INFO - 
================================================================================
DAG File Processing Stats

File Path                             PID    Runtime      # DAGs    # Errors  Last Runtime    Last Run               Last # of DB Queries
------------------------------------  -----  ---------  --------  ----------  --------------  -------------------  ----------------------
/opt/airflow/dags/weather_etl_dag.py                           1           0  0.16s           2026-03-05T23:48:08                      12
================================================================================
[2026-03-05T23:48:53.813+0000] {manager.py:1008} INFO - 
================================================================================
DAG File Processing Stats

File Path                             PID    Runtime      # DAGs    # Errors  Last Runtime    Last Run               Last # of DB Queries
------------------------------------  -----  ---------  --------  ----------  --------------  -------------------  ----------------------
/opt/airflow/dags/weather_etl_dag.py                           1           0  0.18s           2026-03-05T23:48:38                      12
================================================================================
[2026-03-05T23:49:24.332+0000] {manager.py:1008} INFO - 
================================================================================
DAG File Processing Stats

File Path                             PID    Runtime      # DAGs    # Errors  Last Runtime    Last Run               Last # of DB Queries
------------------------------------  -----  ---------  --------  ----------  --------------  -------------------  ----------------------
/opt/airflow/dags/weather_etl_dag.py                           1           0  0.23s           2026-03-05T23:49:09                      12
================================================================================
[2026-03-05T23:49:54.762+0000] {manager.py:1008} INFO - 
================================================================================
DAG File Processing Stats

File Path                             PID    Runtime      # DAGs    # Errors  Last Runtime    Last Run               Last # of DB Queries
------------------------------------  -----  ---------  --------  ----------  --------------  -------------------  ----------------------
/opt/airflow/dags/weather_etl_dag.py                           1           0  0.16s           2026-03-05T23:49:39                      12
================================================================================
[2026-03-05T23:50:25.202+0000] {manager.py:1008} INFO - 
================================================================================
DAG File Processing Stats

File Path                             PID    Runtime      # DAGs    # Errors  Last Runtime    Last Run               Last # of DB Queries
------------------------------------  -----  ---------  --------  ----------  --------------  -------------------  ----------------------
/opt/airflow/dags/weather_etl_dag.py                           1           0  0.18s           2026-03-05T23:50:10                      12
================================================================================
[2026-03-05T23:50:55.585+0000] {manager.py:1008} INFO - 
================================================================================
DAG File Processing Stats

File Path                             PID    Runtime      # DAGs    # Errors  Last Runtime    Last Run               Last # of DB Queries
------------------------------------  -----  ---------  --------  ----------  --------------  -------------------  ----------------------
/opt/airflow/dags/weather_etl_dag.py                           1           0  0.20s           2026-03-05T23:50:40                      12
================================================================================
[2026-03-05T23:51:26.104+0000] {manager.py:1008} INFO - 
================================================================================
DAG File Processing Stats

File Path                             PID    Runtime      # DAGs    # Errors  Last Runtime    Last Run               Last # of DB Queries
------------------------------------  -----  ---------  --------  ----------  --------------  -------------------  ----------------------
/opt/airflow/dags/weather_etl_dag.py                           1           0  0.21s           2026-03-05T23:51:10                      12
================================================================================
[2026-03-05T23:51:36.207+0000] {manager.py:832} INFO - Searching for files in /opt/airflow/dags
[2026-03-05T23:51:36.222+0000] {manager.py:835} INFO - There are 1 files in /opt/airflow/dags
[2026-03-05T23:51:56.461+0000] {manager.py:1008} INFO - 
================================================================================
DAG File Processing Stats

File Path                             PID    Runtime      # DAGs    # Errors  Last Runtime    Last Run               Last # of DB Queries
------------------------------------  -----  ---------  --------  ----------  --------------  -------------------  ----------------------
/opt/airflow/dags/weather_etl_dag.py                           1           0  0.13s           2026-03-05T23:51:41                      12
================================================================================
[2026-03-05T23:52:26.906+0000] {manager.py:1008} INFO - 
================================================================================
DAG File Processing Stats

File Path                             PID    Runtime      # DAGs    # Errors  Last Runtime    Last Run               Last # of DB Queries
------------------------------------  -----  ---------  --------  ----------  --------------  -------------------  ----------------------
/opt/airflow/dags/weather_etl_dag.py                           1           0  0.19s           2026-03-05T23:52:11                      12
================================================================================
[2026-03-05T23:52:57.313+0000] {manager.py:1008} INFO - 
================================================================================
DAG File Processing Stats

File Path                             PID    Runtime      # DAGs    # Errors  Last Runtime    Last Run               Last # of DB Queries
------------------------------------  -----  ---------  --------  ----------  --------------  -------------------  ----------------------
/opt/airflow/dags/weather_etl_dag.py                           1           0  0.17s           2026-03-05T23:52:42                      12
================================================================================
[2026-03-05T23:53:27.736+0000] {manager.py:1008} INFO - 
================================================================================
DAG File Processing Stats

File Path                             PID    Runtime      # DAGs    # Errors  Last Runtime    Last Run               Last # of DB Queries
------------------------------------  -----  ---------  --------  ----------  --------------  -------------------  ----------------------
/opt/airflow/dags/weather_etl_dag.py                           1           0  0.18s           2026-03-05T23:53:12                      12
================================================================================
[2026-03-05T23:53:58.105+0000] {manager.py:1008} INFO - 
================================================================================
DAG File Processing Stats

File Path                             PID    Runtime      # DAGs    # Errors  Last Runtime    Last Run               Last # of DB Queries
------------------------------------  -----  ---------  --------  ----------  --------------  -------------------  ----------------------
/opt/airflow/dags/weather_etl_dag.py                           1           0  0.15s           2026-03-05T23:53:43                      12
================================================================================
[2026-03-05T23:54:28.498+0000] {manager.py:1008} INFO - 
================================================================================
DAG File Processing Stats

File Path                             PID    Runtime      # DAGs    # Errors  Last Runtime    Last Run               Last # of DB Queries
------------------------------------  -----  ---------  --------  ----------  --------------  -------------------  ----------------------
/opt/airflow/dags/weather_etl_dag.py                           1           0  0.14s           2026-03-05T23:54:13                      12
================================================================================
[2026-03-05T23:54:58.922+0000] {manager.py:1008} INFO - 
================================================================================
DAG File Processing Stats

File Path                             PID    Runtime      # DAGs    # Errors  Last Runtime    Last Run               Last # of DB Queries
------------------------------------  -----  ---------  --------  ----------  --------------  -------------------  ----------------------
/opt/airflow/dags/weather_etl_dag.py                           1           0  0.20s           2026-03-05T23:54:43                      12
================================================================================
[2026-03-05T23:55:29.334+0000] {manager.py:1008} INFO - 
================================================================================
DAG File Processing Stats

File Path                             PID    Runtime      # DAGs    # Errors  Last Runtime    Last Run               Last # of DB Queries
------------------------------------  -----  ---------  --------  ----------  --------------  -------------------  ----------------------
/opt/airflow/dags/weather_etl_dag.py                           1           0  0.16s           2026-03-05T23:55:14                      12
================================================================================
[2026-03-05T23:55:59.702+0000] {manager.py:1008} INFO - 
================================================================================
DAG File Processing Stats

File Path                             PID    Runtime      # DAGs    # Errors  Last Runtime    Last Run               Last # of DB Queries
------------------------------------  -----  ---------  --------  ----------  --------------  -------------------  ----------------------
/opt/airflow/dags/weather_etl_dag.py                           1           0  0.19s           2026-03-05T23:55:44                      12
================================================================================
[2026-03-05T23:56:30.196+0000] {manager.py:1008} INFO - 
================================================================================
DAG File Processing Stats

File Path                             PID    Runtime      # DAGs    # Errors  Last Runtime    Last Run               Last # of DB Queries
------------------------------------  -----  ---------  --------  ----------  --------------  -------------------  ----------------------
/opt/airflow/dags/weather_etl_dag.py                           1           0  0.18s           2026-03-05T23:56:15                      12
================================================================================
[2026-03-05T23:56:36.262+0000] {manager.py:832} INFO - Searching for files in /opt/airflow/dags
[2026-03-05T23:56:36.336+0000] {manager.py:835} INFO - There are 2 files in /opt/airflow/dags
[2026-03-05T23:57:00.793+0000] {manager.py:1008} INFO - 
================================================================================
DAG File Processing Stats

File Path                                         PID    Runtime      # DAGs    # Errors  Last Runtime    Last Run               Last # of DB Queries
------------------------------------------------  -----  ---------  --------  ----------  --------------  -------------------  ----------------------
/opt/airflow/dags/ml_forecasting_pipeline_dag.py                           1           0  2.17s           2026-03-05T23:56:38                      46
/opt/airflow/dags/weather_etl_dag.py                                       1           0  0.16s           2026-03-05T23:56:45                      12
================================================================================
[2026-03-05T23:57:31.287+0000] {manager.py:1008} INFO - 
================================================================================
DAG File Processing Stats

File Path                                         PID    Runtime      # DAGs    # Errors  Last Runtime    Last Run               Last # of DB Queries
------------------------------------------------  -----  ---------  --------  ----------  --------------  -------------------  ----------------------
/opt/airflow/dags/ml_forecasting_pipeline_dag.py                           1           0  0.97s           2026-03-05T23:57:09                      35
/opt/airflow/dags/weather_etl_dag.py                                       1           0  0.15s           2026-03-05T23:57:16                      12
================================================================================
[2026-03-05T23:58:01.396+0000] {manager.py:1008} INFO - 
================================================================================
DAG File Processing Stats

File Path                                         PID    Runtime      # DAGs    # Errors  Last Runtime    Last Run               Last # of DB Queries
------------------------------------------------  -----  ---------  --------  ----------  --------------  -------------------  ----------------------
/opt/airflow/dags/ml_forecasting_pipeline_dag.py                           1           0  3.70s           2026-03-05T23:57:44                      13
/opt/airflow/dags/weather_etl_dag.py                                       1           0  1.80s           2026-03-05T23:57:48                      12
================================================================================
[2026-03-05T23:58:31.978+0000] {manager.py:1008} INFO - 
================================================================================
DAG File Processing Stats

File Path                                         PID    Runtime      # DAGs    # Errors  Last Runtime    Last Run               Last # of DB Queries
------------------------------------------------  -----  ---------  --------  ----------  --------------  -------------------  ----------------------
/opt/airflow/dags/ml_forecasting_pipeline_dag.py                           1           0  1.01s           2026-03-05T23:58:15                      35
/opt/airflow/dags/weather_etl_dag.py                                       1           0  0.15s           2026-03-05T23:58:18                      12
================================================================================
[2026-03-05T23:59:02.211+0000] {manager.py:1008} INFO - 
================================================================================
DAG File Processing Stats

File Path                                         PID    Runtime      # DAGs    # Errors  Last Runtime    Last Run               Last # of DB Queries
------------------------------------------------  -----  ---------  --------  ----------  --------------  -------------------  ----------------------
/opt/airflow/dags/ml_forecasting_pipeline_dag.py                           1           0  0.88s           2026-03-05T23:58:47                      13
/opt/airflow/dags/weather_etl_dag.py                                       1           0  0.14s           2026-03-05T23:58:49                      12
================================================================================
[2026-03-05T23:59:32.524+0000] {manager.py:1008} INFO - 
================================================================================
DAG File Processing Stats

File Path                                         PID    Runtime      # DAGs    # Errors  Last Runtime    Last Run               Last # of DB Queries
------------------------------------------------  -----  ---------  --------  ----------  --------------  -------------------  ----------------------
/opt/airflow/dags/ml_forecasting_pipeline_dag.py                           1           0  0.86s           2026-03-05T23:59:18                      35
/opt/airflow/dags/weather_etl_dag.py                                       1           0  0.19s           2026-03-05T23:59:19                      12
================================================================================
[2026-03-06T00:00:02.751+0000] {manager.py:1008} INFO - 
================================================================================
DAG File Processing Stats

File Path                                         PID    Runtime      # DAGs    # Errors  Last Runtime    Last Run               Last # of DB Queries
------------------------------------------------  -----  ---------  --------  ----------  --------------  -------------------  ----------------------
/opt/airflow/dags/ml_forecasting_pipeline_dag.py                           1           0  0.89s           2026-03-05T23:59:49                      35
/opt/airflow/dags/weather_etl_dag.py                                       1           0  0.13s           2026-03-05T23:59:49                      12
================================================================================
[2026-03-06T00:00:33.181+0000] {manager.py:1008} INFO - 
================================================================================
DAG File Processing Stats

File Path                                         PID    Runtime      # DAGs    # Errors  Last Runtime    Last Run               Last # of DB Queries
------------------------------------------------  -----  ---------  --------  ----------  --------------  -------------------  ----------------------
/opt/airflow/dags/ml_forecasting_pipeline_dag.py                           1           0  2.63s           2026-03-06T00:00:22                      35
/opt/airflow/dags/weather_etl_dag.py                                       1           0  0.14s           2026-03-06T00:00:20                      12
================================================================================
[2026-03-06T00:01:03.295+0000] {manager.py:1008} INFO - 
================================================================================
DAG File Processing Stats

File Path                                         PID    Runtime      # DAGs    # Errors  Last Runtime    Last Run               Last # of DB Queries
------------------------------------------------  -----  ---------  --------  ----------  --------------  -------------------  ----------------------
/opt/airflow/dags/weather_etl_dag.py                                       1           0  0.15s           2026-03-06T00:00:50                      12
/opt/airflow/dags/ml_forecasting_pipeline_dag.py                           1           0  0.15s           2026-03-06T00:01:01                      11
================================================================================
[2026-03-06T00:01:33.894+0000] {manager.py:1008} INFO - 
================================================================================
DAG File Processing Stats

File Path                                           PID  Runtime      # DAGs    # Errors  Last Runtime    Last Run               Last # of DB Queries
------------------------------------------------  -----  ---------  --------  ----------  --------------  -------------------  ----------------------
/opt/airflow/dags/ml_forecasting_pipeline_dag.py   2072  0.00s             1           0  0.21s           2026-03-06T00:01:31                      34
/opt/airflow/dags/weather_etl_dag.py                                       1           0  0.15s           2026-03-06T00:01:20                      12
================================================================================
[2026-03-06T00:01:36.324+0000] {manager.py:832} INFO - Searching for files in /opt/airflow/dags
[2026-03-06T00:01:36.366+0000] {manager.py:835} INFO - There are 2 files in /opt/airflow/dags
[2026-03-06T00:02:04.824+0000] {manager.py:1008} INFO - 
================================================================================
DAG File Processing Stats

File Path                                           PID  Runtime      # DAGs    # Errors  Last Runtime    Last Run               Last # of DB Queries
------------------------------------------------  -----  ---------  --------  ----------  --------------  -------------------  ----------------------
/opt/airflow/dags/ml_forecasting_pipeline_dag.py   2129  0.02s             1           0  0.33s           2026-03-06T00:01:34                      45
/opt/airflow/dags/weather_etl_dag.py               2126  0.10s             1           0  0.27s           2026-03-06T00:01:34                      45
================================================================================
[2026-03-06T00:02:35.795+0000] {manager.py:1008} INFO - 
================================================================================
DAG File Processing Stats

File Path                                           PID  Runtime      # DAGs    # Errors  Last Runtime    Last Run               Last # of DB Queries
------------------------------------------------  -----  ---------  --------  ----------  --------------  -------------------  ----------------------
/opt/airflow/dags/weather_etl_dag.py               2164  0.03s             1           0  0.66s           2026-03-06T00:02:05                      12
/opt/airflow/dags/ml_forecasting_pipeline_dag.py   2167  0.01s             1           0  0.65s           2026-03-06T00:02:05                      12
================================================================================
[2026-03-06T00:03:06.172+0000] {manager.py:1008} INFO - 
================================================================================
DAG File Processing Stats

File Path                                           PID  Runtime      # DAGs    # Errors  Last Runtime    Last Run               Last # of DB Queries
------------------------------------------------  -----  ---------  --------  ----------  --------------  -------------------  ----------------------
/opt/airflow/dags/weather_etl_dag.py               2180  0.02s             1           0  0.16s           2026-03-06T00:02:35                      12
/opt/airflow/dags/ml_forecasting_pipeline_dag.py   2183  0.00s             1           0  0.15s           2026-03-06T00:02:35                      12
================================================================================
[2026-03-06T00:03:36.918+0000] {manager.py:1008} INFO - 
================================================================================
DAG File Processing Stats

File Path                                           PID  Runtime      # DAGs    # Errors  Last Runtime    Last Run               Last # of DB Queries
------------------------------------------------  -----  ---------  --------  ----------  --------------  -------------------  ----------------------
/opt/airflow/dags/ml_forecasting_pipeline_dag.py   2199  0.01s             1           0  0.23s           2026-03-06T00:03:06                      12
/opt/airflow/dags/weather_etl_dag.py               2196  0.05s             1           0  0.23s           2026-03-06T00:03:06                      12
================================================================================
[2026-03-06T00:04:07.274+0000] {manager.py:1008} INFO - 
================================================================================
DAG File Processing Stats

File Path                                           PID  Runtime      # DAGs    # Errors  Last Runtime    Last Run               Last # of DB Queries
------------------------------------------------  -----  ---------  --------  ----------  --------------  -------------------  ----------------------
/opt/airflow/dags/weather_etl_dag.py               2237  0.02s             1           0  0.20s           2026-03-06T00:03:37                      12
/opt/airflow/dags/ml_forecasting_pipeline_dag.py   2240  0.00s             1           0  0.16s           2026-03-06T00:03:37                      12
================================================================================
[2026-03-06T00:04:37.702+0000] {manager.py:1008} INFO - 
================================================================================
DAG File Processing Stats

File Path                                           PID  Runtime      # DAGs    # Errors  Last Runtime    Last Run               Last # of DB Queries
------------------------------------------------  -----  ---------  --------  ----------  --------------  -------------------  ----------------------
/opt/airflow/dags/weather_etl_dag.py               2263  0.02s             1           0  0.19s           2026-03-06T00:04:07                      12
/opt/airflow/dags/ml_forecasting_pipeline_dag.py   2266  0.00s             1           0  0.18s           2026-03-06T00:04:07                      12
================================================================================
[2026-03-06T00:05:08.328+0000] {manager.py:1008} INFO - 
================================================================================
DAG File Processing Stats

File Path                                           PID  Runtime      # DAGs    # Errors  Last Runtime    Last Run               Last # of DB Queries
------------------------------------------------  -----  ---------  --------  ----------  --------------  -------------------  ----------------------
/opt/airflow/dags/weather_etl_dag.py               2279  0.02s             1           0  0.17s           2026-03-06T00:04:37                      12
/opt/airflow/dags/ml_forecasting_pipeline_dag.py   2282  0.00s             1           0  0.16s           2026-03-06T00:04:37                      12
================================================================================
[2026-03-06T00:05:38.932+0000] {manager.py:1008} INFO - 
================================================================================
DAG File Processing Stats

File Path                                           PID  Runtime      # DAGs    # Errors  Last Runtime    Last Run               Last # of DB Queries
------------------------------------------------  -----  ---------  --------  ----------  --------------  -------------------  ----------------------
/opt/airflow/dags/ml_forecasting_pipeline_dag.py   2298  0.00s             1           0  0.16s           2026-03-06T00:05:08                      12
/opt/airflow/dags/weather_etl_dag.py               2295  0.04s             1           0  0.16s           2026-03-06T00:05:08                      12
================================================================================
[2026-03-06T00:06:09.487+0000] {manager.py:1008} INFO - 
================================================================================
DAG File Processing Stats

File Path                                           PID  Runtime      # DAGs    # Errors  Last Runtime    Last Run               Last # of DB Queries
------------------------------------------------  -----  ---------  --------  ----------  --------------  -------------------  ----------------------
/opt/airflow/dags/weather_etl_dag.py               2311  0.02s             1           0  0.19s           2026-03-06T00:05:39                      12
/opt/airflow/dags/ml_forecasting_pipeline_dag.py   2314  0.00s             1           0  0.16s           2026-03-06T00:05:39                      12
================================================================================
[2026-03-06T00:06:36.754+0000] {manager.py:832} INFO - Searching for files in /opt/airflow/dags
[2026-03-06T00:06:36.797+0000] {manager.py:835} INFO - There are 2 files in /opt/airflow/dags
[2026-03-06T00:06:39.913+0000] {manager.py:1008} INFO - 
================================================================================
DAG File Processing Stats

File Path                                           PID  Runtime      # DAGs    # Errors  Last Runtime    Last Run               Last # of DB Queries
------------------------------------------------  -----  ---------  --------  ----------  --------------  -------------------  ----------------------
/opt/airflow/dags/weather_etl_dag.py               2328  0.04s             1           0  0.18s           2026-03-06T00:06:09                      12
/opt/airflow/dags/ml_forecasting_pipeline_dag.py   2331  0.00s             1           0  0.15s           2026-03-06T00:06:09                      12
================================================================================
[2026-03-06T00:07:10.707+0000] {manager.py:1008} INFO - 
================================================================================
DAG File Processing Stats

File Path                                           PID  Runtime      # DAGs    # Errors  Last Runtime    Last Run               Last # of DB Queries
------------------------------------------------  -----  ---------  --------  ----------  --------------  -------------------  ----------------------
/opt/airflow/dags/weather_etl_dag.py               2349  0.00s             1           0  0.31s           2026-03-06T00:06:40                      12
/opt/airflow/dags/ml_forecasting_pipeline_dag.py                           1           0  0.19s           2026-03-06T00:06:59                      12
================================================================================
[2026-03-06T00:07:41.394+0000] {manager.py:1008} INFO - 
================================================================================
DAG File Processing Stats

File Path                                           PID  Runtime      # DAGs    # Errors  Last Runtime    Last Run               Last # of DB Queries
------------------------------------------------  -----  ---------  --------  ----------  --------------  -------------------  ----------------------
/opt/airflow/dags/weather_etl_dag.py               2365  0.01s             1           0  0.20s           2026-03-06T00:07:10                      12
/opt/airflow/dags/ml_forecasting_pipeline_dag.py                           0           1  0.15s           2026-03-06T00:07:28                       3
================================================================================
[2026-03-06T00:08:11.970+0000] {manager.py:1008} INFO - 
================================================================================
DAG File Processing Stats

File Path                                           PID  Runtime      # DAGs    # Errors  Last Runtime    Last Run               Last # of DB Queries
------------------------------------------------  -----  ---------  --------  ----------  --------------  -------------------  ----------------------
/opt/airflow/dags/weather_etl_dag.py               2382  0.00s             1           0  0.15s           2026-03-06T00:07:41                      12
/opt/airflow/dags/ml_forecasting_pipeline_dag.py                           0           1  0.11s           2026-03-06T00:07:58                       5
================================================================================
[2026-03-06T00:08:42.677+0000] {manager.py:1008} INFO - 
================================================================================
DAG File Processing Stats

File Path                                           PID  Runtime      # DAGs    # Errors  Last Runtime    Last Run               Last # of DB Queries
------------------------------------------------  -----  ---------  --------  ----------  --------------  -------------------  ----------------------
/opt/airflow/dags/ml_forecasting_pipeline_dag.py                           1           0  0.19s           2026-03-06T00:08:39                      12
/opt/airflow/dags/weather_etl_dag.py               2403  0.01s             1           0  0.17s           2026-03-06T00:08:12                      12
================================================================================
[2026-03-06T00:09:13.237+0000] {manager.py:1008} INFO - 
================================================================================
DAG File Processing Stats

File Path                                           PID  Runtime      # DAGs    # Errors  Last Runtime    Last Run               Last # of DB Queries
------------------------------------------------  -----  ---------  --------  ----------  --------------  -------------------  ----------------------
/opt/airflow/dags/ml_forecasting_pipeline_dag.py                           1           0  0.24s           2026-03-06T00:09:10                      12
/opt/airflow/dags/weather_etl_dag.py               2424  0.00s             1           0  0.16s           2026-03-06T00:08:42                      12
================================================================================
[2026-03-06T00:09:43.766+0000] {manager.py:1008} INFO - 
================================================================================
DAG File Processing Stats

File Path                                           PID  Runtime      # DAGs    # Errors  Last Runtime    Last Run               Last # of DB Queries
------------------------------------------------  -----  ---------  --------  ----------  --------------  -------------------  ----------------------
/opt/airflow/dags/ml_forecasting_pipeline_dag.py                           1           0  0.17s           2026-03-06T00:09:40                      12
/opt/airflow/dags/weather_etl_dag.py               2445  0.00s             1           0  0.14s           2026-03-06T00:09:13                      12
================================================================================
[2026-03-06T00:10:14.324+0000] {manager.py:1008} INFO - 
================================================================================
DAG File Processing Stats

File Path                                           PID  Runtime      # DAGs    # Errors  Last Runtime    Last Run               Last # of DB Queries
------------------------------------------------  -----  ---------  --------  ----------  --------------  -------------------  ----------------------
/opt/airflow/dags/weather_etl_dag.py               2461  0.01s             1           0  0.16s           2026-03-06T00:09:43                      12
/opt/airflow/dags/ml_forecasting_pipeline_dag.py                           1           0  0.15s           2026-03-06T00:10:11                      12
================================================================================
[2026-03-06T00:10:44.877+0000] {manager.py:1008} INFO - 
================================================================================
DAG File Processing Stats

File Path                                           PID  Runtime      # DAGs    # Errors  Last Runtime    Last Run               Last # of DB Queries
------------------------------------------------  -----  ---------  --------  ----------  --------------  -------------------  ----------------------
/opt/airflow/dags/weather_etl_dag.py               2477  0.01s             1           0  0.20s           2026-03-06T00:10:14                      12
/opt/airflow/dags/ml_forecasting_pipeline_dag.py                           1           0  0.15s           2026-03-06T00:10:41                      12
================================================================================
[2026-03-06T00:11:15.404+0000] {manager.py:1008} INFO - 
================================================================================
DAG File Processing Stats

File Path                                         PID    Runtime      # DAGs    # Errors  Last Runtime    Last Run               Last # of DB Queries
------------------------------------------------  -----  ---------  --------  ----------  --------------  -------------------  ----------------------
/opt/airflow/dags/weather_etl_dag.py                                       1           0  0.18s           2026-03-06T00:11:06                      12
/opt/airflow/dags/ml_forecasting_pipeline_dag.py                           1           0  0.14s           2026-03-06T00:11:08                      12
================================================================================
[2026-03-06T00:11:36.783+0000] {manager.py:832} INFO - Searching for files in /opt/airflow/dags
[2026-03-06T00:11:36.804+0000] {manager.py:835} INFO - There are 2 files in /opt/airflow/dags
[2026-03-06T00:11:45.929+0000] {manager.py:1008} INFO - 
================================================================================
DAG File Processing Stats

File Path                                         PID    Runtime      # DAGs    # Errors  Last Runtime    Last Run               Last # of DB Queries
------------------------------------------------  -----  ---------  --------  ----------  --------------  -------------------  ----------------------
/opt/airflow/dags/weather_etl_dag.py                                       1           0  0.15s           2026-03-06T00:11:36                      12
/opt/airflow/dags/ml_forecasting_pipeline_dag.py                           1           0  0.15s           2026-03-06T00:11:38                      12
================================================================================
[2026-03-06T00:12:16.408+0000] {manager.py:1008} INFO - 
================================================================================
DAG File Processing Stats

File Path                                         PID    Runtime      # DAGs    # Errors  Last Runtime    Last Run               Last # of DB Queries
------------------------------------------------  -----  ---------  --------  ----------  --------------  -------------------  ----------------------
/opt/airflow/dags/ml_forecasting_pipeline_dag.py                           1           0  0.15s           2026-03-06T00:12:09                      12
/opt/airflow/dags/weather_etl_dag.py                                       1           0  0.14s           2026-03-06T00:12:07                      12
================================================================================
[2026-03-06T00:12:46.955+0000] {manager.py:1008} INFO - 
================================================================================
DAG File Processing Stats

File Path                                         PID    Runtime      # DAGs    # Errors  Last Runtime    Last Run               Last # of DB Queries
------------------------------------------------  -----  ---------  --------  ----------  --------------  -------------------  ----------------------
/opt/airflow/dags/ml_forecasting_pipeline_dag.py                           1           0  0.46s           2026-03-06T00:12:40                      12
/opt/airflow/dags/weather_etl_dag.py                                       1           0  0.16s           2026-03-06T00:12:37                      12
================================================================================
[2026-03-06T00:13:17.465+0000] {manager.py:1008} INFO - 
================================================================================
DAG File Processing Stats

File Path                                         PID    Runtime      # DAGs    # Errors  Last Runtime    Last Run               Last # of DB Queries
------------------------------------------------  -----  ---------  --------  ----------  --------------  -------------------  ----------------------
/opt/airflow/dags/ml_forecasting_pipeline_dag.py                           1           0  0.18s           2026-03-06T00:13:10                      12
/opt/airflow/dags/weather_etl_dag.py                                       1           0  0.16s           2026-03-06T00:13:08                      12
================================================================================
[2026-03-06T00:13:47.851+0000] {manager.py:1008} INFO - 
================================================================================
DAG File Processing Stats

File Path                                         PID    Runtime      # DAGs    # Errors  Last Runtime    Last Run               Last # of DB Queries
------------------------------------------------  -----  ---------  --------  ----------  --------------  -------------------  ----------------------
/opt/airflow/dags/weather_etl_dag.py                                       1           0  0.19s           2026-03-06T00:13:38                      12
/opt/airflow/dags/ml_forecasting_pipeline_dag.py                           1           0  0.15s           2026-03-06T00:13:40                      12
================================================================================
[2026-03-06T00:14:18.391+0000] {manager.py:1008} INFO - 
================================================================================
DAG File Processing Stats

File Path                                         PID    Runtime      # DAGs    # Errors  Last Runtime    Last Run               Last # of DB Queries
------------------------------------------------  -----  ---------  --------  ----------  --------------  -------------------  ----------------------
/opt/airflow/dags/ml_forecasting_pipeline_dag.py                           1           0  0.18s           2026-03-06T00:14:11                      12
/opt/airflow/dags/weather_etl_dag.py                                       1           0  0.14s           2026-03-06T00:14:09                      12
================================================================================
[2026-03-06T00:14:48.906+0000] {manager.py:1008} INFO - 
================================================================================
DAG File Processing Stats

File Path                                         PID    Runtime      # DAGs    # Errors  Last Runtime    Last Run               Last # of DB Queries
------------------------------------------------  -----  ---------  --------  ----------  --------------  -------------------  ----------------------
/opt/airflow/dags/weather_etl_dag.py                                       1           0  0.14s           2026-03-06T00:14:39                      12
/opt/airflow/dags/ml_forecasting_pipeline_dag.py                           1           0  0.14s           2026-03-06T00:14:41                      12
================================================================================
[2026-03-06T00:15:19.469+0000] {manager.py:1008} INFO - 
================================================================================
DAG File Processing Stats

File Path                                         PID    Runtime      # DAGs    # Errors  Last Runtime    Last Run               Last # of DB Queries
------------------------------------------------  -----  ---------  --------  ----------  --------------  -------------------  ----------------------
/opt/airflow/dags/ml_forecasting_pipeline_dag.py                           1           0  0.17s           2026-03-06T00:15:12                      12
/opt/airflow/dags/weather_etl_dag.py                                       1           0  0.17s           2026-03-06T00:15:10                      12
================================================================================
[2026-03-06T00:15:49.893+0000] {manager.py:1008} INFO - 
================================================================================
DAG File Processing Stats

File Path                                         PID    Runtime      # DAGs    # Errors  Last Runtime    Last Run               Last # of DB Queries
------------------------------------------------  -----  ---------  --------  ----------  --------------  -------------------  ----------------------
/opt/airflow/dags/ml_forecasting_pipeline_dag.py                           1           0  0.16s           2026-03-06T00:15:42                      12
/opt/airflow/dags/weather_etl_dag.py                                       1           0  0.13s           2026-03-06T00:15:40                      12
================================================================================
[2026-03-06T00:16:20.470+0000] {manager.py:1008} INFO - 
================================================================================
DAG File Processing Stats

File Path                                         PID    Runtime      # DAGs    # Errors  Last Runtime    Last Run               Last # of DB Queries
------------------------------------------------  -----  ---------  --------  ----------  --------------  -------------------  ----------------------
/opt/airflow/dags/ml_forecasting_pipeline_dag.py                           1           0  0.17s           2026-03-06T00:16:13                      12
/opt/airflow/dags/weather_etl_dag.py                                       1           0  0.15s           2026-03-06T00:16:11                      12
================================================================================
[2026-03-06T00:16:37.718+0000] {manager.py:832} INFO - Searching for files in /opt/airflow/dags
[2026-03-06T00:16:37.752+0000] {manager.py:835} INFO - There are 2 files in /opt/airflow/dags
[2026-03-06T00:16:51.163+0000] {manager.py:1008} INFO - 
================================================================================
DAG File Processing Stats

File Path                                         PID    Runtime      # DAGs    # Errors  Last Runtime    Last Run               Last # of DB Queries
------------------------------------------------  -----  ---------  --------  ----------  --------------  -------------------  ----------------------
/opt/airflow/dags/ml_forecasting_pipeline_dag.py                           1           0  0.19s           2026-03-06T00:16:44                      12
/opt/airflow/dags/weather_etl_dag.py                                       1           0  0.16s           2026-03-06T00:16:42                      12
================================================================================
[2026-03-06T00:17:21.777+0000] {manager.py:1008} INFO - 
================================================================================
DAG File Processing Stats

File Path                                         PID    Runtime      # DAGs    # Errors  Last Runtime    Last Run               Last # of DB Queries
------------------------------------------------  -----  ---------  --------  ----------  --------------  -------------------  ----------------------
/opt/airflow/dags/ml_forecasting_pipeline_dag.py                           1           0  0.20s           2026-03-06T00:17:14                      12
/opt/airflow/dags/weather_etl_dag.py                                       1           0  0.19s           2026-03-06T00:17:12                      12
================================================================================
[2026-03-06T00:17:52.359+0000] {manager.py:1008} INFO - 
================================================================================
DAG File Processing Stats

File Path                                         PID    Runtime      # DAGs    # Errors  Last Runtime    Last Run               Last # of DB Queries
------------------------------------------------  -----  ---------  --------  ----------  --------------  -------------------  ----------------------
/opt/airflow/dags/weather_etl_dag.py                                       1           0  0.18s           2026-03-06T00:17:43                      12
/opt/airflow/dags/ml_forecasting_pipeline_dag.py                           1           0  0.16s           2026-03-06T00:17:45                      12
================================================================================
[2026-03-06T00:18:22.810+0000] {manager.py:1008} INFO - 
================================================================================
DAG File Processing Stats

File Path                                         PID    Runtime      # DAGs    # Errors  Last Runtime    Last Run               Last # of DB Queries
------------------------------------------------  -----  ---------  --------  ----------  --------------  -------------------  ----------------------
/opt/airflow/dags/weather_etl_dag.py                                       1           0  0.16s           2026-03-06T00:18:13                      12
/opt/airflow/dags/ml_forecasting_pipeline_dag.py                           1           0  0.14s           2026-03-06T00:18:15                      12
================================================================================
[2026-03-06T00:18:53.454+0000] {manager.py:1008} INFO - 
================================================================================
DAG File Processing Stats

File Path                                         PID    Runtime      # DAGs    # Errors  Last Runtime    Last Run               Last # of DB Queries
------------------------------------------------  -----  ---------  --------  ----------  --------------  -------------------  ----------------------
/opt/airflow/dags/weather_etl_dag.py                                       1           0  0.18s           2026-03-06T00:18:44                      12
/opt/airflow/dags/ml_forecasting_pipeline_dag.py                           1           0  0.13s           2026-03-06T00:18:46                      12
================================================================================
[2026-03-06T00:19:23.879+0000] {manager.py:1008} INFO - 
================================================================================
DAG File Processing Stats

File Path                                         PID    Runtime      # DAGs    # Errors  Last Runtime    Last Run               Last # of DB Queries
------------------------------------------------  -----  ---------  --------  ----------  --------------  -------------------  ----------------------
/opt/airflow/dags/weather_etl_dag.py                                       1           0  0.21s           2026-03-06T00:19:14                      12
/opt/airflow/dags/ml_forecasting_pipeline_dag.py                           1           0  0.14s           2026-03-06T00:19:16                      12
================================================================================
[2026-03-06T00:19:54.520+0000] {manager.py:1008} INFO - 
================================================================================
DAG File Processing Stats

File Path                                         PID    Runtime      # DAGs    # Errors  Last Runtime    Last Run               Last # of DB Queries
------------------------------------------------  -----  ---------  --------  ----------  --------------  -------------------  ----------------------
/opt/airflow/dags/weather_etl_dag.py                                       1           0  0.17s           2026-03-06T00:19:45                      12
/opt/airflow/dags/ml_forecasting_pipeline_dag.py                           1           0  0.14s           2026-03-06T00:19:47                      12
================================================================================
[2026-03-06T00:20:25.221+0000] {manager.py:1008} INFO - 
================================================================================
DAG File Processing Stats

File Path                                         PID    Runtime      # DAGs    # Errors  Last Runtime    Last Run               Last # of DB Queries
------------------------------------------------  -----  ---------  --------  ----------  --------------  -------------------  ----------------------
/opt/airflow/dags/ml_forecasting_pipeline_dag.py                           1           0  0.23s           2026-03-06T00:20:18                      12
/opt/airflow/dags/weather_etl_dag.py                                       1           0  0.21s           2026-03-06T00:20:16                      12
================================================================================
[2026-03-06T00:20:55.672+0000] {manager.py:1008} INFO - 
================================================================================
DAG File Processing Stats

File Path                                         PID    Runtime      # DAGs    # Errors  Last Runtime    Last Run               Last # of DB Queries
------------------------------------------------  -----  ---------  --------  ----------  --------------  -------------------  ----------------------
/opt/airflow/dags/weather_etl_dag.py                                       1           0  0.17s           2026-03-06T00:20:46                      12
/opt/airflow/dags/ml_forecasting_pipeline_dag.py                           1           0  0.15s           2026-03-06T00:20:48                      12
================================================================================
[2026-03-06T00:21:26.321+0000] {manager.py:1008} INFO - 
================================================================================
DAG File Processing Stats

File Path                                         PID    Runtime      # DAGs    # Errors  Last Runtime    Last Run               Last # of DB Queries
------------------------------------------------  -----  ---------  --------  ----------  --------------  -------------------  ----------------------
/opt/airflow/dags/weather_etl_dag.py                                       1           0  0.20s           2026-03-06T00:21:17                      12
/opt/airflow/dags/ml_forecasting_pipeline_dag.py                           1           0  0.19s           2026-03-06T00:21:19                      12
================================================================================
[2026-03-06T00:21:38.484+0000] {manager.py:832} INFO - Searching for files in /opt/airflow/dags
[2026-03-06T00:21:38.495+0000] {manager.py:835} INFO - There are 2 files in /opt/airflow/dags
[2026-03-06T00:21:56.929+0000] {manager.py:1008} INFO - 
================================================================================
DAG File Processing Stats

File Path                                         PID    Runtime      # DAGs    # Errors  Last Runtime    Last Run               Last # of DB Queries
------------------------------------------------  -----  ---------  --------  ----------  --------------  -------------------  ----------------------
/opt/airflow/dags/weather_etl_dag.py                                       1           0  0.14s           2026-03-06T00:21:47                      12
/opt/airflow/dags/ml_forecasting_pipeline_dag.py                           1           0  0.14s           2026-03-06T00:21:49                      12
================================================================================
[2026-03-06T00:22:27.571+0000] {manager.py:1008} INFO - 
================================================================================
DAG File Processing Stats

File Path                                         PID    Runtime      # DAGs    # Errors  Last Runtime    Last Run               Last # of DB Queries
------------------------------------------------  -----  ---------  --------  ----------  --------------  -------------------  ----------------------
/opt/airflow/dags/weather_etl_dag.py                                       1           0  0.20s           2026-03-06T00:22:18                      12
/opt/airflow/dags/ml_forecasting_pipeline_dag.py                           1           0  0.16s           2026-03-06T00:22:20                      12
================================================================================
[2026-03-06T00:22:58.154+0000] {manager.py:1008} INFO - 
================================================================================
DAG File Processing Stats

File Path                                         PID    Runtime      # DAGs    # Errors  Last Runtime    Last Run               Last # of DB Queries
------------------------------------------------  -----  ---------  --------  ----------  --------------  -------------------  ----------------------
/opt/airflow/dags/ml_forecasting_pipeline_dag.py                           1           0  0.17s           2026-03-06T00:22:51                      12
/opt/airflow/dags/weather_etl_dag.py                                       1           0  0.14s           2026-03-06T00:22:49                      12
================================================================================
[2026-03-06T00:23:28.746+0000] {manager.py:1008} INFO - 
================================================================================
DAG File Processing Stats

File Path                                         PID    Runtime      # DAGs    # Errors  Last Runtime    Last Run               Last # of DB Queries
------------------------------------------------  -----  ---------  --------  ----------  --------------  -------------------  ----------------------
/opt/airflow/dags/ml_forecasting_pipeline_dag.py                           1           0  0.18s           2026-03-06T00:23:21                      12
/opt/airflow/dags/weather_etl_dag.py                                       1           0  0.15s           2026-03-06T00:23:19                      12
================================================================================
[2026-03-06T00:23:59.315+0000] {manager.py:1008} INFO - 
================================================================================
DAG File Processing Stats

File Path                                         PID    Runtime      # DAGs    # Errors  Last Runtime    Last Run               Last # of DB Queries
------------------------------------------------  -----  ---------  --------  ----------  --------------  -------------------  ----------------------
/opt/airflow/dags/weather_etl_dag.py                                       1           0  0.18s           2026-03-06T00:23:50                      12
/opt/airflow/dags/ml_forecasting_pipeline_dag.py                           1           0  0.16s           2026-03-06T00:23:52                      12
================================================================================
[2026-03-06T00:25:15.084+0000] {manager.py:486} INFO - Processing files using up to 2 processes at a time 
[2026-03-06T00:25:15.085+0000] {manager.py:487} INFO - Process each file at most once every 30 seconds
[2026-03-06T00:25:15.086+0000] {manager.py:488} INFO - Checking for new files in /opt/airflow/dags every 300 seconds
[2026-03-06T00:25:15.087+0000] {manager.py:832} INFO - Searching for files in /opt/airflow/dags
[2026-03-06T00:25:15.112+0000] {manager.py:835} INFO - There are 2 files in /opt/airflow/dags
[2026-03-06T00:25:17.403+0000] {manager.py:1008} INFO - 
================================================================================
DAG File Processing Stats

File Path                                           PID  Runtime      # DAGs    # Errors  Last Runtime    Last Run      Last # of DB Queries
------------------------------------------------  -----  ---------  --------  ----------  --------------  ----------  ----------------------
/opt/airflow/dags/ml_forecasting_pipeline_dag.py    213  0.05s             0           0                                                   0
/opt/airflow/dags/weather_etl_dag.py                216  0.03s             0           0                                                   0
================================================================================
[2026-03-06T00:25:47.895+0000] {manager.py:1008} INFO - 
================================================================================
DAG File Processing Stats

File Path                                           PID  Runtime      # DAGs    # Errors  Last Runtime    Last Run               Last # of DB Queries
------------------------------------------------  -----  ---------  --------  ----------  --------------  -------------------  ----------------------
/opt/airflow/dags/ml_forecasting_pipeline_dag.py    251  0.09s             1           0  0.28s           2026-03-06T00:25:17                      12
/opt/airflow/dags/weather_etl_dag.py                254  0.03s             1           0  0.22s           2026-03-06T00:25:17                      12
================================================================================
[2026-03-06T00:26:18.859+0000] {manager.py:1008} INFO - 
================================================================================
DAG File Processing Stats

File Path                                           PID  Runtime      # DAGs    # Errors  Last Runtime    Last Run               Last # of DB Queries
------------------------------------------------  -----  ---------  --------  ----------  --------------  -------------------  ----------------------
/opt/airflow/dags/ml_forecasting_pipeline_dag.py    267  0.02s             1           0  0.62s           2026-03-06T00:25:48                      12
/opt/airflow/dags/weather_etl_dag.py                270  0.00s             1           0  0.52s           2026-03-06T00:25:48                      12
================================================================================
[2026-03-06T00:26:49.274+0000] {manager.py:1008} INFO - 
================================================================================
DAG File Processing Stats

File Path                                           PID  Runtime      # DAGs    # Errors  Last Runtime    Last Run               Last # of DB Queries
------------------------------------------------  -----  ---------  --------  ----------  --------------  -------------------  ----------------------
/opt/airflow/dags/ml_forecasting_pipeline_dag.py    283  0.02s             1           0  0.16s           2026-03-06T00:26:18                      12
/opt/airflow/dags/weather_etl_dag.py                286  0.00s             1           0  0.15s           2026-03-06T00:26:19                      12
================================================================================
[2026-03-06T00:27:19.744+0000] {manager.py:1008} INFO - 
================================================================================
DAG File Processing Stats

File Path                                           PID  Runtime      # DAGs    # Errors  Last Runtime    Last Run               Last # of DB Queries
------------------------------------------------  -----  ---------  --------  ----------  --------------  -------------------  ----------------------
/opt/airflow/dags/ml_forecasting_pipeline_dag.py    299  0.03s             1           0  0.18s           2026-03-06T00:26:49                      12
/opt/airflow/dags/weather_etl_dag.py                302  0.01s             1           0  0.16s           2026-03-06T00:26:49                      12
================================================================================
[2026-03-06T00:27:50.210+0000] {manager.py:1008} INFO - 
================================================================================
DAG File Processing Stats

File Path                                           PID  Runtime      # DAGs    # Errors  Last Runtime    Last Run               Last # of DB Queries
------------------------------------------------  -----  ---------  --------  ----------  --------------  -------------------  ----------------------
/opt/airflow/dags/ml_forecasting_pipeline_dag.py    316  0.02s             1           0  0.15s           2026-03-06T00:27:19                      12
/opt/airflow/dags/weather_etl_dag.py                319  0.00s             1           0  0.15s           2026-03-06T00:27:19                      12
================================================================================
[2026-03-06T00:28:20.602+0000] {manager.py:1008} INFO - 
================================================================================
DAG File Processing Stats

File Path                                           PID  Runtime      # DAGs    # Errors  Last Runtime    Last Run               Last # of DB Queries
------------------------------------------------  -----  ---------  --------  ----------  --------------  -------------------  ----------------------
/opt/airflow/dags/ml_forecasting_pipeline_dag.py    332  0.02s             1           0  0.16s           2026-03-06T00:27:50                      12
/opt/airflow/dags/weather_etl_dag.py                335  0.00s             1           0  0.15s           2026-03-06T00:27:50                      12
================================================================================
[2026-03-06T00:28:51.189+0000] {manager.py:1008} INFO - 
================================================================================
DAG File Processing Stats

File Path                                           PID  Runtime      # DAGs    # Errors  Last Runtime    Last Run               Last # of DB Queries
------------------------------------------------  -----  ---------  --------  ----------  --------------  -------------------  ----------------------
/opt/airflow/dags/ml_forecasting_pipeline_dag.py    350  0.03s             1           0  0.20s           2026-03-06T00:28:20                      12
/opt/airflow/dags/weather_etl_dag.py                353  0.00s             1           0  0.19s           2026-03-06T00:28:20                      12
================================================================================
[2026-03-06T00:30:19.902+0000] {manager.py:486} INFO - Processing files using up to 2 processes at a time 
[2026-03-06T00:30:19.902+0000] {manager.py:487} INFO - Process each file at most once every 30 seconds
[2026-03-06T00:30:19.903+0000] {manager.py:488} INFO - Checking for new files in /opt/airflow/dags every 300 seconds
[2026-03-06T00:30:19.903+0000] {manager.py:832} INFO - Searching for files in /opt/airflow/dags
[2026-03-06T00:30:19.925+0000] {manager.py:835} INFO - There are 2 files in /opt/airflow/dags
[2026-03-06T00:30:21.527+0000] {manager.py:1008} INFO - 
================================================================================
DAG File Processing Stats

File Path                                           PID  Runtime      # DAGs    # Errors  Last Runtime    Last Run      Last # of DB Queries
------------------------------------------------  -----  ---------  --------  ----------  --------------  ----------  ----------------------
/opt/airflow/dags/ml_forecasting_pipeline_dag.py    213  0.05s             0           0                                                   0
/opt/airflow/dags/weather_etl_dag.py                216  0.03s             0           0                                                   0
================================================================================
[2026-03-06T00:30:51.944+0000] {manager.py:1008} INFO - 
================================================================================
DAG File Processing Stats

File Path                                           PID  Runtime      # DAGs    # Errors  Last Runtime    Last Run               Last # of DB Queries
------------------------------------------------  -----  ---------  --------  ----------  --------------  -------------------  ----------------------
/opt/airflow/dags/ml_forecasting_pipeline_dag.py    251  0.03s             1           0  0.34s           2026-03-06T00:30:21                      45
/opt/airflow/dags/weather_etl_dag.py                254  0.01s             1           0  0.33s           2026-03-06T00:30:21                      45
================================================================================
[2026-03-06T00:31:22.418+0000] {manager.py:1008} INFO - 
================================================================================
DAG File Processing Stats

File Path                                           PID  Runtime      # DAGs    # Errors  Last Runtime    Last Run               Last # of DB Queries
------------------------------------------------  -----  ---------  --------  ----------  --------------  -------------------  ----------------------
/opt/airflow/dags/ml_forecasting_pipeline_dag.py    267  0.02s             1           0  0.16s           2026-03-06T00:30:52                      12
/opt/airflow/dags/weather_etl_dag.py                270  0.00s             1           0  0.13s           2026-03-06T00:30:52                      12
================================================================================
[2026-03-06T00:31:52.968+0000] {manager.py:1008} INFO - 
================================================================================
DAG File Processing Stats

File Path                                           PID  Runtime      # DAGs    # Errors  Last Runtime    Last Run               Last # of DB Queries
------------------------------------------------  -----  ---------  --------  ----------  --------------  -------------------  ----------------------
/opt/airflow/dags/ml_forecasting_pipeline_dag.py    283  0.04s             1           0  0.15s           2026-03-06T00:31:22                      12
/opt/airflow/dags/weather_etl_dag.py                286  0.00s             1           0  0.14s           2026-03-06T00:31:22                      12
================================================================================
[2026-03-06T00:32:23.470+0000] {manager.py:1008} INFO - 
================================================================================
DAG File Processing Stats

File Path                                           PID  Runtime      # DAGs    # Errors  Last Runtime    Last Run               Last # of DB Queries
------------------------------------------------  -----  ---------  --------  ----------  --------------  -------------------  ----------------------
/opt/airflow/dags/ml_forecasting_pipeline_dag.py    299  0.02s             1           0  0.18s           2026-03-06T00:31:53                      12
/opt/airflow/dags/weather_etl_dag.py                302  0.00s             1           0  0.13s           2026-03-06T00:31:53                      12
================================================================================
[2026-03-06T00:32:53.922+0000] {manager.py:1008} INFO - 
================================================================================
DAG File Processing Stats

File Path                                           PID  Runtime      # DAGs    # Errors  Last Runtime    Last Run               Last # of DB Queries
------------------------------------------------  -----  ---------  --------  ----------  --------------  -------------------  ----------------------
/opt/airflow/dags/ml_forecasting_pipeline_dag.py    316  0.02s             1           0  0.15s           2026-03-06T00:32:23                      12
/opt/airflow/dags/weather_etl_dag.py                319  0.00s             1           0  0.14s           2026-03-06T00:32:23                      12
================================================================================
[2026-03-06T00:33:24.319+0000] {manager.py:1008} INFO - 
================================================================================
DAG File Processing Stats

File Path                                           PID  Runtime      # DAGs    # Errors  Last Runtime    Last Run               Last # of DB Queries
------------------------------------------------  -----  ---------  --------  ----------  --------------  -------------------  ----------------------
/opt/airflow/dags/ml_forecasting_pipeline_dag.py    332  0.03s             1           0  0.17s           2026-03-06T00:32:54                      12
/opt/airflow/dags/weather_etl_dag.py                335  0.01s             1           0  0.16s           2026-03-06T00:32:54                      12
================================================================================
[2026-03-06T00:33:54.793+0000] {manager.py:1008} INFO - 
================================================================================
DAG File Processing Stats

File Path                                           PID  Runtime      # DAGs    # Errors  Last Runtime    Last Run               Last # of DB Queries
------------------------------------------------  -----  ---------  --------  ----------  --------------  -------------------  ----------------------
/opt/airflow/dags/ml_forecasting_pipeline_dag.py    348  0.03s             1           0  0.17s           2026-03-06T00:33:24                      12
/opt/airflow/dags/weather_etl_dag.py                351  0.01s             1           0  0.16s           2026-03-06T00:33:24                      12
================================================================================
[2026-03-06T00:34:25.229+0000] {manager.py:1008} INFO - 
================================================================================
DAG File Processing Stats

File Path                                           PID  Runtime      # DAGs    # Errors  Last Runtime    Last Run               Last # of DB Queries
------------------------------------------------  -----  ---------  --------  ----------  --------------  -------------------  ----------------------
/opt/airflow/dags/ml_forecasting_pipeline_dag.py    364  0.02s             1           0  0.20s           2026-03-06T00:33:54                      12
/opt/airflow/dags/weather_etl_dag.py                367  0.00s             1           0  0.17s           2026-03-06T00:33:54                      12
================================================================================
[2026-03-06T00:34:55.703+0000] {manager.py:1008} INFO - 
================================================================================
DAG File Processing Stats

File Path                                           PID  Runtime      # DAGs    # Errors  Last Runtime    Last Run               Last # of DB Queries
------------------------------------------------  -----  ---------  --------  ----------  --------------  -------------------  ----------------------
/opt/airflow/dags/ml_forecasting_pipeline_dag.py    380  0.02s             1           0  0.18s           2026-03-06T00:34:25                      12
/opt/airflow/dags/weather_etl_dag.py                383  0.00s             1           0  0.15s           2026-03-06T00:34:25                      12
================================================================================
[2026-03-06T00:35:20.141+0000] {manager.py:832} INFO - Searching for files in /opt/airflow/dags
[2026-03-06T00:35:20.191+0000] {manager.py:835} INFO - There are 2 files in /opt/airflow/dags
[2026-03-06T00:35:26.296+0000] {manager.py:1008} INFO - 
================================================================================
DAG File Processing Stats

File Path                                           PID  Runtime      # DAGs    # Errors  Last Runtime    Last Run               Last # of DB Queries
------------------------------------------------  -----  ---------  --------  ----------  --------------  -------------------  ----------------------
/opt/airflow/dags/ml_forecasting_pipeline_dag.py    397  0.02s             1           0  0.15s           2026-03-06T00:34:55                      12
/opt/airflow/dags/weather_etl_dag.py                400  0.00s             1           0  0.14s           2026-03-06T00:34:55                      12
================================================================================
[2026-03-06T00:35:56.623+0000] {manager.py:1008} INFO - 
================================================================================
DAG File Processing Stats

File Path                                           PID  Runtime      # DAGs    # Errors  Last Runtime    Last Run               Last # of DB Queries
------------------------------------------------  -----  ---------  --------  ----------  --------------  -------------------  ----------------------
/opt/airflow/dags/ml_forecasting_pipeline_dag.py    413  0.02s             1           0  0.16s           2026-03-06T00:35:26                      12
/opt/airflow/dags/weather_etl_dag.py                416  0.01s             1           0  0.15s           2026-03-06T00:35:26                      12
================================================================================
[2026-03-06T00:36:27.241+0000] {manager.py:1008} INFO - 
================================================================================
DAG File Processing Stats

File Path                                           PID  Runtime      # DAGs    # Errors  Last Runtime    Last Run               Last # of DB Queries
------------------------------------------------  -----  ---------  --------  ----------  --------------  -------------------  ----------------------
/opt/airflow/dags/ml_forecasting_pipeline_dag.py    429  0.03s             1           0  0.18s           2026-03-06T00:35:56                      12
/opt/airflow/dags/weather_etl_dag.py                432  0.00s             1           0  0.17s           2026-03-06T00:35:56                      12
================================================================================
[2026-03-06T00:36:57.669+0000] {manager.py:1008} INFO - 
================================================================================
DAG File Processing Stats

File Path                                           PID  Runtime      # DAGs    # Errors  Last Runtime    Last Run               Last # of DB Queries
------------------------------------------------  -----  ---------  --------  ----------  --------------  -------------------  ----------------------
/opt/airflow/dags/ml_forecasting_pipeline_dag.py    445  0.02s             1           0  0.17s           2026-03-06T00:36:27                      12
/opt/airflow/dags/weather_etl_dag.py                448  0.00s             1           0  0.14s           2026-03-06T00:36:27                      12
================================================================================
[2026-03-06T00:37:28.636+0000] {manager.py:486} INFO - Processing files using up to 2 processes at a time 
[2026-03-06T00:37:28.637+0000] {manager.py:487} INFO - Process each file at most once every 30 seconds
[2026-03-06T00:37:28.639+0000] {manager.py:488} INFO - Checking for new files in /opt/airflow/dags every 300 seconds
[2026-03-06T00:37:28.640+0000] {manager.py:832} INFO - Searching for files in /opt/airflow/dags
[2026-03-06T00:37:28.718+0000] {manager.py:835} INFO - There are 2 files in /opt/airflow/dags
[2026-03-06T00:37:31.569+0000] {manager.py:1008} INFO - 
================================================================================
DAG File Processing Stats

File Path                                           PID  Runtime      # DAGs    # Errors  Last Runtime    Last Run      Last # of DB Queries
------------------------------------------------  -----  ---------  --------  ----------  --------------  ----------  ----------------------
/opt/airflow/dags/ml_forecasting_pipeline_dag.py    213  0.06s             0           0                                                   0
/opt/airflow/dags/weather_etl_dag.py                216  0.04s             0           0                                                   0
================================================================================
[2026-03-06T00:38:01.987+0000] {manager.py:1008} INFO - 
================================================================================
DAG File Processing Stats

File Path                                           PID  Runtime      # DAGs    # Errors  Last Runtime    Last Run               Last # of DB Queries
------------------------------------------------  -----  ---------  --------  ----------  --------------  -------------------  ----------------------
/opt/airflow/dags/ml_forecasting_pipeline_dag.py    251  0.04s             1           0  0.24s           2026-03-06T00:37:31                      12
/opt/airflow/dags/weather_etl_dag.py                254  0.01s             1           0  0.23s           2026-03-06T00:37:31                      12
================================================================================
[2026-03-06T00:38:32.647+0000] {manager.py:1008} INFO - 
================================================================================
DAG File Processing Stats

File Path                                           PID  Runtime      # DAGs    # Errors  Last Runtime    Last Run               Last # of DB Queries
------------------------------------------------  -----  ---------  --------  ----------  --------------  -------------------  ----------------------
/opt/airflow/dags/ml_forecasting_pipeline_dag.py    267  0.02s             1           0  0.24s           2026-03-06T00:38:02                      12
/opt/airflow/dags/weather_etl_dag.py                270  0.00s             1           0  0.19s           2026-03-06T00:38:02                      12
================================================================================
[2026-03-06T00:39:03.143+0000] {manager.py:1008} INFO - 
================================================================================
DAG File Processing Stats

File Path                                           PID  Runtime      # DAGs    # Errors  Last Runtime    Last Run               Last # of DB Queries
------------------------------------------------  -----  ---------  --------  ----------  --------------  -------------------  ----------------------
/opt/airflow/dags/ml_forecasting_pipeline_dag.py    283  0.03s             1           0  0.16s           2026-03-06T00:38:32                      12
/opt/airflow/dags/weather_etl_dag.py                286  0.00s             1           0  0.15s           2026-03-06T00:38:32                      12
================================================================================
[2026-03-06T00:39:33.750+0000] {manager.py:1008} INFO - 
================================================================================
DAG File Processing Stats

File Path                                           PID  Runtime      # DAGs    # Errors  Last Runtime    Last Run               Last # of DB Queries
------------------------------------------------  -----  ---------  --------  ----------  --------------  -------------------  ----------------------
/opt/airflow/dags/ml_forecasting_pipeline_dag.py    299  0.02s             1           0  0.16s           2026-03-06T00:39:03                      12
/opt/airflow/dags/weather_etl_dag.py                302  0.00s             1           0  0.13s           2026-03-06T00:39:03                      12
================================================================================
[2026-03-06T00:40:04.190+0000] {manager.py:1008} INFO - 
================================================================================
DAG File Processing Stats

File Path                                           PID  Runtime      # DAGs    # Errors  Last Runtime    Last Run               Last # of DB Queries
------------------------------------------------  -----  ---------  --------  ----------  --------------  -------------------  ----------------------
/opt/airflow/dags/ml_forecasting_pipeline_dag.py    315  0.02s             1           0  0.20s           2026-03-06T00:39:33                      12
/opt/airflow/dags/weather_etl_dag.py                318  0.00s             1           0  0.19s           2026-03-06T00:39:33                      12
================================================================================
[2026-03-06T00:40:34.632+0000] {manager.py:1008} INFO - 
================================================================================
DAG File Processing Stats

File Path                                           PID  Runtime      # DAGs    # Errors  Last Runtime    Last Run               Last # of DB Queries
------------------------------------------------  -----  ---------  --------  ----------  --------------  -------------------  ----------------------
/opt/airflow/dags/ml_forecasting_pipeline_dag.py    343  0.02s             1           0  0.15s           2026-03-06T00:40:04                      12
/opt/airflow/dags/weather_etl_dag.py                346  0.00s             1           0  0.13s           2026-03-06T00:40:04                      12
================================================================================
[2026-03-06T00:41:05.063+0000] {manager.py:1008} INFO - 
================================================================================
DAG File Processing Stats

File Path                                           PID  Runtime      # DAGs    # Errors  Last Runtime    Last Run               Last # of DB Queries
------------------------------------------------  -----  ---------  --------  ----------  --------------  -------------------  ----------------------
/opt/airflow/dags/ml_forecasting_pipeline_dag.py    359  0.03s             1           0  0.16s           2026-03-06T00:40:34                      12
/opt/airflow/dags/weather_etl_dag.py                362  0.00s             1           0  0.15s           2026-03-06T00:40:34                      12
================================================================================
[2026-03-06T00:41:18.696+0000] {manager.py:486} INFO - Processing files using up to 2 processes at a time 
[2026-03-06T00:41:18.697+0000] {manager.py:487} INFO - Process each file at most once every 30 seconds
[2026-03-06T00:41:18.697+0000] {manager.py:488} INFO - Checking for new files in /opt/airflow/dags every 300 seconds
[2026-03-06T00:41:18.698+0000] {manager.py:832} INFO - Searching for files in /opt/airflow/dags
[2026-03-06T00:41:18.755+0000] {manager.py:835} INFO - There are 2 files in /opt/airflow/dags
[2026-03-06T00:41:19.451+0000] {manager.py:1008} INFO - 
================================================================================
DAG File Processing Stats

File Path                                           PID  Runtime      # DAGs    # Errors  Last Runtime    Last Run      Last # of DB Queries
------------------------------------------------  -----  ---------  --------  ----------  --------------  ----------  ----------------------
/opt/airflow/dags/ml_forecasting_pipeline_dag.py    536  0.04s             0           0                                                   0
/opt/airflow/dags/weather_etl_dag.py                539  0.03s             0           0                                                   0
================================================================================
[2026-03-06T00:41:35.507+0000] {manager.py:1008} INFO - 
================================================================================
DAG File Processing Stats

File Path                                           PID  Runtime      # DAGs    # Errors  Last Runtime    Last Run               Last # of DB Queries
------------------------------------------------  -----  ---------  --------  ----------  --------------  -------------------  ----------------------
/opt/airflow/dags/ml_forecasting_pipeline_dag.py    546  0.02s             1           0  0.16s           2026-03-06T00:41:05                      12
/opt/airflow/dags/weather_etl_dag.py                549  0.00s             1           0  0.14s           2026-03-06T00:41:05                      12
================================================================================
[2026-03-06T00:41:49.937+0000] {manager.py:1008} INFO - 
================================================================================
DAG File Processing Stats

File Path                                           PID  Runtime      # DAGs    # Errors  Last Runtime    Last Run               Last # of DB Queries
------------------------------------------------  -----  ---------  --------  ----------  --------------  -------------------  ----------------------
/opt/airflow/dags/ml_forecasting_pipeline_dag.py    562  0.02s             1           0  0.16s           2026-03-06T00:41:19                      12
/opt/airflow/dags/weather_etl_dag.py                565  0.00s             1           0  0.15s           2026-03-06T00:41:19                      12
================================================================================
[2026-03-06T00:42:06.069+0000] {manager.py:1008} INFO - 
================================================================================
DAG File Processing Stats

File Path                                           PID  Runtime      # DAGs    # Errors  Last Runtime    Last Run               Last # of DB Queries
------------------------------------------------  -----  ---------  --------  ----------  --------------  -------------------  ----------------------
/opt/airflow/dags/ml_forecasting_pipeline_dag.py    572  0.05s             1           0  0.15s           2026-03-06T00:41:35                      12
/opt/airflow/dags/weather_etl_dag.py                575  0.01s             1           0  0.14s           2026-03-06T00:41:35                      12
================================================================================
[2026-03-06T00:42:10.618+0000] {manager.py:468} INFO - Exiting gracefully upon receiving signal 15
[2026-03-06T00:42:29.396+0000] {manager.py:832} INFO - Searching for files in /opt/airflow/dags
[2026-03-06T00:42:29.444+0000] {manager.py:835} INFO - There are 2 files in /opt/airflow/dags
[2026-03-06T00:42:36.568+0000] {manager.py:1008} INFO - 
================================================================================
DAG File Processing Stats

File Path                                           PID  Runtime      # DAGs    # Errors  Last Runtime    Last Run               Last # of DB Queries
------------------------------------------------  -----  ---------  --------  ----------  --------------  -------------------  ----------------------
/opt/airflow/dags/ml_forecasting_pipeline_dag.py    657  0.02s             1           0  0.22s           2026-03-06T00:42:06                      12
/opt/airflow/dags/weather_etl_dag.py                660  0.00s             1           0  0.19s           2026-03-06T00:42:06                      12
================================================================================
[2026-03-06T00:43:08.864+0000] {manager.py:486} INFO - Processing files using up to 2 processes at a time 
[2026-03-06T00:43:08.865+0000] {manager.py:487} INFO - Process each file at most once every 30 seconds
[2026-03-06T00:43:08.866+0000] {manager.py:488} INFO - Checking for new files in /opt/airflow/dags every 300 seconds
[2026-03-06T00:43:08.867+0000] {manager.py:832} INFO - Searching for files in /opt/airflow/dags
[2026-03-06T00:43:08.923+0000] {manager.py:835} INFO - There are 2 files in /opt/airflow/dags
[2026-03-06T00:43:09.672+0000] {manager.py:1008} INFO - 
================================================================================
DAG File Processing Stats

File Path                                           PID  Runtime      # DAGs    # Errors  Last Runtime    Last Run      Last # of DB Queries
------------------------------------------------  -----  ---------  --------  ----------  --------------  ----------  ----------------------
/opt/airflow/dags/ml_forecasting_pipeline_dag.py    190  0.05s             0           0                                                   0
/opt/airflow/dags/weather_etl_dag.py                193  0.03s             0           0                                                   0
================================================================================
[2026-03-06T00:43:40.052+0000] {manager.py:1008} INFO - 
================================================================================
DAG File Processing Stats

File Path                                           PID  Runtime      # DAGs    # Errors  Last Runtime    Last Run               Last # of DB Queries
------------------------------------------------  -----  ---------  --------  ----------  --------------  -------------------  ----------------------
/opt/airflow/dags/ml_forecasting_pipeline_dag.py    229  0.02s             1           0  0.17s           2026-03-06T00:43:09                      12
/opt/airflow/dags/weather_etl_dag.py                232  0.00s             1           0  0.16s           2026-03-06T00:43:09                      12
================================================================================
[2026-03-06T00:44:10.365+0000] {manager.py:1008} INFO - 
================================================================================
DAG File Processing Stats

File Path                                           PID  Runtime      # DAGs    # Errors  Last Runtime    Last Run               Last # of DB Queries
------------------------------------------------  -----  ---------  --------  ----------  --------------  -------------------  ----------------------
/opt/airflow/dags/ml_forecasting_pipeline_dag.py    245  0.02s             1           0  0.16s           2026-03-06T00:43:40                      12
/opt/airflow/dags/weather_etl_dag.py                248  0.00s             1           0  0.14s           2026-03-06T00:43:40                      12
================================================================================
[2026-03-06T00:44:40.747+0000] {manager.py:1008} INFO - 
================================================================================
DAG File Processing Stats

File Path                                           PID  Runtime      # DAGs    # Errors  Last Runtime    Last Run               Last # of DB Queries
------------------------------------------------  -----  ---------  --------  ----------  --------------  -------------------  ----------------------
/opt/airflow/dags/ml_forecasting_pipeline_dag.py    261  0.02s             1           0  0.16s           2026-03-06T00:44:10                      12
/opt/airflow/dags/weather_etl_dag.py                264  0.00s             1           0  0.15s           2026-03-06T00:44:10                      12
================================================================================
[2026-03-06T00:45:11.151+0000] {manager.py:1008} INFO - 
================================================================================
DAG File Processing Stats

File Path                                           PID  Runtime      # DAGs    # Errors  Last Runtime    Last Run               Last # of DB Queries
------------------------------------------------  -----  ---------  --------  ----------  --------------  -------------------  ----------------------
/opt/airflow/dags/ml_forecasting_pipeline_dag.py    277  0.02s             1           0  0.14s           2026-03-06T00:44:40                      12
/opt/airflow/dags/weather_etl_dag.py                280  0.00s             1           0  0.13s           2026-03-06T00:44:40                      12
================================================================================
[2026-03-06T00:45:41.656+0000] {manager.py:1008} INFO - 
================================================================================
DAG File Processing Stats

File Path                                           PID  Runtime      # DAGs    # Errors  Last Runtime    Last Run               Last # of DB Queries
------------------------------------------------  -----  ---------  --------  ----------  --------------  -------------------  ----------------------
/opt/airflow/dags/ml_forecasting_pipeline_dag.py    293  0.02s             1           0  0.16s           2026-03-06T00:45:11                      12
/opt/airflow/dags/weather_etl_dag.py                296  0.00s             1           0  0.15s           2026-03-06T00:45:11                      12
================================================================================
[2026-03-06T00:46:12.127+0000] {manager.py:1008} INFO - 
================================================================================
DAG File Processing Stats

File Path                                           PID  Runtime      # DAGs    # Errors  Last Runtime    Last Run               Last # of DB Queries
------------------------------------------------  -----  ---------  --------  ----------  --------------  -------------------  ----------------------
/opt/airflow/dags/ml_forecasting_pipeline_dag.py    309  0.02s             1           0  0.15s           2026-03-06T00:45:41                      12
/opt/airflow/dags/weather_etl_dag.py                312  0.00s             1           0  0.13s           2026-03-06T00:45:41                      12
================================================================================
[2026-03-06T00:46:42.626+0000] {manager.py:1008} INFO - 
================================================================================
DAG File Processing Stats

File Path                                           PID  Runtime      # DAGs    # Errors  Last Runtime    Last Run               Last # of DB Queries
------------------------------------------------  -----  ---------  --------  ----------  --------------  -------------------  ----------------------
/opt/airflow/dags/ml_forecasting_pipeline_dag.py    326  0.03s             1           0  0.17s           2026-03-06T00:46:12                      12
/opt/airflow/dags/weather_etl_dag.py                329  0.01s             1           0  0.14s           2026-03-06T00:46:12                      12
================================================================================
[2026-03-06T00:47:13.127+0000] {manager.py:1008} INFO - 
================================================================================
DAG File Processing Stats

File Path                                           PID  Runtime      # DAGs    # Errors  Last Runtime    Last Run               Last # of DB Queries
------------------------------------------------  -----  ---------  --------  ----------  --------------  -------------------  ----------------------
/opt/airflow/dags/ml_forecasting_pipeline_dag.py    342  0.02s             1           0  0.23s           2026-03-06T00:46:42                      12
/opt/airflow/dags/weather_etl_dag.py                345  0.00s             1           0  0.22s           2026-03-06T00:46:42                      12
================================================================================
[2026-03-06T00:47:43.614+0000] {manager.py:1008} INFO - 
================================================================================
DAG File Processing Stats

File Path                                           PID  Runtime      # DAGs    # Errors  Last Runtime    Last Run               Last # of DB Queries
------------------------------------------------  -----  ---------  --------  ----------  --------------  -------------------  ----------------------
/opt/airflow/dags/ml_forecasting_pipeline_dag.py    358  0.02s             1           0  0.15s           2026-03-06T00:47:13                      12
/opt/airflow/dags/weather_etl_dag.py                361  0.00s             1           0  0.14s           2026-03-06T00:47:13                      12
================================================================================
[2026-03-06T00:48:08.965+0000] {manager.py:832} INFO - Searching for files in /opt/airflow/dags
[2026-03-06T00:48:09.033+0000] {manager.py:835} INFO - There are 2 files in /opt/airflow/dags
[2026-03-06T00:48:13.928+0000] {manager.py:1008} INFO - 
================================================================================
DAG File Processing Stats

File Path                                           PID  Runtime      # DAGs    # Errors  Last Runtime    Last Run               Last # of DB Queries
------------------------------------------------  -----  ---------  --------  ----------  --------------  -------------------  ----------------------
/opt/airflow/dags/ml_forecasting_pipeline_dag.py    374  0.02s             1           0  0.15s           2026-03-06T00:47:43                      12
/opt/airflow/dags/weather_etl_dag.py                377  0.00s             1           0  0.13s           2026-03-06T00:47:43                      12
================================================================================
[2026-03-06T00:48:44.313+0000] {manager.py:1008} INFO - 
================================================================================
DAG File Processing Stats

File Path                                           PID  Runtime      # DAGs    # Errors  Last Runtime    Last Run               Last # of DB Queries
------------------------------------------------  -----  ---------  --------  ----------  --------------  -------------------  ----------------------
/opt/airflow/dags/ml_forecasting_pipeline_dag.py    390  0.01s             1           0  0.15s           2026-03-06T00:48:14                      12
/opt/airflow/dags/weather_etl_dag.py                393  0.00s             1           0  0.14s           2026-03-06T00:48:14                      12
================================================================================
[2026-03-06T00:49:14.750+0000] {manager.py:1008} INFO - 
================================================================================
DAG File Processing Stats

File Path                                           PID  Runtime      # DAGs    # Errors  Last Runtime    Last Run               Last # of DB Queries
------------------------------------------------  -----  ---------  --------  ----------  --------------  -------------------  ----------------------
/opt/airflow/dags/ml_forecasting_pipeline_dag.py    406  0.02s             1           0  0.15s           2026-03-06T00:48:44                      12
/opt/airflow/dags/weather_etl_dag.py                409  0.00s             1           0  0.14s           2026-03-06T00:48:44                      12
================================================================================
[2026-03-06T00:49:45.106+0000] {manager.py:1008} INFO - 
================================================================================
DAG File Processing Stats

File Path                                           PID  Runtime      # DAGs    # Errors  Last Runtime    Last Run               Last # of DB Queries
------------------------------------------------  -----  ---------  --------  ----------  --------------  -------------------  ----------------------
/opt/airflow/dags/ml_forecasting_pipeline_dag.py    422  0.02s             1           0  0.16s           2026-03-06T00:49:14                      12
/opt/airflow/dags/weather_etl_dag.py                425  0.00s             1           0  0.14s           2026-03-06T00:49:14                      12
================================================================================
[2026-03-06T00:50:15.529+0000] {manager.py:1008} INFO - 
================================================================================
DAG File Processing Stats

File Path                                           PID  Runtime      # DAGs    # Errors  Last Runtime    Last Run               Last # of DB Queries
------------------------------------------------  -----  ---------  --------  ----------  --------------  -------------------  ----------------------
/opt/airflow/dags/ml_forecasting_pipeline_dag.py    438  0.02s             1           0  0.16s           2026-03-06T00:49:45                      12
/opt/airflow/dags/weather_etl_dag.py                441  0.00s             1           0  0.13s           2026-03-06T00:49:45                      12
================================================================================
[2026-03-06T00:50:45.885+0000] {manager.py:1008} INFO - 
================================================================================
DAG File Processing Stats

File Path                                           PID  Runtime      # DAGs    # Errors  Last Runtime    Last Run               Last # of DB Queries
------------------------------------------------  -----  ---------  --------  ----------  --------------  -------------------  ----------------------
/opt/airflow/dags/ml_forecasting_pipeline_dag.py    454  0.05s             1           0  0.16s           2026-03-06T00:50:15                      12
/opt/airflow/dags/weather_etl_dag.py                457  0.01s             1           0  0.14s           2026-03-06T00:50:15                      12
================================================================================
[2026-03-06T00:51:16.235+0000] {manager.py:1008} INFO - 
================================================================================
DAG File Processing Stats

File Path                                           PID  Runtime      # DAGs    # Errors  Last Runtime    Last Run               Last # of DB Queries
------------------------------------------------  -----  ---------  --------  ----------  --------------  -------------------  ----------------------
/opt/airflow/dags/ml_forecasting_pipeline_dag.py    470  0.02s             1           0  0.23s           2026-03-06T00:50:46                      12
/opt/airflow/dags/weather_etl_dag.py                473  0.00s             1           0  0.18s           2026-03-06T00:50:46                      12
================================================================================
[2026-03-06T00:51:46.827+0000] {manager.py:1008} INFO - 
================================================================================
DAG File Processing Stats

File Path                                           PID  Runtime      # DAGs    # Errors  Last Runtime    Last Run               Last # of DB Queries
------------------------------------------------  -----  ---------  --------  ----------  --------------  -------------------  ----------------------
/opt/airflow/dags/ml_forecasting_pipeline_dag.py    486  0.03s             1           0  0.16s           2026-03-06T00:51:16                      12
/opt/airflow/dags/weather_etl_dag.py                489  0.00s             1           0  0.15s           2026-03-06T00:51:16                      12
================================================================================
[2026-03-06T00:52:17.418+0000] {manager.py:1008} INFO - 
================================================================================
DAG File Processing Stats

File Path                                           PID  Runtime      # DAGs    # Errors  Last Runtime    Last Run               Last # of DB Queries
------------------------------------------------  -----  ---------  --------  ----------  --------------  -------------------  ----------------------
/opt/airflow/dags/ml_forecasting_pipeline_dag.py    502  0.04s             1           0  0.16s           2026-03-06T00:51:46                      12
/opt/airflow/dags/weather_etl_dag.py                505  0.01s             1           0  0.13s           2026-03-06T00:51:46                      12
================================================================================
[2026-03-06T00:52:47.857+0000] {manager.py:1008} INFO - 
================================================================================
DAG File Processing Stats

File Path                                           PID  Runtime      # DAGs    # Errors  Last Runtime    Last Run               Last # of DB Queries
------------------------------------------------  -----  ---------  --------  ----------  --------------  -------------------  ----------------------
/opt/airflow/dags/ml_forecasting_pipeline_dag.py    519  0.03s             1           0  0.23s           2026-03-06T00:52:17                      12
/opt/airflow/dags/weather_etl_dag.py                522  0.01s             1           0  0.19s           2026-03-06T00:52:17                      12
================================================================================
[2026-03-06T00:53:09.231+0000] {manager.py:832} INFO - Searching for files in /opt/airflow/dags
[2026-03-06T00:53:09.278+0000] {manager.py:835} INFO - There are 2 files in /opt/airflow/dags
[2026-03-06T00:53:18.478+0000] {manager.py:1008} INFO - 
================================================================================
DAG File Processing Stats

File Path                                           PID  Runtime      # DAGs    # Errors  Last Runtime    Last Run               Last # of DB Queries
------------------------------------------------  -----  ---------  --------  ----------  --------------  -------------------  ----------------------
/opt/airflow/dags/ml_forecasting_pipeline_dag.py    535  0.03s             1           0  0.16s           2026-03-06T00:52:47                      12
/opt/airflow/dags/weather_etl_dag.py                538  0.01s             1           0  0.13s           2026-03-06T00:52:47                      12
================================================================================
[2026-03-06T00:53:48.957+0000] {manager.py:1008} INFO - 
================================================================================
DAG File Processing Stats

File Path                                           PID  Runtime      # DAGs    # Errors  Last Runtime    Last Run               Last # of DB Queries
------------------------------------------------  -----  ---------  --------  ----------  --------------  -------------------  ----------------------
/opt/airflow/dags/ml_forecasting_pipeline_dag.py    552  0.03s             1           0  0.29s           2026-03-06T00:53:18                      12
/opt/airflow/dags/weather_etl_dag.py                555  0.01s             1           0  0.26s           2026-03-06T00:53:18                      12
================================================================================
[2026-03-06T00:54:19.524+0000] {manager.py:1008} INFO - 
================================================================================
DAG File Processing Stats

File Path                                           PID  Runtime      # DAGs    # Errors  Last Runtime    Last Run               Last # of DB Queries
------------------------------------------------  -----  ---------  --------  ----------  --------------  -------------------  ----------------------
/opt/airflow/dags/ml_forecasting_pipeline_dag.py    568  0.02s             1           0  0.17s           2026-03-06T00:53:49                      12
/opt/airflow/dags/weather_etl_dag.py                571  0.01s             1           0  0.16s           2026-03-06T00:53:49                      12
================================================================================
[2026-03-06T00:54:49.896+0000] {manager.py:1008} INFO - 
================================================================================
DAG File Processing Stats

File Path                                           PID  Runtime      # DAGs    # Errors  Last Runtime    Last Run               Last # of DB Queries
------------------------------------------------  -----  ---------  --------  ----------  --------------  -------------------  ----------------------
/opt/airflow/dags/ml_forecasting_pipeline_dag.py    584  0.03s             1           0  0.17s           2026-03-06T00:54:19                      12
/opt/airflow/dags/weather_etl_dag.py                587  0.01s             1           0  0.16s           2026-03-06T00:54:19                      12
================================================================================
[2026-03-06T00:55:20.387+0000] {manager.py:1008} INFO - 
================================================================================
DAG File Processing Stats

File Path                                           PID  Runtime      # DAGs    # Errors  Last Runtime    Last Run               Last # of DB Queries
------------------------------------------------  -----  ---------  --------  ----------  --------------  -------------------  ----------------------
/opt/airflow/dags/ml_forecasting_pipeline_dag.py    600  0.02s             1           0  0.16s           2026-03-06T00:54:50                      12
/opt/airflow/dags/weather_etl_dag.py                603  0.00s             1           0  0.14s           2026-03-06T00:54:50                      12
================================================================================
[2026-03-06T00:55:50.768+0000] {manager.py:1008} INFO - 
================================================================================
DAG File Processing Stats

File Path                                           PID  Runtime      # DAGs    # Errors  Last Runtime    Last Run               Last # of DB Queries
------------------------------------------------  -----  ---------  --------  ----------  --------------  -------------------  ----------------------
/opt/airflow/dags/ml_forecasting_pipeline_dag.py    615  0.02s             1           0  0.18s           2026-03-06T00:55:20                      12
/opt/airflow/dags/weather_etl_dag.py                618  0.01s             1           0  0.14s           2026-03-06T00:55:20                      12
================================================================================
[2026-03-06T00:56:21.170+0000] {manager.py:1008} INFO - 
================================================================================
DAG File Processing Stats

File Path                                           PID  Runtime      # DAGs    # Errors  Last Runtime    Last Run               Last # of DB Queries
------------------------------------------------  -----  ---------  --------  ----------  --------------  -------------------  ----------------------
/opt/airflow/dags/ml_forecasting_pipeline_dag.py    631  0.02s             1           0  0.14s           2026-03-06T00:55:50                      12
/opt/airflow/dags/weather_etl_dag.py                634  0.00s             1           0  0.14s           2026-03-06T00:55:50                      12
================================================================================
[2026-03-06T00:56:51.644+0000] {manager.py:1008} INFO - 
================================================================================
DAG File Processing Stats

File Path                                           PID  Runtime      # DAGs    # Errors  Last Runtime    Last Run               Last # of DB Queries
------------------------------------------------  -----  ---------  --------  ----------  --------------  -------------------  ----------------------
/opt/airflow/dags/ml_forecasting_pipeline_dag.py    647  0.03s             1           0  0.16s           2026-03-06T00:56:21                      12
/opt/airflow/dags/weather_etl_dag.py                650  0.01s             1           0  0.13s           2026-03-06T00:56:21                      12
================================================================================
[2026-03-06T00:57:22.022+0000] {manager.py:1008} INFO - 
================================================================================
DAG File Processing Stats

File Path                                           PID  Runtime      # DAGs    # Errors  Last Runtime    Last Run               Last # of DB Queries
------------------------------------------------  -----  ---------  --------  ----------  --------------  -------------------  ----------------------
/opt/airflow/dags/ml_forecasting_pipeline_dag.py    663  0.02s             1           0  0.15s           2026-03-06T00:56:51                      12
/opt/airflow/dags/weather_etl_dag.py                666  0.00s             1           0  0.13s           2026-03-06T00:56:51                      12
================================================================================
[2026-03-06T00:57:52.373+0000] {manager.py:1008} INFO - 
================================================================================
DAG File Processing Stats

File Path                                           PID  Runtime      # DAGs    # Errors  Last Runtime    Last Run               Last # of DB Queries
------------------------------------------------  -----  ---------  --------  ----------  --------------  -------------------  ----------------------
/opt/airflow/dags/ml_forecasting_pipeline_dag.py    679  0.02s             1           0  0.15s           2026-03-06T00:57:22                      12
/opt/airflow/dags/weather_etl_dag.py                682  0.00s             1           0  0.13s           2026-03-06T00:57:22                      12
================================================================================
[2026-03-06T00:58:09.557+0000] {manager.py:832} INFO - Searching for files in /opt/airflow/dags
[2026-03-06T00:58:09.595+0000] {manager.py:835} INFO - There are 2 files in /opt/airflow/dags
[2026-03-06T00:58:22.760+0000] {manager.py:1008} INFO - 
================================================================================
DAG File Processing Stats

File Path                                           PID  Runtime      # DAGs    # Errors  Last Runtime    Last Run               Last # of DB Queries
------------------------------------------------  -----  ---------  --------  ----------  --------------  -------------------  ----------------------
/opt/airflow/dags/ml_forecasting_pipeline_dag.py    695  0.02s             1           0  0.16s           2026-03-06T00:57:52                      12
/opt/airflow/dags/weather_etl_dag.py                698  0.00s             1           0  0.14s           2026-03-06T00:57:52                      12
================================================================================
[2026-03-06T00:58:53.168+0000] {manager.py:1008} INFO - 
================================================================================
DAG File Processing Stats

File Path                                           PID  Runtime      # DAGs    # Errors  Last Runtime    Last Run               Last # of DB Queries
------------------------------------------------  -----  ---------  --------  ----------  --------------  -------------------  ----------------------
/opt/airflow/dags/ml_forecasting_pipeline_dag.py    712  0.02s             1           0  0.14s           2026-03-06T00:58:22                      12
/opt/airflow/dags/weather_etl_dag.py                715  0.00s             1           0  0.13s           2026-03-06T00:58:22                      12
================================================================================
[2026-03-06T00:59:23.643+0000] {manager.py:1008} INFO - 
================================================================================
DAG File Processing Stats

File Path                                           PID  Runtime      # DAGs    # Errors  Last Runtime    Last Run               Last # of DB Queries
------------------------------------------------  -----  ---------  --------  ----------  --------------  -------------------  ----------------------
/opt/airflow/dags/ml_forecasting_pipeline_dag.py    728  0.02s             1           0  0.17s           2026-03-06T00:58:53                      12
/opt/airflow/dags/weather_etl_dag.py                731  0.00s             1           0  0.15s           2026-03-06T00:58:53                      12
================================================================================
[2026-03-06T00:59:54.145+0000] {manager.py:1008} INFO - 
================================================================================
DAG File Processing Stats

File Path                                           PID  Runtime      # DAGs    # Errors  Last Runtime    Last Run               Last # of DB Queries
------------------------------------------------  -----  ---------  --------  ----------  --------------  -------------------  ----------------------
/opt/airflow/dags/ml_forecasting_pipeline_dag.py    744  0.03s             1           0  0.15s           2026-03-06T00:59:23                      12
/opt/airflow/dags/weather_etl_dag.py                747  0.01s             1           0  0.13s           2026-03-06T00:59:23                      12
================================================================================
[2026-03-06T01:00:24.627+0000] {manager.py:1008} INFO - 
================================================================================
DAG File Processing Stats

File Path                                           PID  Runtime      # DAGs    # Errors  Last Runtime    Last Run               Last # of DB Queries
------------------------------------------------  -----  ---------  --------  ----------  --------------  -------------------  ----------------------
/opt/airflow/dags/ml_forecasting_pipeline_dag.py    760  0.03s             1           0  0.16s           2026-03-06T00:59:54                      12
/opt/airflow/dags/weather_etl_dag.py                763  0.01s             1           0  0.14s           2026-03-06T00:59:54                      12
================================================================================
[2026-03-06T01:00:54.991+0000] {manager.py:1008} INFO - 
================================================================================
DAG File Processing Stats

File Path                                           PID  Runtime      # DAGs    # Errors  Last Runtime    Last Run               Last # of DB Queries
------------------------------------------------  -----  ---------  --------  ----------  --------------  -------------------  ----------------------
/opt/airflow/dags/ml_forecasting_pipeline_dag.py    776  0.03s             1           0  0.16s           2026-03-06T01:00:24                      12
/opt/airflow/dags/weather_etl_dag.py                779  0.01s             1           0  0.14s           2026-03-06T01:00:24                      12
================================================================================
[2026-03-06T01:01:25.449+0000] {manager.py:1008} INFO - 
================================================================================
DAG File Processing Stats

File Path                                           PID  Runtime      # DAGs    # Errors  Last Runtime    Last Run               Last # of DB Queries
------------------------------------------------  -----  ---------  --------  ----------  --------------  -------------------  ----------------------
/opt/airflow/dags/ml_forecasting_pipeline_dag.py    792  0.02s             1           0  0.18s           2026-03-06T01:00:55                      12
/opt/airflow/dags/weather_etl_dag.py                795  0.00s             1           0  0.15s           2026-03-06T01:00:55                      12
================================================================================
[2026-03-06T01:01:55.849+0000] {manager.py:1008} INFO - 
================================================================================
DAG File Processing Stats

File Path                                           PID  Runtime      # DAGs    # Errors  Last Runtime    Last Run               Last # of DB Queries
------------------------------------------------  -----  ---------  --------  ----------  --------------  -------------------  ----------------------
/opt/airflow/dags/ml_forecasting_pipeline_dag.py    808  0.04s             1           0  0.16s           2026-03-06T01:01:25                      12
/opt/airflow/dags/weather_etl_dag.py                811  0.01s             1           0  0.15s           2026-03-06T01:01:25                      12
================================================================================
[2026-03-06T01:02:26.491+0000] {manager.py:1008} INFO - 
================================================================================
DAG File Processing Stats

File Path                                           PID  Runtime      # DAGs    # Errors  Last Runtime    Last Run               Last # of DB Queries
------------------------------------------------  -----  ---------  --------  ----------  --------------  -------------------  ----------------------
/opt/airflow/dags/ml_forecasting_pipeline_dag.py    824  0.04s             1           0  0.24s           2026-03-06T01:01:56                      12
/opt/airflow/dags/weather_etl_dag.py                827  0.01s             1           0  0.19s           2026-03-06T01:01:56                      12
================================================================================
[2026-03-06T01:02:56.993+0000] {manager.py:1008} INFO - 
================================================================================
DAG File Processing Stats

File Path                                           PID  Runtime      # DAGs    # Errors  Last Runtime    Last Run               Last # of DB Queries
------------------------------------------------  -----  ---------  --------  ----------  --------------  -------------------  ----------------------
/opt/airflow/dags/ml_forecasting_pipeline_dag.py    840  0.02s             1           0  0.19s           2026-03-06T01:02:26                      12
/opt/airflow/dags/weather_etl_dag.py                843  0.00s             1           0  0.17s           2026-03-06T01:02:26                      12
================================================================================
[2026-03-06T01:03:10.283+0000] {manager.py:832} INFO - Searching for files in /opt/airflow/dags
[2026-03-06T01:03:10.361+0000] {manager.py:835} INFO - There are 2 files in /opt/airflow/dags
[2026-03-06T01:03:27.675+0000] {manager.py:1008} INFO - 
================================================================================
DAG File Processing Stats

File Path                                           PID  Runtime      # DAGs    # Errors  Last Runtime    Last Run               Last # of DB Queries
------------------------------------------------  -----  ---------  --------  ----------  --------------  -------------------  ----------------------
/opt/airflow/dags/ml_forecasting_pipeline_dag.py    856  0.02s             1           0  0.15s           2026-03-06T01:02:57                      12
/opt/airflow/dags/weather_etl_dag.py                859  0.00s             1           0  0.13s           2026-03-06T01:02:57                      12
================================================================================
[2026-03-06T01:03:58.154+0000] {manager.py:1008} INFO - 
================================================================================
DAG File Processing Stats

File Path                                           PID  Runtime      # DAGs    # Errors  Last Runtime    Last Run               Last # of DB Queries
------------------------------------------------  -----  ---------  --------  ----------  --------------  -------------------  ----------------------
/opt/airflow/dags/ml_forecasting_pipeline_dag.py    872  0.02s             1           0  0.16s           2026-03-06T01:03:27                      12
/opt/airflow/dags/weather_etl_dag.py                875  0.01s             1           0  0.16s           2026-03-06T01:03:27                      12
================================================================================
[2026-03-06T01:04:28.694+0000] {manager.py:1008} INFO - 
================================================================================
DAG File Processing Stats

File Path                                           PID  Runtime      # DAGs    # Errors  Last Runtime    Last Run               Last # of DB Queries
------------------------------------------------  -----  ---------  --------  ----------  --------------  -------------------  ----------------------
/opt/airflow/dags/ml_forecasting_pipeline_dag.py    888  0.02s             1           0  0.17s           2026-03-06T01:03:58                      12
/opt/airflow/dags/weather_etl_dag.py                891  0.01s             1           0  0.15s           2026-03-06T01:03:58                      12
================================================================================
[2026-03-06T01:04:59.204+0000] {manager.py:1008} INFO - 
================================================================================
DAG File Processing Stats

File Path                                           PID  Runtime      # DAGs    # Errors  Last Runtime    Last Run               Last # of DB Queries
------------------------------------------------  -----  ---------  --------  ----------  --------------  -------------------  ----------------------
/opt/airflow/dags/ml_forecasting_pipeline_dag.py    904  0.03s             1           0  0.17s           2026-03-06T01:04:28                      12
/opt/airflow/dags/weather_etl_dag.py                907  0.01s             1           0  0.17s           2026-03-06T01:04:28                      12
================================================================================
[2026-03-06T01:05:29.739+0000] {manager.py:1008} INFO - 
================================================================================
DAG File Processing Stats

File Path                                           PID  Runtime      # DAGs    # Errors  Last Runtime    Last Run               Last # of DB Queries
------------------------------------------------  -----  ---------  --------  ----------  --------------  -------------------  ----------------------
/opt/airflow/dags/ml_forecasting_pipeline_dag.py    920  0.03s             1           0  0.16s           2026-03-06T01:04:59                      12
/opt/airflow/dags/weather_etl_dag.py                923  0.00s             1           0  0.13s           2026-03-06T01:04:59                      12
================================================================================
[2026-03-06T01:06:00.109+0000] {manager.py:1008} INFO - 
================================================================================
DAG File Processing Stats

File Path                                           PID  Runtime      # DAGs    # Errors  Last Runtime    Last Run               Last # of DB Queries
------------------------------------------------  -----  ---------  --------  ----------  --------------  -------------------  ----------------------
/opt/airflow/dags/ml_forecasting_pipeline_dag.py    936  0.03s             1           0  0.15s           2026-03-06T01:05:29                      12
/opt/airflow/dags/weather_etl_dag.py                939  0.01s             1           0  0.13s           2026-03-06T01:05:29                      12
================================================================================
[2026-03-06T01:06:30.556+0000] {manager.py:1008} INFO - 
================================================================================
DAG File Processing Stats

File Path                                           PID  Runtime      # DAGs    # Errors  Last Runtime    Last Run               Last # of DB Queries
------------------------------------------------  -----  ---------  --------  ----------  --------------  -------------------  ----------------------
/opt/airflow/dags/ml_forecasting_pipeline_dag.py    952  0.02s             1           0  0.18s           2026-03-06T01:06:00                      12
/opt/airflow/dags/weather_etl_dag.py                955  0.00s             1           0  0.16s           2026-03-06T01:06:00                      12
================================================================================
[2026-03-06T01:07:01.039+0000] {manager.py:1008} INFO - 
================================================================================
DAG File Processing Stats

File Path                                           PID  Runtime      # DAGs    # Errors  Last Runtime    Last Run               Last # of DB Queries
------------------------------------------------  -----  ---------  --------  ----------  --------------  -------------------  ----------------------
/opt/airflow/dags/ml_forecasting_pipeline_dag.py    968  0.03s             1           0  0.15s           2026-03-06T01:06:30                      12
/opt/airflow/dags/weather_etl_dag.py                971  0.00s             1           0  0.13s           2026-03-06T01:06:30                      12
================================================================================
[2026-03-06T01:07:31.541+0000] {manager.py:1008} INFO - 
================================================================================
DAG File Processing Stats

File Path                                           PID  Runtime      # DAGs    # Errors  Last Runtime    Last Run               Last # of DB Queries
------------------------------------------------  -----  ---------  --------  ----------  --------------  -------------------  ----------------------
/opt/airflow/dags/ml_forecasting_pipeline_dag.py    984  0.02s             1           0  0.16s           2026-03-06T01:07:01                      12
/opt/airflow/dags/weather_etl_dag.py                987  0.00s             1           0  0.14s           2026-03-06T01:07:01                      12
================================================================================
[2026-03-06T01:08:02.048+0000] {manager.py:1008} INFO - 
================================================================================
DAG File Processing Stats

File Path                                           PID  Runtime      # DAGs    # Errors  Last Runtime    Last Run               Last # of DB Queries
------------------------------------------------  -----  ---------  --------  ----------  --------------  -------------------  ----------------------
/opt/airflow/dags/ml_forecasting_pipeline_dag.py   1000  0.04s             1           0  0.19s           2026-03-06T01:07:31                      12
/opt/airflow/dags/weather_etl_dag.py               1003  0.00s             1           0  0.17s           2026-03-06T01:07:31                      12
================================================================================
[2026-03-06T01:08:11.162+0000] {manager.py:832} INFO - Searching for files in /opt/airflow/dags
[2026-03-06T01:08:11.247+0000] {manager.py:835} INFO - There are 2 files in /opt/airflow/dags
[2026-03-06T01:08:32.588+0000] {manager.py:1008} INFO - 
================================================================================
DAG File Processing Stats

File Path                                           PID  Runtime      # DAGs    # Errors  Last Runtime    Last Run               Last # of DB Queries
------------------------------------------------  -----  ---------  --------  ----------  --------------  -------------------  ----------------------
/opt/airflow/dags/ml_forecasting_pipeline_dag.py   1016  0.02s             1           0  0.17s           2026-03-06T01:08:02                      12
/opt/airflow/dags/weather_etl_dag.py               1019  0.00s             1           0  0.14s           2026-03-06T01:08:02                      12
================================================================================
[2026-03-06T01:09:03.003+0000] {manager.py:1008} INFO - 
================================================================================
DAG File Processing Stats

File Path                                           PID  Runtime      # DAGs    # Errors  Last Runtime    Last Run               Last # of DB Queries
------------------------------------------------  -----  ---------  --------  ----------  --------------  -------------------  ----------------------
/opt/airflow/dags/ml_forecasting_pipeline_dag.py   1032  0.02s             1           0  0.16s           2026-03-06T01:08:32                      12
/opt/airflow/dags/weather_etl_dag.py               1035  0.00s             1           0  0.16s           2026-03-06T01:08:32                      12
================================================================================
[2026-03-06T01:09:33.583+0000] {manager.py:1008} INFO - 
================================================================================
DAG File Processing Stats

File Path                                           PID  Runtime      # DAGs    # Errors  Last Runtime    Last Run               Last # of DB Queries
------------------------------------------------  -----  ---------  --------  ----------  --------------  -------------------  ----------------------
/opt/airflow/dags/ml_forecasting_pipeline_dag.py   1048  0.03s             1           0  0.16s           2026-03-06T01:09:03                      12
/opt/airflow/dags/weather_etl_dag.py               1051  0.00s             1           0  0.15s           2026-03-06T01:09:03                      12
================================================================================
[2026-03-06T01:10:04.018+0000] {manager.py:1008} INFO - 
================================================================================
DAG File Processing Stats

File Path                                           PID  Runtime      # DAGs    # Errors  Last Runtime    Last Run               Last # of DB Queries
------------------------------------------------  -----  ---------  --------  ----------  --------------  -------------------  ----------------------
/opt/airflow/dags/ml_forecasting_pipeline_dag.py   1064  0.03s             1           0  0.17s           2026-03-06T01:09:33                      12
/opt/airflow/dags/weather_etl_dag.py               1067  0.01s             1           0  0.14s           2026-03-06T01:09:33                      12
================================================================================
[2026-03-06T01:10:34.568+0000] {manager.py:1008} INFO - 
================================================================================
DAG File Processing Stats

File Path                                           PID  Runtime      # DAGs    # Errors  Last Runtime    Last Run               Last # of DB Queries
------------------------------------------------  -----  ---------  --------  ----------  --------------  -------------------  ----------------------
/opt/airflow/dags/ml_forecasting_pipeline_dag.py   1081  0.05s             1           0  0.18s           2026-03-06T01:10:04                      12
/opt/airflow/dags/weather_etl_dag.py               1084  0.01s             1           0  0.17s           2026-03-06T01:10:04                      12
================================================================================
[2026-03-06T01:11:05.051+0000] {manager.py:1008} INFO - 
================================================================================
DAG File Processing Stats

File Path                                           PID  Runtime      # DAGs    # Errors  Last Runtime    Last Run               Last # of DB Queries
------------------------------------------------  -----  ---------  --------  ----------  --------------  -------------------  ----------------------
/opt/airflow/dags/ml_forecasting_pipeline_dag.py   1097  0.03s             1           0  0.20s           2026-03-06T01:10:34                      12
/opt/airflow/dags/weather_etl_dag.py               1100  0.01s             1           0  0.15s           2026-03-06T01:10:34                      12
================================================================================
