[2026-03-05T23:06:37.609+0000] {processor.py:186} INFO - Started process (PID=715) to work on /opt/airflow/dags/weather_etl_dag.py
[2026-03-05T23:06:37.611+0000] {processor.py:914} INFO - Processing file /opt/airflow/dags/weather_etl_dag.py for tasks to queue
[2026-03-05T23:06:37.617+0000] {logging_mixin.py:190} INFO - [2026-03-05T23:06:37.616+0000] {dagbag.py:587} INFO - Filling up the DagBag from /opt/airflow/dags/weather_etl_dag.py
[2026-03-05T23:06:37.674+0000] {processor.py:925} INFO - DAG(s) 'Weather_to_Snowflake_v1' retrieved from /opt/airflow/dags/weather_etl_dag.py
[2026-03-05T23:06:37.988+0000] {logging_mixin.py:190} INFO - [2026-03-05T23:06:37.987+0000] {override.py:1900} INFO - Created Permission View: can edit on DAG:Weather_to_Snowflake_v1
[2026-03-05T23:06:37.998+0000] {logging_mixin.py:190} INFO - [2026-03-05T23:06:37.997+0000] {override.py:1900} INFO - Created Permission View: can delete on DAG:Weather_to_Snowflake_v1
[2026-03-05T23:06:38.006+0000] {logging_mixin.py:190} INFO - [2026-03-05T23:06:38.006+0000] {override.py:1900} INFO - Created Permission View: can read on DAG:Weather_to_Snowflake_v1
[2026-03-05T23:06:38.017+0000] {logging_mixin.py:190} INFO - [2026-03-05T23:06:38.017+0000] {override.py:1900} INFO - Created Permission View: menu access on DAG Run:Weather_to_Snowflake_v1
[2026-03-05T23:06:38.024+0000] {logging_mixin.py:190} INFO - [2026-03-05T23:06:38.024+0000] {override.py:1900} INFO - Created Permission View: can delete on DAG Run:Weather_to_Snowflake_v1
[2026-03-05T23:06:38.031+0000] {logging_mixin.py:190} INFO - [2026-03-05T23:06:38.031+0000] {override.py:1900} INFO - Created Permission View: can create on DAG Run:Weather_to_Snowflake_v1
[2026-03-05T23:06:38.039+0000] {logging_mixin.py:190} INFO - [2026-03-05T23:06:38.039+0000] {override.py:1900} INFO - Created Permission View: can read on DAG Run:Weather_to_Snowflake_v1
[2026-03-05T23:06:38.040+0000] {logging_mixin.py:190} INFO - [2026-03-05T23:06:38.039+0000] {dag.py:3229} INFO - Sync 1 DAGs
[2026-03-05T23:06:38.056+0000] {logging_mixin.py:190} INFO - [2026-03-05T23:06:38.055+0000] {dag.py:3252} INFO - Creating ORM DAG for Weather_to_Snowflake_v1
[2026-03-05T23:06:38.065+0000] {logging_mixin.py:190} INFO - [2026-03-05T23:06:38.065+0000] {dag.py:4156} INFO - Setting next_dagrun for Weather_to_Snowflake_v1 to 2026-03-04 02:30:00+00:00, run_after=2026-03-05 02:30:00+00:00
[2026-03-05T23:06:38.091+0000] {processor.py:208} INFO - Processing /opt/airflow/dags/weather_etl_dag.py took 0.491 seconds
[2026-03-05T23:07:08.418+0000] {processor.py:186} INFO - Started process (PID=726) to work on /opt/airflow/dags/weather_etl_dag.py
[2026-03-05T23:07:08.420+0000] {processor.py:914} INFO - Processing file /opt/airflow/dags/weather_etl_dag.py for tasks to queue
[2026-03-05T23:07:08.424+0000] {logging_mixin.py:190} INFO - [2026-03-05T23:07:08.423+0000] {dagbag.py:587} INFO - Filling up the DagBag from /opt/airflow/dags/weather_etl_dag.py
[2026-03-05T23:07:08.457+0000] {processor.py:925} INFO - DAG(s) 'Weather_to_Snowflake_v1' retrieved from /opt/airflow/dags/weather_etl_dag.py
[2026-03-05T23:07:08.488+0000] {logging_mixin.py:190} INFO - [2026-03-05T23:07:08.488+0000] {dag.py:3229} INFO - Sync 1 DAGs
[2026-03-05T23:07:08.515+0000] {logging_mixin.py:190} INFO - [2026-03-05T23:07:08.514+0000] {dag.py:4156} INFO - Setting next_dagrun for Weather_to_Snowflake_v1 to 2026-03-04 02:30:00+00:00, run_after=2026-03-05 02:30:00+00:00
[2026-03-05T23:07:08.538+0000] {processor.py:208} INFO - Processing /opt/airflow/dags/weather_etl_dag.py took 0.125 seconds
[2026-03-05T23:07:38.774+0000] {processor.py:186} INFO - Started process (PID=737) to work on /opt/airflow/dags/weather_etl_dag.py
[2026-03-05T23:07:38.775+0000] {processor.py:914} INFO - Processing file /opt/airflow/dags/weather_etl_dag.py for tasks to queue
[2026-03-05T23:07:38.780+0000] {logging_mixin.py:190} INFO - [2026-03-05T23:07:38.780+0000] {dagbag.py:587} INFO - Filling up the DagBag from /opt/airflow/dags/weather_etl_dag.py
[2026-03-05T23:07:38.816+0000] {processor.py:925} INFO - DAG(s) 'Weather_to_Snowflake_v1' retrieved from /opt/airflow/dags/weather_etl_dag.py
[2026-03-05T23:07:38.849+0000] {logging_mixin.py:190} INFO - [2026-03-05T23:07:38.848+0000] {dag.py:3229} INFO - Sync 1 DAGs
[2026-03-05T23:07:38.872+0000] {logging_mixin.py:190} INFO - [2026-03-05T23:07:38.872+0000] {dag.py:4156} INFO - Setting next_dagrun for Weather_to_Snowflake_v1 to 2026-03-04 02:30:00+00:00, run_after=2026-03-05 02:30:00+00:00
[2026-03-05T23:07:38.891+0000] {processor.py:208} INFO - Processing /opt/airflow/dags/weather_etl_dag.py took 0.124 seconds
[2026-03-05T23:08:09.232+0000] {processor.py:186} INFO - Started process (PID=748) to work on /opt/airflow/dags/weather_etl_dag.py
[2026-03-05T23:08:09.233+0000] {processor.py:914} INFO - Processing file /opt/airflow/dags/weather_etl_dag.py for tasks to queue
[2026-03-05T23:08:09.236+0000] {logging_mixin.py:190} INFO - [2026-03-05T23:08:09.236+0000] {dagbag.py:587} INFO - Filling up the DagBag from /opt/airflow/dags/weather_etl_dag.py
[2026-03-05T23:08:09.263+0000] {processor.py:925} INFO - DAG(s) 'Weather_to_Snowflake_v1' retrieved from /opt/airflow/dags/weather_etl_dag.py
[2026-03-05T23:08:09.289+0000] {logging_mixin.py:190} INFO - [2026-03-05T23:08:09.288+0000] {dag.py:3229} INFO - Sync 1 DAGs
[2026-03-05T23:08:09.310+0000] {logging_mixin.py:190} INFO - [2026-03-05T23:08:09.310+0000] {dag.py:4156} INFO - Setting next_dagrun for Weather_to_Snowflake_v1 to 2026-03-04 02:30:00+00:00, run_after=2026-03-05 02:30:00+00:00
[2026-03-05T23:08:09.332+0000] {processor.py:208} INFO - Processing /opt/airflow/dags/weather_etl_dag.py took 0.104 seconds
[2026-03-05T23:08:39.621+0000] {processor.py:186} INFO - Started process (PID=759) to work on /opt/airflow/dags/weather_etl_dag.py
[2026-03-05T23:08:39.623+0000] {processor.py:914} INFO - Processing file /opt/airflow/dags/weather_etl_dag.py for tasks to queue
[2026-03-05T23:08:39.627+0000] {logging_mixin.py:190} INFO - [2026-03-05T23:08:39.626+0000] {dagbag.py:587} INFO - Filling up the DagBag from /opt/airflow/dags/weather_etl_dag.py
[2026-03-05T23:08:39.667+0000] {processor.py:925} INFO - DAG(s) 'Weather_to_Snowflake_v1' retrieved from /opt/airflow/dags/weather_etl_dag.py
[2026-03-05T23:08:39.695+0000] {logging_mixin.py:190} INFO - [2026-03-05T23:08:39.694+0000] {dag.py:3229} INFO - Sync 1 DAGs
[2026-03-05T23:08:39.719+0000] {logging_mixin.py:190} INFO - [2026-03-05T23:08:39.718+0000] {dag.py:4156} INFO - Setting next_dagrun for Weather_to_Snowflake_v1 to 2026-03-04 02:30:00+00:00, run_after=2026-03-05 02:30:00+00:00
[2026-03-05T23:08:39.744+0000] {processor.py:208} INFO - Processing /opt/airflow/dags/weather_etl_dag.py took 0.130 seconds
[2026-03-05T23:09:10.102+0000] {processor.py:186} INFO - Started process (PID=770) to work on /opt/airflow/dags/weather_etl_dag.py
[2026-03-05T23:09:10.104+0000] {processor.py:914} INFO - Processing file /opt/airflow/dags/weather_etl_dag.py for tasks to queue
[2026-03-05T23:09:10.108+0000] {logging_mixin.py:190} INFO - [2026-03-05T23:09:10.107+0000] {dagbag.py:587} INFO - Filling up the DagBag from /opt/airflow/dags/weather_etl_dag.py
[2026-03-05T23:09:10.146+0000] {processor.py:925} INFO - DAG(s) 'Weather_to_Snowflake_v1' retrieved from /opt/airflow/dags/weather_etl_dag.py
[2026-03-05T23:09:10.183+0000] {logging_mixin.py:190} INFO - [2026-03-05T23:09:10.183+0000] {dag.py:3229} INFO - Sync 1 DAGs
[2026-03-05T23:09:10.206+0000] {logging_mixin.py:190} INFO - [2026-03-05T23:09:10.206+0000] {dag.py:4156} INFO - Setting next_dagrun for Weather_to_Snowflake_v1 to 2026-03-04 02:30:00+00:00, run_after=2026-03-05 02:30:00+00:00
[2026-03-05T23:09:10.230+0000] {processor.py:208} INFO - Processing /opt/airflow/dags/weather_etl_dag.py took 0.138 seconds
[2026-03-05T23:09:40.425+0000] {processor.py:186} INFO - Started process (PID=781) to work on /opt/airflow/dags/weather_etl_dag.py
[2026-03-05T23:09:40.426+0000] {processor.py:914} INFO - Processing file /opt/airflow/dags/weather_etl_dag.py for tasks to queue
[2026-03-05T23:09:40.429+0000] {logging_mixin.py:190} INFO - [2026-03-05T23:09:40.429+0000] {dagbag.py:587} INFO - Filling up the DagBag from /opt/airflow/dags/weather_etl_dag.py
[2026-03-05T23:09:40.463+0000] {processor.py:925} INFO - DAG(s) 'Weather_to_Snowflake_v1' retrieved from /opt/airflow/dags/weather_etl_dag.py
[2026-03-05T23:09:40.494+0000] {logging_mixin.py:190} INFO - [2026-03-05T23:09:40.494+0000] {dag.py:3229} INFO - Sync 1 DAGs
[2026-03-05T23:09:40.517+0000] {logging_mixin.py:190} INFO - [2026-03-05T23:09:40.516+0000] {dag.py:4156} INFO - Setting next_dagrun for Weather_to_Snowflake_v1 to 2026-03-04 02:30:00+00:00, run_after=2026-03-05 02:30:00+00:00
[2026-03-05T23:09:40.540+0000] {processor.py:208} INFO - Processing /opt/airflow/dags/weather_etl_dag.py took 0.120 seconds
[2026-03-05T23:10:10.776+0000] {processor.py:186} INFO - Started process (PID=792) to work on /opt/airflow/dags/weather_etl_dag.py
[2026-03-05T23:10:10.777+0000] {processor.py:914} INFO - Processing file /opt/airflow/dags/weather_etl_dag.py for tasks to queue
[2026-03-05T23:10:10.781+0000] {logging_mixin.py:190} INFO - [2026-03-05T23:10:10.780+0000] {dagbag.py:587} INFO - Filling up the DagBag from /opt/airflow/dags/weather_etl_dag.py
[2026-03-05T23:10:10.813+0000] {processor.py:925} INFO - DAG(s) 'Weather_to_Snowflake_v1' retrieved from /opt/airflow/dags/weather_etl_dag.py
[2026-03-05T23:10:10.841+0000] {logging_mixin.py:190} INFO - [2026-03-05T23:10:10.840+0000] {dag.py:3229} INFO - Sync 1 DAGs
[2026-03-05T23:10:10.865+0000] {logging_mixin.py:190} INFO - [2026-03-05T23:10:10.864+0000] {dag.py:4156} INFO - Setting next_dagrun for Weather_to_Snowflake_v1 to 2026-03-04 02:30:00+00:00, run_after=2026-03-05 02:30:00+00:00
[2026-03-05T23:10:10.886+0000] {processor.py:208} INFO - Processing /opt/airflow/dags/weather_etl_dag.py took 0.118 seconds
[2026-03-05T23:10:41.157+0000] {processor.py:186} INFO - Started process (PID=817) to work on /opt/airflow/dags/weather_etl_dag.py
[2026-03-05T23:10:41.158+0000] {processor.py:914} INFO - Processing file /opt/airflow/dags/weather_etl_dag.py for tasks to queue
[2026-03-05T23:10:41.162+0000] {logging_mixin.py:190} INFO - [2026-03-05T23:10:41.162+0000] {dagbag.py:587} INFO - Filling up the DagBag from /opt/airflow/dags/weather_etl_dag.py
[2026-03-05T23:10:41.204+0000] {processor.py:925} INFO - DAG(s) 'Weather_to_Snowflake_v1' retrieved from /opt/airflow/dags/weather_etl_dag.py
[2026-03-05T23:10:41.243+0000] {logging_mixin.py:190} INFO - [2026-03-05T23:10:41.242+0000] {dag.py:3229} INFO - Sync 1 DAGs
[2026-03-05T23:10:41.273+0000] {logging_mixin.py:190} INFO - [2026-03-05T23:10:41.272+0000] {dag.py:4156} INFO - Setting next_dagrun for Weather_to_Snowflake_v1 to 2026-03-05 02:30:00+00:00, run_after=2026-03-06 02:30:00+00:00
[2026-03-05T23:10:41.295+0000] {processor.py:208} INFO - Processing /opt/airflow/dags/weather_etl_dag.py took 0.147 seconds
[2026-03-05T23:11:11.632+0000] {processor.py:186} INFO - Started process (PID=834) to work on /opt/airflow/dags/weather_etl_dag.py
[2026-03-05T23:11:11.633+0000] {processor.py:914} INFO - Processing file /opt/airflow/dags/weather_etl_dag.py for tasks to queue
[2026-03-05T23:11:11.638+0000] {logging_mixin.py:190} INFO - [2026-03-05T23:11:11.638+0000] {dagbag.py:587} INFO - Filling up the DagBag from /opt/airflow/dags/weather_etl_dag.py
[2026-03-05T23:11:11.675+0000] {processor.py:925} INFO - DAG(s) 'Weather_to_Snowflake_v1' retrieved from /opt/airflow/dags/weather_etl_dag.py
[2026-03-05T23:11:11.706+0000] {logging_mixin.py:190} INFO - [2026-03-05T23:11:11.705+0000] {dag.py:3229} INFO - Sync 1 DAGs
[2026-03-05T23:11:11.733+0000] {logging_mixin.py:190} INFO - [2026-03-05T23:11:11.732+0000] {dag.py:4156} INFO - Setting next_dagrun for Weather_to_Snowflake_v1 to 2026-03-05 02:30:00+00:00, run_after=2026-03-06 02:30:00+00:00
[2026-03-05T23:11:11.762+0000] {processor.py:208} INFO - Processing /opt/airflow/dags/weather_etl_dag.py took 0.136 seconds
[2026-03-05T23:11:42.083+0000] {processor.py:186} INFO - Started process (PID=851) to work on /opt/airflow/dags/weather_etl_dag.py
[2026-03-05T23:11:42.085+0000] {processor.py:914} INFO - Processing file /opt/airflow/dags/weather_etl_dag.py for tasks to queue
[2026-03-05T23:11:42.087+0000] {logging_mixin.py:190} INFO - [2026-03-05T23:11:42.087+0000] {dagbag.py:587} INFO - Filling up the DagBag from /opt/airflow/dags/weather_etl_dag.py
[2026-03-05T23:11:42.123+0000] {processor.py:925} INFO - DAG(s) 'Weather_to_Snowflake_v1' retrieved from /opt/airflow/dags/weather_etl_dag.py
[2026-03-05T23:11:42.167+0000] {logging_mixin.py:190} INFO - [2026-03-05T23:11:42.166+0000] {dag.py:3229} INFO - Sync 1 DAGs
[2026-03-05T23:11:42.193+0000] {logging_mixin.py:190} INFO - [2026-03-05T23:11:42.193+0000] {dag.py:4156} INFO - Setting next_dagrun for Weather_to_Snowflake_v1 to 2026-03-05 02:30:00+00:00, run_after=2026-03-06 02:30:00+00:00
[2026-03-05T23:11:42.213+0000] {processor.py:208} INFO - Processing /opt/airflow/dags/weather_etl_dag.py took 0.136 seconds
[2026-03-05T23:12:12.538+0000] {processor.py:186} INFO - Started process (PID=862) to work on /opt/airflow/dags/weather_etl_dag.py
[2026-03-05T23:12:12.540+0000] {processor.py:914} INFO - Processing file /opt/airflow/dags/weather_etl_dag.py for tasks to queue
[2026-03-05T23:12:12.546+0000] {logging_mixin.py:190} INFO - [2026-03-05T23:12:12.545+0000] {dagbag.py:587} INFO - Filling up the DagBag from /opt/airflow/dags/weather_etl_dag.py
[2026-03-05T23:12:12.602+0000] {processor.py:925} INFO - DAG(s) 'Weather_to_Snowflake_v1' retrieved from /opt/airflow/dags/weather_etl_dag.py
[2026-03-05T23:12:12.660+0000] {logging_mixin.py:190} INFO - [2026-03-05T23:12:12.659+0000] {dag.py:3229} INFO - Sync 1 DAGs
[2026-03-05T23:12:12.685+0000] {logging_mixin.py:190} INFO - [2026-03-05T23:12:12.685+0000] {dag.py:4156} INFO - Setting next_dagrun for Weather_to_Snowflake_v1 to 2026-03-05 02:30:00+00:00, run_after=2026-03-06 02:30:00+00:00
[2026-03-05T23:12:12.707+0000] {processor.py:208} INFO - Processing /opt/airflow/dags/weather_etl_dag.py took 0.181 seconds
[2026-03-05T23:12:42.949+0000] {processor.py:186} INFO - Started process (PID=873) to work on /opt/airflow/dags/weather_etl_dag.py
[2026-03-05T23:12:42.951+0000] {processor.py:914} INFO - Processing file /opt/airflow/dags/weather_etl_dag.py for tasks to queue
[2026-03-05T23:12:42.955+0000] {logging_mixin.py:190} INFO - [2026-03-05T23:12:42.954+0000] {dagbag.py:587} INFO - Filling up the DagBag from /opt/airflow/dags/weather_etl_dag.py
[2026-03-05T23:12:42.985+0000] {processor.py:925} INFO - DAG(s) 'Weather_to_Snowflake_v1' retrieved from /opt/airflow/dags/weather_etl_dag.py
[2026-03-05T23:12:43.012+0000] {logging_mixin.py:190} INFO - [2026-03-05T23:12:43.011+0000] {dag.py:3229} INFO - Sync 1 DAGs
[2026-03-05T23:12:43.035+0000] {logging_mixin.py:190} INFO - [2026-03-05T23:12:43.035+0000] {dag.py:4156} INFO - Setting next_dagrun for Weather_to_Snowflake_v1 to 2026-03-05 02:30:00+00:00, run_after=2026-03-06 02:30:00+00:00
[2026-03-05T23:12:43.055+0000] {processor.py:208} INFO - Processing /opt/airflow/dags/weather_etl_dag.py took 0.112 seconds
[2026-03-05T23:13:13.465+0000] {processor.py:186} INFO - Started process (PID=884) to work on /opt/airflow/dags/weather_etl_dag.py
[2026-03-05T23:13:13.466+0000] {processor.py:914} INFO - Processing file /opt/airflow/dags/weather_etl_dag.py for tasks to queue
[2026-03-05T23:13:13.469+0000] {logging_mixin.py:190} INFO - [2026-03-05T23:13:13.469+0000] {dagbag.py:587} INFO - Filling up the DagBag from /opt/airflow/dags/weather_etl_dag.py
[2026-03-05T23:13:13.496+0000] {processor.py:925} INFO - DAG(s) 'Weather_to_Snowflake_v1' retrieved from /opt/airflow/dags/weather_etl_dag.py
[2026-03-05T23:13:13.524+0000] {logging_mixin.py:190} INFO - [2026-03-05T23:13:13.524+0000] {dag.py:3229} INFO - Sync 1 DAGs
[2026-03-05T23:13:13.547+0000] {logging_mixin.py:190} INFO - [2026-03-05T23:13:13.547+0000] {dag.py:4156} INFO - Setting next_dagrun for Weather_to_Snowflake_v1 to 2026-03-05 02:30:00+00:00, run_after=2026-03-06 02:30:00+00:00
[2026-03-05T23:13:13.565+0000] {processor.py:208} INFO - Processing /opt/airflow/dags/weather_etl_dag.py took 0.104 seconds
[2026-03-05T23:13:43.826+0000] {processor.py:186} INFO - Started process (PID=895) to work on /opt/airflow/dags/weather_etl_dag.py
[2026-03-05T23:13:43.827+0000] {processor.py:914} INFO - Processing file /opt/airflow/dags/weather_etl_dag.py for tasks to queue
[2026-03-05T23:13:43.831+0000] {logging_mixin.py:190} INFO - [2026-03-05T23:13:43.830+0000] {dagbag.py:587} INFO - Filling up the DagBag from /opt/airflow/dags/weather_etl_dag.py
[2026-03-05T23:13:43.865+0000] {processor.py:925} INFO - DAG(s) 'Weather_to_Snowflake_v1' retrieved from /opt/airflow/dags/weather_etl_dag.py
[2026-03-05T23:13:43.900+0000] {logging_mixin.py:190} INFO - [2026-03-05T23:13:43.900+0000] {dag.py:3229} INFO - Sync 1 DAGs
[2026-03-05T23:13:43.927+0000] {logging_mixin.py:190} INFO - [2026-03-05T23:13:43.926+0000] {dag.py:4156} INFO - Setting next_dagrun for Weather_to_Snowflake_v1 to 2026-03-05 02:30:00+00:00, run_after=2026-03-06 02:30:00+00:00
[2026-03-05T23:13:43.956+0000] {processor.py:208} INFO - Processing /opt/airflow/dags/weather_etl_dag.py took 0.137 seconds
[2026-03-05T23:14:14.274+0000] {processor.py:186} INFO - Started process (PID=906) to work on /opt/airflow/dags/weather_etl_dag.py
[2026-03-05T23:14:14.276+0000] {processor.py:914} INFO - Processing file /opt/airflow/dags/weather_etl_dag.py for tasks to queue
[2026-03-05T23:14:14.278+0000] {logging_mixin.py:190} INFO - [2026-03-05T23:14:14.278+0000] {dagbag.py:587} INFO - Filling up the DagBag from /opt/airflow/dags/weather_etl_dag.py
[2026-03-05T23:14:14.307+0000] {processor.py:925} INFO - DAG(s) 'Weather_to_Snowflake_v1' retrieved from /opt/airflow/dags/weather_etl_dag.py
[2026-03-05T23:14:14.337+0000] {logging_mixin.py:190} INFO - [2026-03-05T23:14:14.335+0000] {dag.py:3229} INFO - Sync 1 DAGs
[2026-03-05T23:14:14.359+0000] {logging_mixin.py:190} INFO - [2026-03-05T23:14:14.358+0000] {dag.py:4156} INFO - Setting next_dagrun for Weather_to_Snowflake_v1 to 2026-03-05 02:30:00+00:00, run_after=2026-03-06 02:30:00+00:00
[2026-03-05T23:14:14.378+0000] {processor.py:208} INFO - Processing /opt/airflow/dags/weather_etl_dag.py took 0.108 seconds
[2026-03-05T23:14:44.665+0000] {processor.py:186} INFO - Started process (PID=917) to work on /opt/airflow/dags/weather_etl_dag.py
[2026-03-05T23:14:44.666+0000] {processor.py:914} INFO - Processing file /opt/airflow/dags/weather_etl_dag.py for tasks to queue
[2026-03-05T23:14:44.671+0000] {logging_mixin.py:190} INFO - [2026-03-05T23:14:44.671+0000] {dagbag.py:587} INFO - Filling up the DagBag from /opt/airflow/dags/weather_etl_dag.py
[2026-03-05T23:14:44.720+0000] {processor.py:925} INFO - DAG(s) 'Weather_to_Snowflake_v1' retrieved from /opt/airflow/dags/weather_etl_dag.py
[2026-03-05T23:14:44.745+0000] {logging_mixin.py:190} INFO - [2026-03-05T23:14:44.744+0000] {dag.py:3229} INFO - Sync 1 DAGs
[2026-03-05T23:14:44.764+0000] {logging_mixin.py:190} INFO - [2026-03-05T23:14:44.763+0000] {dag.py:4156} INFO - Setting next_dagrun for Weather_to_Snowflake_v1 to 2026-03-05 02:30:00+00:00, run_after=2026-03-06 02:30:00+00:00
[2026-03-05T23:14:44.784+0000] {processor.py:208} INFO - Processing /opt/airflow/dags/weather_etl_dag.py took 0.127 seconds
[2026-03-05T23:15:15.132+0000] {processor.py:186} INFO - Started process (PID=928) to work on /opt/airflow/dags/weather_etl_dag.py
[2026-03-05T23:15:15.134+0000] {processor.py:914} INFO - Processing file /opt/airflow/dags/weather_etl_dag.py for tasks to queue
[2026-03-05T23:15:15.136+0000] {logging_mixin.py:190} INFO - [2026-03-05T23:15:15.135+0000] {dagbag.py:587} INFO - Filling up the DagBag from /opt/airflow/dags/weather_etl_dag.py
[2026-03-05T23:15:15.162+0000] {processor.py:925} INFO - DAG(s) 'Weather_to_Snowflake_v1' retrieved from /opt/airflow/dags/weather_etl_dag.py
[2026-03-05T23:15:15.191+0000] {logging_mixin.py:190} INFO - [2026-03-05T23:15:15.190+0000] {dag.py:3229} INFO - Sync 1 DAGs
[2026-03-05T23:15:15.214+0000] {logging_mixin.py:190} INFO - [2026-03-05T23:15:15.213+0000] {dag.py:4156} INFO - Setting next_dagrun for Weather_to_Snowflake_v1 to 2026-03-05 02:30:00+00:00, run_after=2026-03-06 02:30:00+00:00
[2026-03-05T23:15:15.237+0000] {processor.py:208} INFO - Processing /opt/airflow/dags/weather_etl_dag.py took 0.109 seconds
[2026-03-05T23:15:45.475+0000] {processor.py:186} INFO - Started process (PID=940) to work on /opt/airflow/dags/weather_etl_dag.py
[2026-03-05T23:15:45.476+0000] {processor.py:914} INFO - Processing file /opt/airflow/dags/weather_etl_dag.py for tasks to queue
[2026-03-05T23:15:45.478+0000] {logging_mixin.py:190} INFO - [2026-03-05T23:15:45.478+0000] {dagbag.py:587} INFO - Filling up the DagBag from /opt/airflow/dags/weather_etl_dag.py
[2026-03-05T23:15:45.507+0000] {processor.py:925} INFO - DAG(s) 'Weather_to_Snowflake_v1' retrieved from /opt/airflow/dags/weather_etl_dag.py
[2026-03-05T23:15:45.537+0000] {logging_mixin.py:190} INFO - [2026-03-05T23:15:45.536+0000] {dag.py:3229} INFO - Sync 1 DAGs
[2026-03-05T23:15:45.560+0000] {logging_mixin.py:190} INFO - [2026-03-05T23:15:45.560+0000] {dag.py:4156} INFO - Setting next_dagrun for Weather_to_Snowflake_v1 to 2026-03-05 02:30:00+00:00, run_after=2026-03-06 02:30:00+00:00
[2026-03-05T23:15:45.577+0000] {processor.py:208} INFO - Processing /opt/airflow/dags/weather_etl_dag.py took 0.108 seconds
[2026-03-05T23:16:15.899+0000] {processor.py:186} INFO - Started process (PID=951) to work on /opt/airflow/dags/weather_etl_dag.py
[2026-03-05T23:16:15.900+0000] {processor.py:914} INFO - Processing file /opt/airflow/dags/weather_etl_dag.py for tasks to queue
[2026-03-05T23:16:15.904+0000] {logging_mixin.py:190} INFO - [2026-03-05T23:16:15.904+0000] {dagbag.py:587} INFO - Filling up the DagBag from /opt/airflow/dags/weather_etl_dag.py
[2026-03-05T23:16:15.932+0000] {processor.py:925} INFO - DAG(s) 'Weather_to_Snowflake_v1' retrieved from /opt/airflow/dags/weather_etl_dag.py
[2026-03-05T23:16:15.958+0000] {logging_mixin.py:190} INFO - [2026-03-05T23:16:15.958+0000] {dag.py:3229} INFO - Sync 1 DAGs
[2026-03-05T23:16:15.981+0000] {logging_mixin.py:190} INFO - [2026-03-05T23:16:15.981+0000] {dag.py:4156} INFO - Setting next_dagrun for Weather_to_Snowflake_v1 to 2026-03-05 02:30:00+00:00, run_after=2026-03-06 02:30:00+00:00
[2026-03-05T23:16:16.009+0000] {processor.py:208} INFO - Processing /opt/airflow/dags/weather_etl_dag.py took 0.116 seconds
[2026-03-05T23:16:46.279+0000] {processor.py:186} INFO - Started process (PID=962) to work on /opt/airflow/dags/weather_etl_dag.py
[2026-03-05T23:16:46.280+0000] {processor.py:914} INFO - Processing file /opt/airflow/dags/weather_etl_dag.py for tasks to queue
[2026-03-05T23:16:46.283+0000] {logging_mixin.py:190} INFO - [2026-03-05T23:16:46.283+0000] {dagbag.py:587} INFO - Filling up the DagBag from /opt/airflow/dags/weather_etl_dag.py
[2026-03-05T23:16:46.320+0000] {processor.py:925} INFO - DAG(s) 'Weather_to_Snowflake_v1' retrieved from /opt/airflow/dags/weather_etl_dag.py
[2026-03-05T23:16:46.342+0000] {logging_mixin.py:190} INFO - [2026-03-05T23:16:46.342+0000] {dag.py:3229} INFO - Sync 1 DAGs
[2026-03-05T23:16:46.360+0000] {logging_mixin.py:190} INFO - [2026-03-05T23:16:46.360+0000] {dag.py:4156} INFO - Setting next_dagrun for Weather_to_Snowflake_v1 to 2026-03-05 02:30:00+00:00, run_after=2026-03-06 02:30:00+00:00
[2026-03-05T23:16:46.381+0000] {processor.py:208} INFO - Processing /opt/airflow/dags/weather_etl_dag.py took 0.109 seconds
[2026-03-05T23:17:16.726+0000] {processor.py:186} INFO - Started process (PID=973) to work on /opt/airflow/dags/weather_etl_dag.py
[2026-03-05T23:17:16.728+0000] {processor.py:914} INFO - Processing file /opt/airflow/dags/weather_etl_dag.py for tasks to queue
[2026-03-05T23:17:16.733+0000] {logging_mixin.py:190} INFO - [2026-03-05T23:17:16.732+0000] {dagbag.py:587} INFO - Filling up the DagBag from /opt/airflow/dags/weather_etl_dag.py
[2026-03-05T23:17:16.783+0000] {processor.py:925} INFO - DAG(s) 'Weather_to_Snowflake_v1' retrieved from /opt/airflow/dags/weather_etl_dag.py
[2026-03-05T23:17:16.815+0000] {logging_mixin.py:190} INFO - [2026-03-05T23:17:16.814+0000] {dag.py:3229} INFO - Sync 1 DAGs
[2026-03-05T23:17:16.847+0000] {logging_mixin.py:190} INFO - [2026-03-05T23:17:16.847+0000] {dag.py:4156} INFO - Setting next_dagrun for Weather_to_Snowflake_v1 to 2026-03-05 02:30:00+00:00, run_after=2026-03-06 02:30:00+00:00
[2026-03-05T23:17:16.869+0000] {processor.py:208} INFO - Processing /opt/airflow/dags/weather_etl_dag.py took 0.151 seconds
[2026-03-05T23:17:47.182+0000] {processor.py:186} INFO - Started process (PID=984) to work on /opt/airflow/dags/weather_etl_dag.py
[2026-03-05T23:17:47.184+0000] {processor.py:914} INFO - Processing file /opt/airflow/dags/weather_etl_dag.py for tasks to queue
[2026-03-05T23:17:47.187+0000] {logging_mixin.py:190} INFO - [2026-03-05T23:17:47.186+0000] {dagbag.py:587} INFO - Filling up the DagBag from /opt/airflow/dags/weather_etl_dag.py
[2026-03-05T23:17:47.219+0000] {processor.py:925} INFO - DAG(s) 'Weather_to_Snowflake_v1' retrieved from /opt/airflow/dags/weather_etl_dag.py
[2026-03-05T23:17:47.245+0000] {logging_mixin.py:190} INFO - [2026-03-05T23:17:47.244+0000] {dag.py:3229} INFO - Sync 1 DAGs
[2026-03-05T23:17:47.280+0000] {logging_mixin.py:190} INFO - [2026-03-05T23:17:47.279+0000] {dag.py:4156} INFO - Setting next_dagrun for Weather_to_Snowflake_v1 to 2026-03-05 02:30:00+00:00, run_after=2026-03-06 02:30:00+00:00
[2026-03-05T23:17:47.306+0000] {processor.py:208} INFO - Processing /opt/airflow/dags/weather_etl_dag.py took 0.131 seconds
[2026-03-05T23:18:17.617+0000] {processor.py:186} INFO - Started process (PID=995) to work on /opt/airflow/dags/weather_etl_dag.py
[2026-03-05T23:18:17.618+0000] {processor.py:914} INFO - Processing file /opt/airflow/dags/weather_etl_dag.py for tasks to queue
[2026-03-05T23:18:17.622+0000] {logging_mixin.py:190} INFO - [2026-03-05T23:18:17.621+0000] {dagbag.py:587} INFO - Filling up the DagBag from /opt/airflow/dags/weather_etl_dag.py
[2026-03-05T23:18:17.653+0000] {processor.py:925} INFO - DAG(s) 'Weather_to_Snowflake_v1' retrieved from /opt/airflow/dags/weather_etl_dag.py
[2026-03-05T23:18:17.684+0000] {logging_mixin.py:190} INFO - [2026-03-05T23:18:17.683+0000] {dag.py:3229} INFO - Sync 1 DAGs
[2026-03-05T23:18:17.711+0000] {logging_mixin.py:190} INFO - [2026-03-05T23:18:17.711+0000] {dag.py:4156} INFO - Setting next_dagrun for Weather_to_Snowflake_v1 to 2026-03-05 02:30:00+00:00, run_after=2026-03-06 02:30:00+00:00
[2026-03-05T23:18:17.733+0000] {processor.py:208} INFO - Processing /opt/airflow/dags/weather_etl_dag.py took 0.122 seconds
[2026-03-05T23:18:47.958+0000] {processor.py:186} INFO - Started process (PID=1005) to work on /opt/airflow/dags/weather_etl_dag.py
[2026-03-05T23:18:47.961+0000] {processor.py:914} INFO - Processing file /opt/airflow/dags/weather_etl_dag.py for tasks to queue
[2026-03-05T23:18:47.966+0000] {logging_mixin.py:190} INFO - [2026-03-05T23:18:47.966+0000] {dagbag.py:587} INFO - Filling up the DagBag from /opt/airflow/dags/weather_etl_dag.py
[2026-03-05T23:18:48.012+0000] {processor.py:925} INFO - DAG(s) 'Weather_to_Snowflake_v1' retrieved from /opt/airflow/dags/weather_etl_dag.py
[2026-03-05T23:18:48.045+0000] {logging_mixin.py:190} INFO - [2026-03-05T23:18:48.044+0000] {dag.py:3229} INFO - Sync 1 DAGs
[2026-03-05T23:18:48.072+0000] {logging_mixin.py:190} INFO - [2026-03-05T23:18:48.072+0000] {dag.py:4156} INFO - Setting next_dagrun for Weather_to_Snowflake_v1 to 2026-03-05 02:30:00+00:00, run_after=2026-03-06 02:30:00+00:00
[2026-03-05T23:18:48.090+0000] {processor.py:208} INFO - Processing /opt/airflow/dags/weather_etl_dag.py took 0.143 seconds
[2026-03-05T23:19:18.447+0000] {processor.py:186} INFO - Started process (PID=1016) to work on /opt/airflow/dags/weather_etl_dag.py
[2026-03-05T23:19:18.449+0000] {processor.py:914} INFO - Processing file /opt/airflow/dags/weather_etl_dag.py for tasks to queue
[2026-03-05T23:19:18.454+0000] {logging_mixin.py:190} INFO - [2026-03-05T23:19:18.453+0000] {dagbag.py:587} INFO - Filling up the DagBag from /opt/airflow/dags/weather_etl_dag.py
[2026-03-05T23:19:18.495+0000] {processor.py:925} INFO - DAG(s) 'Weather_to_Snowflake_v1' retrieved from /opt/airflow/dags/weather_etl_dag.py
[2026-03-05T23:19:18.532+0000] {logging_mixin.py:190} INFO - [2026-03-05T23:19:18.531+0000] {dag.py:3229} INFO - Sync 1 DAGs
[2026-03-05T23:19:18.563+0000] {logging_mixin.py:190} INFO - [2026-03-05T23:19:18.563+0000] {dag.py:4156} INFO - Setting next_dagrun for Weather_to_Snowflake_v1 to 2026-03-05 02:30:00+00:00, run_after=2026-03-06 02:30:00+00:00
[2026-03-05T23:19:18.591+0000] {processor.py:208} INFO - Processing /opt/airflow/dags/weather_etl_dag.py took 0.154 seconds
[2026-03-05T23:19:48.801+0000] {processor.py:186} INFO - Started process (PID=1027) to work on /opt/airflow/dags/weather_etl_dag.py
[2026-03-05T23:19:48.803+0000] {processor.py:914} INFO - Processing file /opt/airflow/dags/weather_etl_dag.py for tasks to queue
[2026-03-05T23:19:48.808+0000] {logging_mixin.py:190} INFO - [2026-03-05T23:19:48.807+0000] {dagbag.py:587} INFO - Filling up the DagBag from /opt/airflow/dags/weather_etl_dag.py
[2026-03-05T23:19:48.844+0000] {processor.py:925} INFO - DAG(s) 'Weather_to_Snowflake_v1' retrieved from /opt/airflow/dags/weather_etl_dag.py
[2026-03-05T23:19:48.873+0000] {logging_mixin.py:190} INFO - [2026-03-05T23:19:48.872+0000] {dag.py:3229} INFO - Sync 1 DAGs
[2026-03-05T23:19:48.897+0000] {logging_mixin.py:190} INFO - [2026-03-05T23:19:48.897+0000] {dag.py:4156} INFO - Setting next_dagrun for Weather_to_Snowflake_v1 to 2026-03-05 02:30:00+00:00, run_after=2026-03-06 02:30:00+00:00
[2026-03-05T23:19:48.918+0000] {processor.py:208} INFO - Processing /opt/airflow/dags/weather_etl_dag.py took 0.124 seconds
[2026-03-05T23:20:19.229+0000] {processor.py:186} INFO - Started process (PID=1038) to work on /opt/airflow/dags/weather_etl_dag.py
[2026-03-05T23:20:19.231+0000] {processor.py:914} INFO - Processing file /opt/airflow/dags/weather_etl_dag.py for tasks to queue
[2026-03-05T23:20:19.234+0000] {logging_mixin.py:190} INFO - [2026-03-05T23:20:19.233+0000] {dagbag.py:587} INFO - Filling up the DagBag from /opt/airflow/dags/weather_etl_dag.py
[2026-03-05T23:20:19.259+0000] {processor.py:925} INFO - DAG(s) 'Weather_to_Snowflake_v1' retrieved from /opt/airflow/dags/weather_etl_dag.py
[2026-03-05T23:20:19.282+0000] {logging_mixin.py:190} INFO - [2026-03-05T23:20:19.282+0000] {dag.py:3229} INFO - Sync 1 DAGs
[2026-03-05T23:20:19.304+0000] {logging_mixin.py:190} INFO - [2026-03-05T23:20:19.303+0000] {dag.py:4156} INFO - Setting next_dagrun for Weather_to_Snowflake_v1 to 2026-03-05 02:30:00+00:00, run_after=2026-03-06 02:30:00+00:00
[2026-03-05T23:20:19.330+0000] {processor.py:208} INFO - Processing /opt/airflow/dags/weather_etl_dag.py took 0.106 seconds
[2026-03-05T23:20:49.622+0000] {processor.py:186} INFO - Started process (PID=1049) to work on /opt/airflow/dags/weather_etl_dag.py
[2026-03-05T23:20:49.625+0000] {processor.py:914} INFO - Processing file /opt/airflow/dags/weather_etl_dag.py for tasks to queue
[2026-03-05T23:20:49.629+0000] {logging_mixin.py:190} INFO - [2026-03-05T23:20:49.629+0000] {dagbag.py:587} INFO - Filling up the DagBag from /opt/airflow/dags/weather_etl_dag.py
[2026-03-05T23:20:49.707+0000] {processor.py:925} INFO - DAG(s) 'Weather_to_Snowflake_v1' retrieved from /opt/airflow/dags/weather_etl_dag.py
[2026-03-05T23:20:49.754+0000] {logging_mixin.py:190} INFO - [2026-03-05T23:20:49.753+0000] {dag.py:3229} INFO - Sync 1 DAGs
[2026-03-05T23:20:49.780+0000] {logging_mixin.py:190} INFO - [2026-03-05T23:20:49.779+0000] {dag.py:4156} INFO - Setting next_dagrun for Weather_to_Snowflake_v1 to 2026-03-05 02:30:00+00:00, run_after=2026-03-06 02:30:00+00:00
[2026-03-05T23:20:49.803+0000] {processor.py:208} INFO - Processing /opt/airflow/dags/weather_etl_dag.py took 0.188 seconds
[2026-03-05T23:21:20.123+0000] {processor.py:186} INFO - Started process (PID=1060) to work on /opt/airflow/dags/weather_etl_dag.py
[2026-03-05T23:21:20.125+0000] {processor.py:914} INFO - Processing file /opt/airflow/dags/weather_etl_dag.py for tasks to queue
[2026-03-05T23:21:20.129+0000] {logging_mixin.py:190} INFO - [2026-03-05T23:21:20.128+0000] {dagbag.py:587} INFO - Filling up the DagBag from /opt/airflow/dags/weather_etl_dag.py
[2026-03-05T23:21:20.178+0000] {processor.py:925} INFO - DAG(s) 'Weather_to_Snowflake_v1' retrieved from /opt/airflow/dags/weather_etl_dag.py
[2026-03-05T23:21:20.208+0000] {logging_mixin.py:190} INFO - [2026-03-05T23:21:20.207+0000] {dag.py:3229} INFO - Sync 1 DAGs
[2026-03-05T23:21:20.233+0000] {logging_mixin.py:190} INFO - [2026-03-05T23:21:20.233+0000] {dag.py:4156} INFO - Setting next_dagrun for Weather_to_Snowflake_v1 to 2026-03-05 02:30:00+00:00, run_after=2026-03-06 02:30:00+00:00
[2026-03-05T23:21:20.253+0000] {processor.py:208} INFO - Processing /opt/airflow/dags/weather_etl_dag.py took 0.140 seconds
[2026-03-05T23:21:50.568+0000] {processor.py:186} INFO - Started process (PID=1071) to work on /opt/airflow/dags/weather_etl_dag.py
[2026-03-05T23:21:50.570+0000] {processor.py:914} INFO - Processing file /opt/airflow/dags/weather_etl_dag.py for tasks to queue
[2026-03-05T23:21:50.574+0000] {logging_mixin.py:190} INFO - [2026-03-05T23:21:50.574+0000] {dagbag.py:587} INFO - Filling up the DagBag from /opt/airflow/dags/weather_etl_dag.py
[2026-03-05T23:21:50.611+0000] {processor.py:925} INFO - DAG(s) 'Weather_to_Snowflake_v1' retrieved from /opt/airflow/dags/weather_etl_dag.py
[2026-03-05T23:21:50.635+0000] {logging_mixin.py:190} INFO - [2026-03-05T23:21:50.635+0000] {dag.py:3229} INFO - Sync 1 DAGs
[2026-03-05T23:21:50.655+0000] {logging_mixin.py:190} INFO - [2026-03-05T23:21:50.655+0000] {dag.py:4156} INFO - Setting next_dagrun for Weather_to_Snowflake_v1 to 2026-03-05 02:30:00+00:00, run_after=2026-03-06 02:30:00+00:00
[2026-03-05T23:21:50.679+0000] {processor.py:208} INFO - Processing /opt/airflow/dags/weather_etl_dag.py took 0.119 seconds
[2026-03-05T23:22:21.036+0000] {processor.py:186} INFO - Started process (PID=1082) to work on /opt/airflow/dags/weather_etl_dag.py
[2026-03-05T23:22:21.039+0000] {processor.py:914} INFO - Processing file /opt/airflow/dags/weather_etl_dag.py for tasks to queue
[2026-03-05T23:22:21.044+0000] {logging_mixin.py:190} INFO - [2026-03-05T23:22:21.044+0000] {dagbag.py:587} INFO - Filling up the DagBag from /opt/airflow/dags/weather_etl_dag.py
[2026-03-05T23:22:21.105+0000] {processor.py:925} INFO - DAG(s) 'Weather_to_Snowflake_v1' retrieved from /opt/airflow/dags/weather_etl_dag.py
[2026-03-05T23:22:21.146+0000] {logging_mixin.py:190} INFO - [2026-03-05T23:22:21.146+0000] {dag.py:3229} INFO - Sync 1 DAGs
[2026-03-05T23:22:21.178+0000] {logging_mixin.py:190} INFO - [2026-03-05T23:22:21.178+0000] {dag.py:4156} INFO - Setting next_dagrun for Weather_to_Snowflake_v1 to 2026-03-05 02:30:00+00:00, run_after=2026-03-06 02:30:00+00:00
[2026-03-05T23:22:21.200+0000] {processor.py:208} INFO - Processing /opt/airflow/dags/weather_etl_dag.py took 0.182 seconds
[2026-03-05T23:22:51.431+0000] {processor.py:186} INFO - Started process (PID=1093) to work on /opt/airflow/dags/weather_etl_dag.py
[2026-03-05T23:22:51.433+0000] {processor.py:914} INFO - Processing file /opt/airflow/dags/weather_etl_dag.py for tasks to queue
[2026-03-05T23:22:51.436+0000] {logging_mixin.py:190} INFO - [2026-03-05T23:22:51.435+0000] {dagbag.py:587} INFO - Filling up the DagBag from /opt/airflow/dags/weather_etl_dag.py
[2026-03-05T23:22:51.477+0000] {processor.py:925} INFO - DAG(s) 'Weather_to_Snowflake_v1' retrieved from /opt/airflow/dags/weather_etl_dag.py
[2026-03-05T23:22:51.513+0000] {logging_mixin.py:190} INFO - [2026-03-05T23:22:51.512+0000] {dag.py:3229} INFO - Sync 1 DAGs
[2026-03-05T23:22:51.541+0000] {logging_mixin.py:190} INFO - [2026-03-05T23:22:51.540+0000] {dag.py:4156} INFO - Setting next_dagrun for Weather_to_Snowflake_v1 to 2026-03-05 02:30:00+00:00, run_after=2026-03-06 02:30:00+00:00
[2026-03-05T23:22:51.563+0000] {processor.py:208} INFO - Processing /opt/airflow/dags/weather_etl_dag.py took 0.139 seconds
[2026-03-05T23:23:17.027+0000] {processor.py:186} INFO - Started process (PID=1105) to work on /opt/airflow/dags/weather_etl_dag.py
[2026-03-05T23:23:17.029+0000] {processor.py:914} INFO - Processing file /opt/airflow/dags/weather_etl_dag.py for tasks to queue
[2026-03-05T23:23:17.034+0000] {logging_mixin.py:190} INFO - [2026-03-05T23:23:17.033+0000] {dagbag.py:587} INFO - Filling up the DagBag from /opt/airflow/dags/weather_etl_dag.py
[2026-03-05T23:23:17.085+0000] {processor.py:925} INFO - DAG(s) 'Weather_to_Snowflake_v1' retrieved from /opt/airflow/dags/weather_etl_dag.py
[2026-03-05T23:23:17.111+0000] {logging_mixin.py:190} INFO - [2026-03-05T23:23:17.111+0000] {dag.py:3229} INFO - Sync 1 DAGs
[2026-03-05T23:23:17.132+0000] {logging_mixin.py:190} INFO - [2026-03-05T23:23:17.132+0000] {dag.py:4156} INFO - Setting next_dagrun for Weather_to_Snowflake_v1 to 2026-03-05 02:30:00+00:00, run_after=2026-03-06 02:30:00+00:00
[2026-03-05T23:23:17.156+0000] {processor.py:208} INFO - Processing /opt/airflow/dags/weather_etl_dag.py took 0.138 seconds
[2026-03-05T23:23:47.422+0000] {processor.py:186} INFO - Started process (PID=1116) to work on /opt/airflow/dags/weather_etl_dag.py
[2026-03-05T23:23:47.424+0000] {processor.py:914} INFO - Processing file /opt/airflow/dags/weather_etl_dag.py for tasks to queue
[2026-03-05T23:23:47.428+0000] {logging_mixin.py:190} INFO - [2026-03-05T23:23:47.428+0000] {dagbag.py:587} INFO - Filling up the DagBag from /opt/airflow/dags/weather_etl_dag.py
[2026-03-05T23:23:47.477+0000] {processor.py:925} INFO - DAG(s) 'Weather_to_Snowflake_v1' retrieved from /opt/airflow/dags/weather_etl_dag.py
[2026-03-05T23:23:47.523+0000] {logging_mixin.py:190} INFO - [2026-03-05T23:23:47.522+0000] {dag.py:3229} INFO - Sync 1 DAGs
[2026-03-05T23:23:47.543+0000] {logging_mixin.py:190} INFO - [2026-03-05T23:23:47.542+0000] {dag.py:4156} INFO - Setting next_dagrun for Weather_to_Snowflake_v1 to 2026-03-05 02:30:00+00:00, run_after=2026-03-06 02:30:00+00:00
[2026-03-05T23:23:47.560+0000] {processor.py:208} INFO - Processing /opt/airflow/dags/weather_etl_dag.py took 0.150 seconds
[2026-03-05T23:24:17.937+0000] {processor.py:186} INFO - Started process (PID=1127) to work on /opt/airflow/dags/weather_etl_dag.py
[2026-03-05T23:24:17.938+0000] {processor.py:914} INFO - Processing file /opt/airflow/dags/weather_etl_dag.py for tasks to queue
[2026-03-05T23:24:17.941+0000] {logging_mixin.py:190} INFO - [2026-03-05T23:24:17.941+0000] {dagbag.py:587} INFO - Filling up the DagBag from /opt/airflow/dags/weather_etl_dag.py
[2026-03-05T23:24:17.983+0000] {processor.py:925} INFO - DAG(s) 'Weather_to_Snowflake_v1' retrieved from /opt/airflow/dags/weather_etl_dag.py
[2026-03-05T23:24:18.028+0000] {logging_mixin.py:190} INFO - [2026-03-05T23:24:18.027+0000] {dag.py:3229} INFO - Sync 1 DAGs
[2026-03-05T23:24:18.058+0000] {logging_mixin.py:190} INFO - [2026-03-05T23:24:18.058+0000] {dag.py:4156} INFO - Setting next_dagrun for Weather_to_Snowflake_v1 to 2026-03-05 02:30:00+00:00, run_after=2026-03-06 02:30:00+00:00
[2026-03-05T23:24:18.087+0000] {processor.py:208} INFO - Processing /opt/airflow/dags/weather_etl_dag.py took 0.157 seconds
[2026-03-05T23:24:48.372+0000] {processor.py:186} INFO - Started process (PID=1138) to work on /opt/airflow/dags/weather_etl_dag.py
[2026-03-05T23:24:48.374+0000] {processor.py:914} INFO - Processing file /opt/airflow/dags/weather_etl_dag.py for tasks to queue
[2026-03-05T23:24:48.377+0000] {logging_mixin.py:190} INFO - [2026-03-05T23:24:48.377+0000] {dagbag.py:587} INFO - Filling up the DagBag from /opt/airflow/dags/weather_etl_dag.py
[2026-03-05T23:24:48.423+0000] {processor.py:925} INFO - DAG(s) 'Weather_to_Snowflake_v1' retrieved from /opt/airflow/dags/weather_etl_dag.py
[2026-03-05T23:24:48.455+0000] {logging_mixin.py:190} INFO - [2026-03-05T23:24:48.454+0000] {dag.py:3229} INFO - Sync 1 DAGs
[2026-03-05T23:24:48.477+0000] {logging_mixin.py:190} INFO - [2026-03-05T23:24:48.476+0000] {dag.py:4156} INFO - Setting next_dagrun for Weather_to_Snowflake_v1 to 2026-03-05 02:30:00+00:00, run_after=2026-03-06 02:30:00+00:00
[2026-03-05T23:24:48.499+0000] {processor.py:208} INFO - Processing /opt/airflow/dags/weather_etl_dag.py took 0.136 seconds
[2026-03-05T23:25:18.862+0000] {processor.py:186} INFO - Started process (PID=1149) to work on /opt/airflow/dags/weather_etl_dag.py
[2026-03-05T23:25:18.864+0000] {processor.py:914} INFO - Processing file /opt/airflow/dags/weather_etl_dag.py for tasks to queue
[2026-03-05T23:25:18.868+0000] {logging_mixin.py:190} INFO - [2026-03-05T23:25:18.868+0000] {dagbag.py:587} INFO - Filling up the DagBag from /opt/airflow/dags/weather_etl_dag.py
[2026-03-05T23:25:18.916+0000] {processor.py:925} INFO - DAG(s) 'Weather_to_Snowflake_v1' retrieved from /opt/airflow/dags/weather_etl_dag.py
[2026-03-05T23:25:18.945+0000] {logging_mixin.py:190} INFO - [2026-03-05T23:25:18.944+0000] {dag.py:3229} INFO - Sync 1 DAGs
[2026-03-05T23:25:18.962+0000] {logging_mixin.py:190} INFO - [2026-03-05T23:25:18.962+0000] {dag.py:4156} INFO - Setting next_dagrun for Weather_to_Snowflake_v1 to 2026-03-05 02:30:00+00:00, run_after=2026-03-06 02:30:00+00:00
[2026-03-05T23:25:18.981+0000] {processor.py:208} INFO - Processing /opt/airflow/dags/weather_etl_dag.py took 0.126 seconds
[2026-03-05T23:25:49.278+0000] {processor.py:186} INFO - Started process (PID=1160) to work on /opt/airflow/dags/weather_etl_dag.py
[2026-03-05T23:25:49.279+0000] {processor.py:914} INFO - Processing file /opt/airflow/dags/weather_etl_dag.py for tasks to queue
[2026-03-05T23:25:49.284+0000] {logging_mixin.py:190} INFO - [2026-03-05T23:25:49.284+0000] {dagbag.py:587} INFO - Filling up the DagBag from /opt/airflow/dags/weather_etl_dag.py
[2026-03-05T23:25:49.320+0000] {processor.py:925} INFO - DAG(s) 'Weather_to_Snowflake_v1' retrieved from /opt/airflow/dags/weather_etl_dag.py
[2026-03-05T23:25:49.343+0000] {logging_mixin.py:190} INFO - [2026-03-05T23:25:49.342+0000] {dag.py:3229} INFO - Sync 1 DAGs
[2026-03-05T23:25:49.363+0000] {logging_mixin.py:190} INFO - [2026-03-05T23:25:49.363+0000] {dag.py:4156} INFO - Setting next_dagrun for Weather_to_Snowflake_v1 to 2026-03-05 02:30:00+00:00, run_after=2026-03-06 02:30:00+00:00
[2026-03-05T23:25:49.380+0000] {processor.py:208} INFO - Processing /opt/airflow/dags/weather_etl_dag.py took 0.107 seconds
[2026-03-05T23:26:19.725+0000] {processor.py:186} INFO - Started process (PID=1171) to work on /opt/airflow/dags/weather_etl_dag.py
[2026-03-05T23:26:19.726+0000] {processor.py:914} INFO - Processing file /opt/airflow/dags/weather_etl_dag.py for tasks to queue
[2026-03-05T23:26:19.728+0000] {logging_mixin.py:190} INFO - [2026-03-05T23:26:19.728+0000] {dagbag.py:587} INFO - Filling up the DagBag from /opt/airflow/dags/weather_etl_dag.py
[2026-03-05T23:26:19.755+0000] {processor.py:925} INFO - DAG(s) 'Weather_to_Snowflake_v1' retrieved from /opt/airflow/dags/weather_etl_dag.py
[2026-03-05T23:26:19.784+0000] {logging_mixin.py:190} INFO - [2026-03-05T23:26:19.783+0000] {dag.py:3229} INFO - Sync 1 DAGs
[2026-03-05T23:26:19.818+0000] {logging_mixin.py:190} INFO - [2026-03-05T23:26:19.817+0000] {dag.py:4156} INFO - Setting next_dagrun for Weather_to_Snowflake_v1 to 2026-03-05 02:30:00+00:00, run_after=2026-03-06 02:30:00+00:00
[2026-03-05T23:26:19.852+0000] {processor.py:208} INFO - Processing /opt/airflow/dags/weather_etl_dag.py took 0.133 seconds
[2026-03-05T23:26:50.164+0000] {processor.py:186} INFO - Started process (PID=1182) to work on /opt/airflow/dags/weather_etl_dag.py
[2026-03-05T23:26:50.166+0000] {processor.py:914} INFO - Processing file /opt/airflow/dags/weather_etl_dag.py for tasks to queue
[2026-03-05T23:26:50.169+0000] {logging_mixin.py:190} INFO - [2026-03-05T23:26:50.168+0000] {dagbag.py:587} INFO - Filling up the DagBag from /opt/airflow/dags/weather_etl_dag.py
[2026-03-05T23:26:50.201+0000] {processor.py:925} INFO - DAG(s) 'Weather_to_Snowflake_v1' retrieved from /opt/airflow/dags/weather_etl_dag.py
[2026-03-05T23:26:50.231+0000] {logging_mixin.py:190} INFO - [2026-03-05T23:26:50.230+0000] {dag.py:3229} INFO - Sync 1 DAGs
[2026-03-05T23:26:50.257+0000] {logging_mixin.py:190} INFO - [2026-03-05T23:26:50.256+0000] {dag.py:4156} INFO - Setting next_dagrun for Weather_to_Snowflake_v1 to 2026-03-05 02:30:00+00:00, run_after=2026-03-06 02:30:00+00:00
[2026-03-05T23:26:50.281+0000] {processor.py:208} INFO - Processing /opt/airflow/dags/weather_etl_dag.py took 0.121 seconds
[2026-03-05T23:27:20.557+0000] {processor.py:186} INFO - Started process (PID=1193) to work on /opt/airflow/dags/weather_etl_dag.py
[2026-03-05T23:27:20.558+0000] {processor.py:914} INFO - Processing file /opt/airflow/dags/weather_etl_dag.py for tasks to queue
[2026-03-05T23:27:20.561+0000] {logging_mixin.py:190} INFO - [2026-03-05T23:27:20.561+0000] {dagbag.py:587} INFO - Filling up the DagBag from /opt/airflow/dags/weather_etl_dag.py
[2026-03-05T23:27:20.587+0000] {processor.py:925} INFO - DAG(s) 'Weather_to_Snowflake_v1' retrieved from /opt/airflow/dags/weather_etl_dag.py
[2026-03-05T23:27:20.612+0000] {logging_mixin.py:190} INFO - [2026-03-05T23:27:20.612+0000] {dag.py:3229} INFO - Sync 1 DAGs
[2026-03-05T23:27:20.633+0000] {logging_mixin.py:190} INFO - [2026-03-05T23:27:20.633+0000] {dag.py:4156} INFO - Setting next_dagrun for Weather_to_Snowflake_v1 to 2026-03-05 02:30:00+00:00, run_after=2026-03-06 02:30:00+00:00
[2026-03-05T23:27:20.650+0000] {processor.py:208} INFO - Processing /opt/airflow/dags/weather_etl_dag.py took 0.097 seconds
[2026-03-05T23:27:51.029+0000] {processor.py:186} INFO - Started process (PID=1204) to work on /opt/airflow/dags/weather_etl_dag.py
[2026-03-05T23:27:51.030+0000] {processor.py:914} INFO - Processing file /opt/airflow/dags/weather_etl_dag.py for tasks to queue
[2026-03-05T23:27:51.034+0000] {logging_mixin.py:190} INFO - [2026-03-05T23:27:51.033+0000] {dagbag.py:587} INFO - Filling up the DagBag from /opt/airflow/dags/weather_etl_dag.py
[2026-03-05T23:27:51.079+0000] {processor.py:925} INFO - DAG(s) 'Weather_to_Snowflake_v1' retrieved from /opt/airflow/dags/weather_etl_dag.py
[2026-03-05T23:27:51.125+0000] {logging_mixin.py:190} INFO - [2026-03-05T23:27:51.124+0000] {dag.py:3229} INFO - Sync 1 DAGs
[2026-03-05T23:27:51.144+0000] {logging_mixin.py:190} INFO - [2026-03-05T23:27:51.144+0000] {dag.py:4156} INFO - Setting next_dagrun for Weather_to_Snowflake_v1 to 2026-03-05 02:30:00+00:00, run_after=2026-03-06 02:30:00+00:00
[2026-03-05T23:27:51.163+0000] {processor.py:208} INFO - Processing /opt/airflow/dags/weather_etl_dag.py took 0.142 seconds
[2026-03-05T23:28:21.404+0000] {processor.py:186} INFO - Started process (PID=1215) to work on /opt/airflow/dags/weather_etl_dag.py
[2026-03-05T23:28:21.406+0000] {processor.py:914} INFO - Processing file /opt/airflow/dags/weather_etl_dag.py for tasks to queue
[2026-03-05T23:28:21.411+0000] {logging_mixin.py:190} INFO - [2026-03-05T23:28:21.410+0000] {dagbag.py:587} INFO - Filling up the DagBag from /opt/airflow/dags/weather_etl_dag.py
[2026-03-05T23:28:21.451+0000] {processor.py:925} INFO - DAG(s) 'Weather_to_Snowflake_v1' retrieved from /opt/airflow/dags/weather_etl_dag.py
[2026-03-05T23:28:21.476+0000] {logging_mixin.py:190} INFO - [2026-03-05T23:28:21.476+0000] {dag.py:3229} INFO - Sync 1 DAGs
[2026-03-05T23:28:21.496+0000] {logging_mixin.py:190} INFO - [2026-03-05T23:28:21.496+0000] {dag.py:4156} INFO - Setting next_dagrun for Weather_to_Snowflake_v1 to 2026-03-05 02:30:00+00:00, run_after=2026-03-06 02:30:00+00:00
[2026-03-05T23:28:21.517+0000] {processor.py:208} INFO - Processing /opt/airflow/dags/weather_etl_dag.py took 0.122 seconds
[2026-03-05T23:28:51.876+0000] {processor.py:186} INFO - Started process (PID=1226) to work on /opt/airflow/dags/weather_etl_dag.py
[2026-03-05T23:28:51.879+0000] {processor.py:914} INFO - Processing file /opt/airflow/dags/weather_etl_dag.py for tasks to queue
[2026-03-05T23:28:51.882+0000] {logging_mixin.py:190} INFO - [2026-03-05T23:28:51.881+0000] {dagbag.py:587} INFO - Filling up the DagBag from /opt/airflow/dags/weather_etl_dag.py
[2026-03-05T23:28:51.913+0000] {processor.py:925} INFO - DAG(s) 'Weather_to_Snowflake_v1' retrieved from /opt/airflow/dags/weather_etl_dag.py
[2026-03-05T23:28:51.939+0000] {logging_mixin.py:190} INFO - [2026-03-05T23:28:51.939+0000] {dag.py:3229} INFO - Sync 1 DAGs
[2026-03-05T23:28:51.960+0000] {logging_mixin.py:190} INFO - [2026-03-05T23:28:51.960+0000] {dag.py:4156} INFO - Setting next_dagrun for Weather_to_Snowflake_v1 to 2026-03-05 02:30:00+00:00, run_after=2026-03-06 02:30:00+00:00
[2026-03-05T23:28:51.977+0000] {processor.py:208} INFO - Processing /opt/airflow/dags/weather_etl_dag.py took 0.105 seconds
[2026-03-05T23:29:22.276+0000] {processor.py:186} INFO - Started process (PID=1237) to work on /opt/airflow/dags/weather_etl_dag.py
[2026-03-05T23:29:22.277+0000] {processor.py:914} INFO - Processing file /opt/airflow/dags/weather_etl_dag.py for tasks to queue
[2026-03-05T23:29:22.280+0000] {logging_mixin.py:190} INFO - [2026-03-05T23:29:22.280+0000] {dagbag.py:587} INFO - Filling up the DagBag from /opt/airflow/dags/weather_etl_dag.py
[2026-03-05T23:29:22.298+0000] {processor.py:925} INFO - DAG(s) 'Weather_to_Snowflake_v1' retrieved from /opt/airflow/dags/weather_etl_dag.py
[2026-03-05T23:29:22.324+0000] {logging_mixin.py:190} INFO - [2026-03-05T23:29:22.324+0000] {dag.py:3229} INFO - Sync 1 DAGs
[2026-03-05T23:29:22.343+0000] {logging_mixin.py:190} INFO - [2026-03-05T23:29:22.343+0000] {dag.py:4156} INFO - Setting next_dagrun for Weather_to_Snowflake_v1 to 2026-03-05 02:30:00+00:00, run_after=2026-03-06 02:30:00+00:00
[2026-03-05T23:29:22.364+0000] {processor.py:208} INFO - Processing /opt/airflow/dags/weather_etl_dag.py took 0.097 seconds
[2026-03-05T23:29:52.723+0000] {processor.py:186} INFO - Started process (PID=1248) to work on /opt/airflow/dags/weather_etl_dag.py
[2026-03-05T23:29:52.725+0000] {processor.py:914} INFO - Processing file /opt/airflow/dags/weather_etl_dag.py for tasks to queue
[2026-03-05T23:29:52.729+0000] {logging_mixin.py:190} INFO - [2026-03-05T23:29:52.728+0000] {dagbag.py:587} INFO - Filling up the DagBag from /opt/airflow/dags/weather_etl_dag.py
[2026-03-05T23:29:52.768+0000] {processor.py:925} INFO - DAG(s) 'Weather_to_Snowflake_v1' retrieved from /opt/airflow/dags/weather_etl_dag.py
[2026-03-05T23:29:52.791+0000] {logging_mixin.py:190} INFO - [2026-03-05T23:29:52.790+0000] {dag.py:3229} INFO - Sync 1 DAGs
[2026-03-05T23:29:52.810+0000] {logging_mixin.py:190} INFO - [2026-03-05T23:29:52.810+0000] {dag.py:4156} INFO - Setting next_dagrun for Weather_to_Snowflake_v1 to 2026-03-05 02:30:00+00:00, run_after=2026-03-06 02:30:00+00:00
[2026-03-05T23:29:52.826+0000] {processor.py:208} INFO - Processing /opt/airflow/dags/weather_etl_dag.py took 0.108 seconds
[2026-03-05T23:30:23.166+0000] {processor.py:186} INFO - Started process (PID=1259) to work on /opt/airflow/dags/weather_etl_dag.py
[2026-03-05T23:30:23.168+0000] {processor.py:914} INFO - Processing file /opt/airflow/dags/weather_etl_dag.py for tasks to queue
[2026-03-05T23:30:23.173+0000] {logging_mixin.py:190} INFO - [2026-03-05T23:30:23.172+0000] {dagbag.py:587} INFO - Filling up the DagBag from /opt/airflow/dags/weather_etl_dag.py
[2026-03-05T23:30:23.223+0000] {processor.py:925} INFO - DAG(s) 'Weather_to_Snowflake_v1' retrieved from /opt/airflow/dags/weather_etl_dag.py
[2026-03-05T23:30:23.251+0000] {logging_mixin.py:190} INFO - [2026-03-05T23:30:23.250+0000] {dag.py:3229} INFO - Sync 1 DAGs
[2026-03-05T23:30:23.272+0000] {logging_mixin.py:190} INFO - [2026-03-05T23:30:23.271+0000] {dag.py:4156} INFO - Setting next_dagrun for Weather_to_Snowflake_v1 to 2026-03-05 02:30:00+00:00, run_after=2026-03-06 02:30:00+00:00
[2026-03-05T23:30:23.342+0000] {processor.py:208} INFO - Processing /opt/airflow/dags/weather_etl_dag.py took 0.184 seconds
[2026-03-05T23:30:53.697+0000] {processor.py:186} INFO - Started process (PID=1270) to work on /opt/airflow/dags/weather_etl_dag.py
[2026-03-05T23:30:53.701+0000] {processor.py:914} INFO - Processing file /opt/airflow/dags/weather_etl_dag.py for tasks to queue
[2026-03-05T23:30:53.715+0000] {logging_mixin.py:190} INFO - [2026-03-05T23:30:53.714+0000] {dagbag.py:587} INFO - Filling up the DagBag from /opt/airflow/dags/weather_etl_dag.py
[2026-03-05T23:30:53.798+0000] {processor.py:925} INFO - DAG(s) 'Weather_to_Snowflake_v1' retrieved from /opt/airflow/dags/weather_etl_dag.py
[2026-03-05T23:30:53.843+0000] {logging_mixin.py:190} INFO - [2026-03-05T23:30:53.842+0000] {dag.py:3229} INFO - Sync 1 DAGs
[2026-03-05T23:30:53.863+0000] {logging_mixin.py:190} INFO - [2026-03-05T23:30:53.863+0000] {dag.py:4156} INFO - Setting next_dagrun for Weather_to_Snowflake_v1 to 2026-03-05 02:30:00+00:00, run_after=2026-03-06 02:30:00+00:00
[2026-03-05T23:30:53.890+0000] {processor.py:208} INFO - Processing /opt/airflow/dags/weather_etl_dag.py took 0.221 seconds
[2026-03-05T23:31:24.198+0000] {processor.py:186} INFO - Started process (PID=1281) to work on /opt/airflow/dags/weather_etl_dag.py
[2026-03-05T23:31:24.201+0000] {processor.py:914} INFO - Processing file /opt/airflow/dags/weather_etl_dag.py for tasks to queue
[2026-03-05T23:31:24.208+0000] {logging_mixin.py:190} INFO - [2026-03-05T23:31:24.207+0000] {dagbag.py:587} INFO - Filling up the DagBag from /opt/airflow/dags/weather_etl_dag.py
[2026-03-05T23:31:24.250+0000] {processor.py:925} INFO - DAG(s) 'Weather_to_Snowflake_v1' retrieved from /opt/airflow/dags/weather_etl_dag.py
[2026-03-05T23:31:24.289+0000] {logging_mixin.py:190} INFO - [2026-03-05T23:31:24.288+0000] {dag.py:3229} INFO - Sync 1 DAGs
[2026-03-05T23:31:24.319+0000] {logging_mixin.py:190} INFO - [2026-03-05T23:31:24.319+0000] {dag.py:4156} INFO - Setting next_dagrun for Weather_to_Snowflake_v1 to 2026-03-05 02:30:00+00:00, run_after=2026-03-06 02:30:00+00:00
[2026-03-05T23:31:24.347+0000] {processor.py:208} INFO - Processing /opt/airflow/dags/weather_etl_dag.py took 0.173 seconds
[2026-03-05T23:31:54.593+0000] {processor.py:186} INFO - Started process (PID=1291) to work on /opt/airflow/dags/weather_etl_dag.py
[2026-03-05T23:31:54.594+0000] {processor.py:914} INFO - Processing file /opt/airflow/dags/weather_etl_dag.py for tasks to queue
[2026-03-05T23:31:54.597+0000] {logging_mixin.py:190} INFO - [2026-03-05T23:31:54.596+0000] {dagbag.py:587} INFO - Filling up the DagBag from /opt/airflow/dags/weather_etl_dag.py
[2026-03-05T23:31:54.650+0000] {processor.py:925} INFO - DAG(s) 'Weather_to_Snowflake_v1' retrieved from /opt/airflow/dags/weather_etl_dag.py
[2026-03-05T23:31:54.677+0000] {logging_mixin.py:190} INFO - [2026-03-05T23:31:54.677+0000] {dag.py:3229} INFO - Sync 1 DAGs
[2026-03-05T23:31:54.704+0000] {logging_mixin.py:190} INFO - [2026-03-05T23:31:54.704+0000] {dag.py:4156} INFO - Setting next_dagrun for Weather_to_Snowflake_v1 to 2026-03-05 02:30:00+00:00, run_after=2026-03-06 02:30:00+00:00
[2026-03-05T23:31:54.746+0000] {processor.py:208} INFO - Processing /opt/airflow/dags/weather_etl_dag.py took 0.157 seconds
[2026-03-05T23:32:25.024+0000] {processor.py:186} INFO - Started process (PID=1302) to work on /opt/airflow/dags/weather_etl_dag.py
[2026-03-05T23:32:25.026+0000] {processor.py:914} INFO - Processing file /opt/airflow/dags/weather_etl_dag.py for tasks to queue
[2026-03-05T23:32:25.030+0000] {logging_mixin.py:190} INFO - [2026-03-05T23:32:25.030+0000] {dagbag.py:587} INFO - Filling up the DagBag from /opt/airflow/dags/weather_etl_dag.py
[2026-03-05T23:32:25.088+0000] {processor.py:925} INFO - DAG(s) 'Weather_to_Snowflake_v1' retrieved from /opt/airflow/dags/weather_etl_dag.py
[2026-03-05T23:32:25.129+0000] {logging_mixin.py:190} INFO - [2026-03-05T23:32:25.128+0000] {dag.py:3229} INFO - Sync 1 DAGs
[2026-03-05T23:32:25.153+0000] {logging_mixin.py:190} INFO - [2026-03-05T23:32:25.153+0000] {dag.py:4156} INFO - Setting next_dagrun for Weather_to_Snowflake_v1 to 2026-03-05 02:30:00+00:00, run_after=2026-03-06 02:30:00+00:00
[2026-03-05T23:32:25.174+0000] {processor.py:208} INFO - Processing /opt/airflow/dags/weather_etl_dag.py took 0.161 seconds
[2026-03-05T23:32:55.397+0000] {processor.py:186} INFO - Started process (PID=1313) to work on /opt/airflow/dags/weather_etl_dag.py
[2026-03-05T23:32:55.398+0000] {processor.py:914} INFO - Processing file /opt/airflow/dags/weather_etl_dag.py for tasks to queue
[2026-03-05T23:32:55.402+0000] {logging_mixin.py:190} INFO - [2026-03-05T23:32:55.402+0000] {dagbag.py:587} INFO - Filling up the DagBag from /opt/airflow/dags/weather_etl_dag.py
[2026-03-05T23:32:55.440+0000] {processor.py:925} INFO - DAG(s) 'Weather_to_Snowflake_v1' retrieved from /opt/airflow/dags/weather_etl_dag.py
[2026-03-05T23:32:55.467+0000] {logging_mixin.py:190} INFO - [2026-03-05T23:32:55.467+0000] {dag.py:3229} INFO - Sync 1 DAGs
[2026-03-05T23:32:55.487+0000] {logging_mixin.py:190} INFO - [2026-03-05T23:32:55.487+0000] {dag.py:4156} INFO - Setting next_dagrun for Weather_to_Snowflake_v1 to 2026-03-05 02:30:00+00:00, run_after=2026-03-06 02:30:00+00:00
[2026-03-05T23:32:55.507+0000] {processor.py:208} INFO - Processing /opt/airflow/dags/weather_etl_dag.py took 0.119 seconds
[2026-03-05T23:33:25.876+0000] {processor.py:186} INFO - Started process (PID=1324) to work on /opt/airflow/dags/weather_etl_dag.py
[2026-03-05T23:33:25.878+0000] {processor.py:914} INFO - Processing file /opt/airflow/dags/weather_etl_dag.py for tasks to queue
[2026-03-05T23:33:25.881+0000] {logging_mixin.py:190} INFO - [2026-03-05T23:33:25.881+0000] {dagbag.py:587} INFO - Filling up the DagBag from /opt/airflow/dags/weather_etl_dag.py
[2026-03-05T23:33:25.927+0000] {processor.py:925} INFO - DAG(s) 'Weather_to_Snowflake_v1' retrieved from /opt/airflow/dags/weather_etl_dag.py
[2026-03-05T23:33:25.969+0000] {logging_mixin.py:190} INFO - [2026-03-05T23:33:25.968+0000] {dag.py:3229} INFO - Sync 1 DAGs
[2026-03-05T23:33:25.988+0000] {logging_mixin.py:190} INFO - [2026-03-05T23:33:25.988+0000] {dag.py:4156} INFO - Setting next_dagrun for Weather_to_Snowflake_v1 to 2026-03-05 02:30:00+00:00, run_after=2026-03-06 02:30:00+00:00
[2026-03-05T23:33:26.014+0000] {processor.py:208} INFO - Processing /opt/airflow/dags/weather_etl_dag.py took 0.147 seconds
[2026-03-05T23:33:56.198+0000] {processor.py:186} INFO - Started process (PID=1335) to work on /opt/airflow/dags/weather_etl_dag.py
[2026-03-05T23:33:56.200+0000] {processor.py:914} INFO - Processing file /opt/airflow/dags/weather_etl_dag.py for tasks to queue
[2026-03-05T23:33:56.203+0000] {logging_mixin.py:190} INFO - [2026-03-05T23:33:56.203+0000] {dagbag.py:587} INFO - Filling up the DagBag from /opt/airflow/dags/weather_etl_dag.py
[2026-03-05T23:33:56.232+0000] {processor.py:925} INFO - DAG(s) 'Weather_to_Snowflake_v1' retrieved from /opt/airflow/dags/weather_etl_dag.py
[2026-03-05T23:33:56.260+0000] {logging_mixin.py:190} INFO - [2026-03-05T23:33:56.259+0000] {dag.py:3229} INFO - Sync 1 DAGs
[2026-03-05T23:33:56.282+0000] {logging_mixin.py:190} INFO - [2026-03-05T23:33:56.282+0000] {dag.py:4156} INFO - Setting next_dagrun for Weather_to_Snowflake_v1 to 2026-03-05 02:30:00+00:00, run_after=2026-03-06 02:30:00+00:00
[2026-03-05T23:33:56.302+0000] {processor.py:208} INFO - Processing /opt/airflow/dags/weather_etl_dag.py took 0.109 seconds
[2026-03-05T23:34:26.580+0000] {processor.py:186} INFO - Started process (PID=1346) to work on /opt/airflow/dags/weather_etl_dag.py
[2026-03-05T23:34:26.582+0000] {processor.py:914} INFO - Processing file /opt/airflow/dags/weather_etl_dag.py for tasks to queue
[2026-03-05T23:34:26.586+0000] {logging_mixin.py:190} INFO - [2026-03-05T23:34:26.586+0000] {dagbag.py:587} INFO - Filling up the DagBag from /opt/airflow/dags/weather_etl_dag.py
[2026-03-05T23:34:26.627+0000] {processor.py:925} INFO - DAG(s) 'Weather_to_Snowflake_v1' retrieved from /opt/airflow/dags/weather_etl_dag.py
[2026-03-05T23:34:26.656+0000] {logging_mixin.py:190} INFO - [2026-03-05T23:34:26.655+0000] {dag.py:3229} INFO - Sync 1 DAGs
[2026-03-05T23:34:26.679+0000] {logging_mixin.py:190} INFO - [2026-03-05T23:34:26.679+0000] {dag.py:4156} INFO - Setting next_dagrun for Weather_to_Snowflake_v1 to 2026-03-05 02:30:00+00:00, run_after=2026-03-06 02:30:00+00:00
[2026-03-05T23:34:26.702+0000] {processor.py:208} INFO - Processing /opt/airflow/dags/weather_etl_dag.py took 0.130 seconds
[2026-03-05T23:34:56.997+0000] {processor.py:186} INFO - Started process (PID=1357) to work on /opt/airflow/dags/weather_etl_dag.py
[2026-03-05T23:34:56.998+0000] {processor.py:914} INFO - Processing file /opt/airflow/dags/weather_etl_dag.py for tasks to queue
[2026-03-05T23:34:57.002+0000] {logging_mixin.py:190} INFO - [2026-03-05T23:34:57.001+0000] {dagbag.py:587} INFO - Filling up the DagBag from /opt/airflow/dags/weather_etl_dag.py
[2026-03-05T23:34:57.030+0000] {processor.py:925} INFO - DAG(s) 'Weather_to_Snowflake_v1' retrieved from /opt/airflow/dags/weather_etl_dag.py
[2026-03-05T23:34:57.056+0000] {logging_mixin.py:190} INFO - [2026-03-05T23:34:57.055+0000] {dag.py:3229} INFO - Sync 1 DAGs
[2026-03-05T23:34:57.079+0000] {logging_mixin.py:190} INFO - [2026-03-05T23:34:57.079+0000] {dag.py:4156} INFO - Setting next_dagrun for Weather_to_Snowflake_v1 to 2026-03-05 02:30:00+00:00, run_after=2026-03-06 02:30:00+00:00
[2026-03-05T23:34:57.104+0000] {processor.py:208} INFO - Processing /opt/airflow/dags/weather_etl_dag.py took 0.112 seconds
[2026-03-05T23:35:27.389+0000] {processor.py:186} INFO - Started process (PID=1368) to work on /opt/airflow/dags/weather_etl_dag.py
[2026-03-05T23:35:27.391+0000] {processor.py:914} INFO - Processing file /opt/airflow/dags/weather_etl_dag.py for tasks to queue
[2026-03-05T23:35:27.393+0000] {logging_mixin.py:190} INFO - [2026-03-05T23:35:27.393+0000] {dagbag.py:587} INFO - Filling up the DagBag from /opt/airflow/dags/weather_etl_dag.py
[2026-03-05T23:35:27.424+0000] {processor.py:925} INFO - DAG(s) 'Weather_to_Snowflake_v1' retrieved from /opt/airflow/dags/weather_etl_dag.py
[2026-03-05T23:35:27.448+0000] {logging_mixin.py:190} INFO - [2026-03-05T23:35:27.448+0000] {dag.py:3229} INFO - Sync 1 DAGs
[2026-03-05T23:35:27.472+0000] {logging_mixin.py:190} INFO - [2026-03-05T23:35:27.471+0000] {dag.py:4156} INFO - Setting next_dagrun for Weather_to_Snowflake_v1 to 2026-03-05 02:30:00+00:00, run_after=2026-03-06 02:30:00+00:00
[2026-03-05T23:35:27.490+0000] {processor.py:208} INFO - Processing /opt/airflow/dags/weather_etl_dag.py took 0.113 seconds
[2026-03-05T23:35:57.796+0000] {processor.py:186} INFO - Started process (PID=1379) to work on /opt/airflow/dags/weather_etl_dag.py
[2026-03-05T23:35:57.799+0000] {processor.py:914} INFO - Processing file /opt/airflow/dags/weather_etl_dag.py for tasks to queue
[2026-03-05T23:35:57.808+0000] {logging_mixin.py:190} INFO - [2026-03-05T23:35:57.807+0000] {dagbag.py:587} INFO - Filling up the DagBag from /opt/airflow/dags/weather_etl_dag.py
[2026-03-05T23:35:57.858+0000] {processor.py:925} INFO - DAG(s) 'Weather_to_Snowflake_v1' retrieved from /opt/airflow/dags/weather_etl_dag.py
[2026-03-05T23:35:57.889+0000] {logging_mixin.py:190} INFO - [2026-03-05T23:35:57.889+0000] {dag.py:3229} INFO - Sync 1 DAGs
[2026-03-05T23:35:57.912+0000] {logging_mixin.py:190} INFO - [2026-03-05T23:35:57.912+0000] {dag.py:4156} INFO - Setting next_dagrun for Weather_to_Snowflake_v1 to 2026-03-05 02:30:00+00:00, run_after=2026-03-06 02:30:00+00:00
[2026-03-05T23:35:57.936+0000] {processor.py:208} INFO - Processing /opt/airflow/dags/weather_etl_dag.py took 0.149 seconds
[2026-03-05T23:36:28.133+0000] {processor.py:186} INFO - Started process (PID=1389) to work on /opt/airflow/dags/weather_etl_dag.py
[2026-03-05T23:36:28.134+0000] {processor.py:914} INFO - Processing file /opt/airflow/dags/weather_etl_dag.py for tasks to queue
[2026-03-05T23:36:28.137+0000] {logging_mixin.py:190} INFO - [2026-03-05T23:36:28.137+0000] {dagbag.py:587} INFO - Filling up the DagBag from /opt/airflow/dags/weather_etl_dag.py
[2026-03-05T23:36:28.165+0000] {processor.py:925} INFO - DAG(s) 'Weather_to_Snowflake_v1' retrieved from /opt/airflow/dags/weather_etl_dag.py
[2026-03-05T23:36:28.196+0000] {logging_mixin.py:190} INFO - [2026-03-05T23:36:28.196+0000] {dag.py:3229} INFO - Sync 1 DAGs
[2026-03-05T23:36:28.220+0000] {logging_mixin.py:190} INFO - [2026-03-05T23:36:28.220+0000] {dag.py:4156} INFO - Setting next_dagrun for Weather_to_Snowflake_v1 to 2026-03-05 02:30:00+00:00, run_after=2026-03-06 02:30:00+00:00
[2026-03-05T23:36:28.243+0000] {processor.py:208} INFO - Processing /opt/airflow/dags/weather_etl_dag.py took 0.115 seconds
[2026-03-05T23:36:58.564+0000] {processor.py:186} INFO - Started process (PID=1400) to work on /opt/airflow/dags/weather_etl_dag.py
[2026-03-05T23:36:58.565+0000] {processor.py:914} INFO - Processing file /opt/airflow/dags/weather_etl_dag.py for tasks to queue
[2026-03-05T23:36:58.567+0000] {logging_mixin.py:190} INFO - [2026-03-05T23:36:58.567+0000] {dagbag.py:587} INFO - Filling up the DagBag from /opt/airflow/dags/weather_etl_dag.py
[2026-03-05T23:36:58.599+0000] {processor.py:925} INFO - DAG(s) 'Weather_to_Snowflake_v1' retrieved from /opt/airflow/dags/weather_etl_dag.py
[2026-03-05T23:36:58.626+0000] {logging_mixin.py:190} INFO - [2026-03-05T23:36:58.626+0000] {dag.py:3229} INFO - Sync 1 DAGs
[2026-03-05T23:36:58.651+0000] {logging_mixin.py:190} INFO - [2026-03-05T23:36:58.650+0000] {dag.py:4156} INFO - Setting next_dagrun for Weather_to_Snowflake_v1 to 2026-03-05 02:30:00+00:00, run_after=2026-03-06 02:30:00+00:00
[2026-03-05T23:36:58.672+0000] {processor.py:208} INFO - Processing /opt/airflow/dags/weather_etl_dag.py took 0.113 seconds
[2026-03-05T23:37:28.893+0000] {processor.py:186} INFO - Started process (PID=1411) to work on /opt/airflow/dags/weather_etl_dag.py
[2026-03-05T23:37:28.895+0000] {processor.py:914} INFO - Processing file /opt/airflow/dags/weather_etl_dag.py for tasks to queue
[2026-03-05T23:37:28.898+0000] {logging_mixin.py:190} INFO - [2026-03-05T23:37:28.898+0000] {dagbag.py:587} INFO - Filling up the DagBag from /opt/airflow/dags/weather_etl_dag.py
[2026-03-05T23:37:28.935+0000] {processor.py:925} INFO - DAG(s) 'Weather_to_Snowflake_v1' retrieved from /opt/airflow/dags/weather_etl_dag.py
[2026-03-05T23:37:28.967+0000] {logging_mixin.py:190} INFO - [2026-03-05T23:37:28.966+0000] {dag.py:3229} INFO - Sync 1 DAGs
[2026-03-05T23:37:29.000+0000] {logging_mixin.py:190} INFO - [2026-03-05T23:37:28.999+0000] {dag.py:4156} INFO - Setting next_dagrun for Weather_to_Snowflake_v1 to 2026-03-05 02:30:00+00:00, run_after=2026-03-06 02:30:00+00:00
[2026-03-05T23:37:29.027+0000] {processor.py:208} INFO - Processing /opt/airflow/dags/weather_etl_dag.py took 0.140 seconds
[2026-03-05T23:37:59.395+0000] {processor.py:186} INFO - Started process (PID=1422) to work on /opt/airflow/dags/weather_etl_dag.py
[2026-03-05T23:37:59.396+0000] {processor.py:914} INFO - Processing file /opt/airflow/dags/weather_etl_dag.py for tasks to queue
[2026-03-05T23:37:59.399+0000] {logging_mixin.py:190} INFO - [2026-03-05T23:37:59.399+0000] {dagbag.py:587} INFO - Filling up the DagBag from /opt/airflow/dags/weather_etl_dag.py
[2026-03-05T23:37:59.442+0000] {processor.py:925} INFO - DAG(s) 'Weather_to_Snowflake_v1' retrieved from /opt/airflow/dags/weather_etl_dag.py
[2026-03-05T23:37:59.481+0000] {logging_mixin.py:190} INFO - [2026-03-05T23:37:59.480+0000] {dag.py:3229} INFO - Sync 1 DAGs
[2026-03-05T23:37:59.513+0000] {logging_mixin.py:190} INFO - [2026-03-05T23:37:59.513+0000] {dag.py:4156} INFO - Setting next_dagrun for Weather_to_Snowflake_v1 to 2026-03-05 02:30:00+00:00, run_after=2026-03-06 02:30:00+00:00
[2026-03-05T23:37:59.532+0000] {processor.py:208} INFO - Processing /opt/airflow/dags/weather_etl_dag.py took 0.146 seconds
[2026-03-05T23:38:29.780+0000] {processor.py:186} INFO - Started process (PID=1433) to work on /opt/airflow/dags/weather_etl_dag.py
[2026-03-05T23:38:29.781+0000] {processor.py:914} INFO - Processing file /opt/airflow/dags/weather_etl_dag.py for tasks to queue
[2026-03-05T23:38:29.784+0000] {logging_mixin.py:190} INFO - [2026-03-05T23:38:29.784+0000] {dagbag.py:587} INFO - Filling up the DagBag from /opt/airflow/dags/weather_etl_dag.py
[2026-03-05T23:38:29.826+0000] {processor.py:925} INFO - DAG(s) 'Weather_to_Snowflake_v1' retrieved from /opt/airflow/dags/weather_etl_dag.py
[2026-03-05T23:38:29.855+0000] {logging_mixin.py:190} INFO - [2026-03-05T23:38:29.855+0000] {dag.py:3229} INFO - Sync 1 DAGs
[2026-03-05T23:38:29.877+0000] {logging_mixin.py:190} INFO - [2026-03-05T23:38:29.877+0000] {dag.py:4156} INFO - Setting next_dagrun for Weather_to_Snowflake_v1 to 2026-03-05 02:30:00+00:00, run_after=2026-03-06 02:30:00+00:00
[2026-03-05T23:38:29.902+0000] {processor.py:208} INFO - Processing /opt/airflow/dags/weather_etl_dag.py took 0.131 seconds
[2026-03-05T23:39:00.368+0000] {processor.py:186} INFO - Started process (PID=1444) to work on /opt/airflow/dags/weather_etl_dag.py
[2026-03-05T23:39:00.370+0000] {processor.py:914} INFO - Processing file /opt/airflow/dags/weather_etl_dag.py for tasks to queue
[2026-03-05T23:39:00.375+0000] {logging_mixin.py:190} INFO - [2026-03-05T23:39:00.374+0000] {dagbag.py:587} INFO - Filling up the DagBag from /opt/airflow/dags/weather_etl_dag.py
[2026-03-05T23:39:00.420+0000] {processor.py:925} INFO - DAG(s) 'Weather_to_Snowflake_v1' retrieved from /opt/airflow/dags/weather_etl_dag.py
[2026-03-05T23:39:00.457+0000] {logging_mixin.py:190} INFO - [2026-03-05T23:39:00.457+0000] {dag.py:3229} INFO - Sync 1 DAGs
[2026-03-05T23:39:00.479+0000] {logging_mixin.py:190} INFO - [2026-03-05T23:39:00.479+0000] {dag.py:4156} INFO - Setting next_dagrun for Weather_to_Snowflake_v1 to 2026-03-05 02:30:00+00:00, run_after=2026-03-06 02:30:00+00:00
[2026-03-05T23:39:00.500+0000] {processor.py:208} INFO - Processing /opt/airflow/dags/weather_etl_dag.py took 0.141 seconds
[2026-03-05T23:39:30.769+0000] {processor.py:186} INFO - Started process (PID=1454) to work on /opt/airflow/dags/weather_etl_dag.py
[2026-03-05T23:39:30.773+0000] {processor.py:914} INFO - Processing file /opt/airflow/dags/weather_etl_dag.py for tasks to queue
[2026-03-05T23:39:30.784+0000] {logging_mixin.py:190} INFO - [2026-03-05T23:39:30.783+0000] {dagbag.py:587} INFO - Filling up the DagBag from /opt/airflow/dags/weather_etl_dag.py
[2026-03-05T23:39:30.861+0000] {processor.py:925} INFO - DAG(s) 'Weather_to_Snowflake_v1' retrieved from /opt/airflow/dags/weather_etl_dag.py
[2026-03-05T23:39:30.890+0000] {logging_mixin.py:190} INFO - [2026-03-05T23:39:30.890+0000] {dag.py:3229} INFO - Sync 1 DAGs
[2026-03-05T23:39:30.910+0000] {logging_mixin.py:190} INFO - [2026-03-05T23:39:30.910+0000] {dag.py:4156} INFO - Setting next_dagrun for Weather_to_Snowflake_v1 to 2026-03-05 02:30:00+00:00, run_after=2026-03-06 02:30:00+00:00
[2026-03-05T23:39:30.933+0000] {processor.py:208} INFO - Processing /opt/airflow/dags/weather_etl_dag.py took 0.183 seconds
[2026-03-05T23:40:01.283+0000] {processor.py:186} INFO - Started process (PID=1465) to work on /opt/airflow/dags/weather_etl_dag.py
[2026-03-05T23:40:01.284+0000] {processor.py:914} INFO - Processing file /opt/airflow/dags/weather_etl_dag.py for tasks to queue
[2026-03-05T23:40:01.288+0000] {logging_mixin.py:190} INFO - [2026-03-05T23:40:01.288+0000] {dagbag.py:587} INFO - Filling up the DagBag from /opt/airflow/dags/weather_etl_dag.py
[2026-03-05T23:40:01.328+0000] {processor.py:925} INFO - DAG(s) 'Weather_to_Snowflake_v1' retrieved from /opt/airflow/dags/weather_etl_dag.py
[2026-03-05T23:40:01.361+0000] {logging_mixin.py:190} INFO - [2026-03-05T23:40:01.361+0000] {dag.py:3229} INFO - Sync 1 DAGs
[2026-03-05T23:40:01.388+0000] {logging_mixin.py:190} INFO - [2026-03-05T23:40:01.387+0000] {dag.py:4156} INFO - Setting next_dagrun for Weather_to_Snowflake_v1 to 2026-03-05 02:30:00+00:00, run_after=2026-03-06 02:30:00+00:00
[2026-03-05T23:40:01.414+0000] {processor.py:208} INFO - Processing /opt/airflow/dags/weather_etl_dag.py took 0.137 seconds
[2026-03-05T23:40:31.770+0000] {processor.py:186} INFO - Started process (PID=1476) to work on /opt/airflow/dags/weather_etl_dag.py
[2026-03-05T23:40:31.773+0000] {processor.py:914} INFO - Processing file /opt/airflow/dags/weather_etl_dag.py for tasks to queue
[2026-03-05T23:40:31.776+0000] {logging_mixin.py:190} INFO - [2026-03-05T23:40:31.776+0000] {dagbag.py:587} INFO - Filling up the DagBag from /opt/airflow/dags/weather_etl_dag.py
[2026-03-05T23:40:31.835+0000] {processor.py:925} INFO - DAG(s) 'Weather_to_Snowflake_v1' retrieved from /opt/airflow/dags/weather_etl_dag.py
[2026-03-05T23:40:31.871+0000] {logging_mixin.py:190} INFO - [2026-03-05T23:40:31.870+0000] {dag.py:3229} INFO - Sync 1 DAGs
[2026-03-05T23:40:31.892+0000] {logging_mixin.py:190} INFO - [2026-03-05T23:40:31.892+0000] {dag.py:4156} INFO - Setting next_dagrun for Weather_to_Snowflake_v1 to 2026-03-05 02:30:00+00:00, run_after=2026-03-06 02:30:00+00:00
[2026-03-05T23:40:31.915+0000] {processor.py:208} INFO - Processing /opt/airflow/dags/weather_etl_dag.py took 0.153 seconds
[2026-03-05T23:41:02.170+0000] {processor.py:186} INFO - Started process (PID=1487) to work on /opt/airflow/dags/weather_etl_dag.py
[2026-03-05T23:41:02.172+0000] {processor.py:914} INFO - Processing file /opt/airflow/dags/weather_etl_dag.py for tasks to queue
[2026-03-05T23:41:02.176+0000] {logging_mixin.py:190} INFO - [2026-03-05T23:41:02.176+0000] {dagbag.py:587} INFO - Filling up the DagBag from /opt/airflow/dags/weather_etl_dag.py
[2026-03-05T23:41:02.216+0000] {processor.py:925} INFO - DAG(s) 'Weather_to_Snowflake_v1' retrieved from /opt/airflow/dags/weather_etl_dag.py
[2026-03-05T23:41:02.251+0000] {logging_mixin.py:190} INFO - [2026-03-05T23:41:02.250+0000] {dag.py:3229} INFO - Sync 1 DAGs
[2026-03-05T23:41:02.276+0000] {logging_mixin.py:190} INFO - [2026-03-05T23:41:02.276+0000] {dag.py:4156} INFO - Setting next_dagrun for Weather_to_Snowflake_v1 to 2026-03-05 02:30:00+00:00, run_after=2026-03-06 02:30:00+00:00
[2026-03-05T23:41:02.299+0000] {processor.py:208} INFO - Processing /opt/airflow/dags/weather_etl_dag.py took 0.139 seconds
[2026-03-05T23:41:32.799+0000] {processor.py:186} INFO - Started process (PID=1498) to work on /opt/airflow/dags/weather_etl_dag.py
[2026-03-05T23:41:32.800+0000] {processor.py:914} INFO - Processing file /opt/airflow/dags/weather_etl_dag.py for tasks to queue
[2026-03-05T23:41:32.804+0000] {logging_mixin.py:190} INFO - [2026-03-05T23:41:32.803+0000] {dagbag.py:587} INFO - Filling up the DagBag from /opt/airflow/dags/weather_etl_dag.py
[2026-03-05T23:41:32.842+0000] {processor.py:925} INFO - DAG(s) 'Weather_to_Snowflake_v1' retrieved from /opt/airflow/dags/weather_etl_dag.py
[2026-03-05T23:41:32.867+0000] {logging_mixin.py:190} INFO - [2026-03-05T23:41:32.866+0000] {dag.py:3229} INFO - Sync 1 DAGs
[2026-03-05T23:41:32.887+0000] {logging_mixin.py:190} INFO - [2026-03-05T23:41:32.887+0000] {dag.py:4156} INFO - Setting next_dagrun for Weather_to_Snowflake_v1 to 2026-03-05 02:30:00+00:00, run_after=2026-03-06 02:30:00+00:00
[2026-03-05T23:41:32.901+0000] {processor.py:208} INFO - Processing /opt/airflow/dags/weather_etl_dag.py took 0.111 seconds
[2026-03-05T23:42:03.723+0000] {processor.py:186} INFO - Started process (PID=1509) to work on /opt/airflow/dags/weather_etl_dag.py
[2026-03-05T23:42:03.724+0000] {processor.py:914} INFO - Processing file /opt/airflow/dags/weather_etl_dag.py for tasks to queue
[2026-03-05T23:42:03.727+0000] {logging_mixin.py:190} INFO - [2026-03-05T23:42:03.726+0000] {dagbag.py:587} INFO - Filling up the DagBag from /opt/airflow/dags/weather_etl_dag.py
[2026-03-05T23:42:03.751+0000] {processor.py:925} INFO - DAG(s) 'Weather_to_Snowflake_v1' retrieved from /opt/airflow/dags/weather_etl_dag.py
[2026-03-05T23:42:03.774+0000] {logging_mixin.py:190} INFO - [2026-03-05T23:42:03.773+0000] {dag.py:3229} INFO - Sync 1 DAGs
[2026-03-05T23:42:03.795+0000] {logging_mixin.py:190} INFO - [2026-03-05T23:42:03.795+0000] {dag.py:4156} INFO - Setting next_dagrun for Weather_to_Snowflake_v1 to 2026-03-05 02:30:00+00:00, run_after=2026-03-06 02:30:00+00:00
[2026-03-05T23:42:03.816+0000] {processor.py:208} INFO - Processing /opt/airflow/dags/weather_etl_dag.py took 0.099 seconds
[2026-03-05T23:42:34.088+0000] {processor.py:186} INFO - Started process (PID=1520) to work on /opt/airflow/dags/weather_etl_dag.py
[2026-03-05T23:42:34.089+0000] {processor.py:914} INFO - Processing file /opt/airflow/dags/weather_etl_dag.py for tasks to queue
[2026-03-05T23:42:34.094+0000] {logging_mixin.py:190} INFO - [2026-03-05T23:42:34.093+0000] {dagbag.py:587} INFO - Filling up the DagBag from /opt/airflow/dags/weather_etl_dag.py
[2026-03-05T23:42:34.125+0000] {processor.py:925} INFO - DAG(s) 'Weather_to_Snowflake_v1' retrieved from /opt/airflow/dags/weather_etl_dag.py
[2026-03-05T23:42:34.147+0000] {logging_mixin.py:190} INFO - [2026-03-05T23:42:34.146+0000] {dag.py:3229} INFO - Sync 1 DAGs
[2026-03-05T23:42:34.166+0000] {logging_mixin.py:190} INFO - [2026-03-05T23:42:34.166+0000] {dag.py:4156} INFO - Setting next_dagrun for Weather_to_Snowflake_v1 to 2026-03-05 02:30:00+00:00, run_after=2026-03-06 02:30:00+00:00
[2026-03-05T23:42:34.182+0000] {processor.py:208} INFO - Processing /opt/airflow/dags/weather_etl_dag.py took 0.099 seconds
[2026-03-05T23:43:04.334+0000] {processor.py:186} INFO - Started process (PID=1531) to work on /opt/airflow/dags/weather_etl_dag.py
[2026-03-05T23:43:04.335+0000] {processor.py:914} INFO - Processing file /opt/airflow/dags/weather_etl_dag.py for tasks to queue
[2026-03-05T23:43:04.337+0000] {logging_mixin.py:190} INFO - [2026-03-05T23:43:04.337+0000] {dagbag.py:587} INFO - Filling up the DagBag from /opt/airflow/dags/weather_etl_dag.py
[2026-03-05T23:43:04.366+0000] {processor.py:925} INFO - DAG(s) 'Weather_to_Snowflake_v1' retrieved from /opt/airflow/dags/weather_etl_dag.py
[2026-03-05T23:43:04.396+0000] {logging_mixin.py:190} INFO - [2026-03-05T23:43:04.396+0000] {dag.py:3229} INFO - Sync 1 DAGs
[2026-03-05T23:43:04.418+0000] {logging_mixin.py:190} INFO - [2026-03-05T23:43:04.418+0000] {dag.py:4156} INFO - Setting next_dagrun for Weather_to_Snowflake_v1 to 2026-03-05 02:30:00+00:00, run_after=2026-03-06 02:30:00+00:00
[2026-03-05T23:43:04.439+0000] {processor.py:208} INFO - Processing /opt/airflow/dags/weather_etl_dag.py took 0.110 seconds
[2026-03-05T23:43:34.708+0000] {processor.py:186} INFO - Started process (PID=1542) to work on /opt/airflow/dags/weather_etl_dag.py
[2026-03-05T23:43:34.709+0000] {processor.py:914} INFO - Processing file /opt/airflow/dags/weather_etl_dag.py for tasks to queue
[2026-03-05T23:43:34.711+0000] {logging_mixin.py:190} INFO - [2026-03-05T23:43:34.711+0000] {dagbag.py:587} INFO - Filling up the DagBag from /opt/airflow/dags/weather_etl_dag.py
[2026-03-05T23:43:34.740+0000] {processor.py:925} INFO - DAG(s) 'Weather_to_Snowflake_v1' retrieved from /opt/airflow/dags/weather_etl_dag.py
[2026-03-05T23:43:34.765+0000] {logging_mixin.py:190} INFO - [2026-03-05T23:43:34.764+0000] {dag.py:3229} INFO - Sync 1 DAGs
[2026-03-05T23:43:34.788+0000] {logging_mixin.py:190} INFO - [2026-03-05T23:43:34.788+0000] {dag.py:4156} INFO - Setting next_dagrun for Weather_to_Snowflake_v1 to 2026-03-05 02:30:00+00:00, run_after=2026-03-06 02:30:00+00:00
[2026-03-05T23:43:34.809+0000] {processor.py:208} INFO - Processing /opt/airflow/dags/weather_etl_dag.py took 0.106 seconds
[2026-03-05T23:44:05.054+0000] {processor.py:186} INFO - Started process (PID=1553) to work on /opt/airflow/dags/weather_etl_dag.py
[2026-03-05T23:44:05.056+0000] {processor.py:914} INFO - Processing file /opt/airflow/dags/weather_etl_dag.py for tasks to queue
[2026-03-05T23:44:05.058+0000] {logging_mixin.py:190} INFO - [2026-03-05T23:44:05.058+0000] {dagbag.py:587} INFO - Filling up the DagBag from /opt/airflow/dags/weather_etl_dag.py
[2026-03-05T23:44:05.095+0000] {processor.py:925} INFO - DAG(s) 'Weather_to_Snowflake_v1' retrieved from /opt/airflow/dags/weather_etl_dag.py
[2026-03-05T23:44:05.128+0000] {logging_mixin.py:190} INFO - [2026-03-05T23:44:05.127+0000] {dag.py:3229} INFO - Sync 1 DAGs
[2026-03-05T23:44:05.153+0000] {logging_mixin.py:190} INFO - [2026-03-05T23:44:05.153+0000] {dag.py:4156} INFO - Setting next_dagrun for Weather_to_Snowflake_v1 to 2026-03-05 02:30:00+00:00, run_after=2026-03-06 02:30:00+00:00
[2026-03-05T23:44:05.178+0000] {processor.py:208} INFO - Processing /opt/airflow/dags/weather_etl_dag.py took 0.129 seconds
[2026-03-05T23:44:35.510+0000] {processor.py:186} INFO - Started process (PID=1564) to work on /opt/airflow/dags/weather_etl_dag.py
[2026-03-05T23:44:35.511+0000] {processor.py:914} INFO - Processing file /opt/airflow/dags/weather_etl_dag.py for tasks to queue
[2026-03-05T23:44:35.515+0000] {logging_mixin.py:190} INFO - [2026-03-05T23:44:35.515+0000] {dagbag.py:587} INFO - Filling up the DagBag from /opt/airflow/dags/weather_etl_dag.py
[2026-03-05T23:44:35.555+0000] {processor.py:925} INFO - DAG(s) 'Weather_to_Snowflake_v1' retrieved from /opt/airflow/dags/weather_etl_dag.py
[2026-03-05T23:44:35.602+0000] {logging_mixin.py:190} INFO - [2026-03-05T23:44:35.602+0000] {dag.py:3229} INFO - Sync 1 DAGs
[2026-03-05T23:44:35.629+0000] {logging_mixin.py:190} INFO - [2026-03-05T23:44:35.628+0000] {dag.py:4156} INFO - Setting next_dagrun for Weather_to_Snowflake_v1 to 2026-03-05 02:30:00+00:00, run_after=2026-03-06 02:30:00+00:00
[2026-03-05T23:44:35.650+0000] {processor.py:208} INFO - Processing /opt/airflow/dags/weather_etl_dag.py took 0.145 seconds
[2026-03-05T23:45:05.942+0000] {processor.py:186} INFO - Started process (PID=1575) to work on /opt/airflow/dags/weather_etl_dag.py
[2026-03-05T23:45:05.945+0000] {processor.py:914} INFO - Processing file /opt/airflow/dags/weather_etl_dag.py for tasks to queue
[2026-03-05T23:45:05.950+0000] {logging_mixin.py:190} INFO - [2026-03-05T23:45:05.950+0000] {dagbag.py:587} INFO - Filling up the DagBag from /opt/airflow/dags/weather_etl_dag.py
[2026-03-05T23:45:06.007+0000] {processor.py:925} INFO - DAG(s) 'Weather_to_Snowflake_v1' retrieved from /opt/airflow/dags/weather_etl_dag.py
[2026-03-05T23:45:06.040+0000] {logging_mixin.py:190} INFO - [2026-03-05T23:45:06.040+0000] {dag.py:3229} INFO - Sync 1 DAGs
[2026-03-05T23:45:06.061+0000] {logging_mixin.py:190} INFO - [2026-03-05T23:45:06.061+0000] {dag.py:4156} INFO - Setting next_dagrun for Weather_to_Snowflake_v1 to 2026-03-05 02:30:00+00:00, run_after=2026-03-06 02:30:00+00:00
[2026-03-05T23:45:06.078+0000] {processor.py:208} INFO - Processing /opt/airflow/dags/weather_etl_dag.py took 0.145 seconds
[2026-03-05T23:45:36.319+0000] {processor.py:186} INFO - Started process (PID=1586) to work on /opt/airflow/dags/weather_etl_dag.py
[2026-03-05T23:45:36.320+0000] {processor.py:914} INFO - Processing file /opt/airflow/dags/weather_etl_dag.py for tasks to queue
[2026-03-05T23:45:36.322+0000] {logging_mixin.py:190} INFO - [2026-03-05T23:45:36.322+0000] {dagbag.py:587} INFO - Filling up the DagBag from /opt/airflow/dags/weather_etl_dag.py
[2026-03-05T23:45:36.349+0000] {processor.py:925} INFO - DAG(s) 'Weather_to_Snowflake_v1' retrieved from /opt/airflow/dags/weather_etl_dag.py
[2026-03-05T23:45:36.377+0000] {logging_mixin.py:190} INFO - [2026-03-05T23:45:36.376+0000] {dag.py:3229} INFO - Sync 1 DAGs
[2026-03-05T23:45:36.399+0000] {logging_mixin.py:190} INFO - [2026-03-05T23:45:36.399+0000] {dag.py:4156} INFO - Setting next_dagrun for Weather_to_Snowflake_v1 to 2026-03-05 02:30:00+00:00, run_after=2026-03-06 02:30:00+00:00
[2026-03-05T23:45:36.421+0000] {processor.py:208} INFO - Processing /opt/airflow/dags/weather_etl_dag.py took 0.107 seconds
[2026-03-05T23:46:06.660+0000] {processor.py:186} INFO - Started process (PID=1597) to work on /opt/airflow/dags/weather_etl_dag.py
[2026-03-05T23:46:06.661+0000] {processor.py:914} INFO - Processing file /opt/airflow/dags/weather_etl_dag.py for tasks to queue
[2026-03-05T23:46:06.663+0000] {logging_mixin.py:190} INFO - [2026-03-05T23:46:06.663+0000] {dagbag.py:587} INFO - Filling up the DagBag from /opt/airflow/dags/weather_etl_dag.py
[2026-03-05T23:46:06.690+0000] {processor.py:925} INFO - DAG(s) 'Weather_to_Snowflake_v1' retrieved from /opt/airflow/dags/weather_etl_dag.py
[2026-03-05T23:46:06.717+0000] {logging_mixin.py:190} INFO - [2026-03-05T23:46:06.716+0000] {dag.py:3229} INFO - Sync 1 DAGs
[2026-03-05T23:46:06.741+0000] {logging_mixin.py:190} INFO - [2026-03-05T23:46:06.741+0000] {dag.py:4156} INFO - Setting next_dagrun for Weather_to_Snowflake_v1 to 2026-03-05 02:30:00+00:00, run_after=2026-03-06 02:30:00+00:00
[2026-03-05T23:46:06.763+0000] {processor.py:208} INFO - Processing /opt/airflow/dags/weather_etl_dag.py took 0.108 seconds
[2026-03-05T23:46:37.057+0000] {processor.py:186} INFO - Started process (PID=1608) to work on /opt/airflow/dags/weather_etl_dag.py
[2026-03-05T23:46:37.059+0000] {processor.py:914} INFO - Processing file /opt/airflow/dags/weather_etl_dag.py for tasks to queue
[2026-03-05T23:46:37.064+0000] {logging_mixin.py:190} INFO - [2026-03-05T23:46:37.063+0000] {dagbag.py:587} INFO - Filling up the DagBag from /opt/airflow/dags/weather_etl_dag.py
[2026-03-05T23:46:37.108+0000] {processor.py:925} INFO - DAG(s) 'Weather_to_Snowflake_v1' retrieved from /opt/airflow/dags/weather_etl_dag.py
[2026-03-05T23:46:37.131+0000] {logging_mixin.py:190} INFO - [2026-03-05T23:46:37.130+0000] {dag.py:3229} INFO - Sync 1 DAGs
[2026-03-05T23:46:37.151+0000] {logging_mixin.py:190} INFO - [2026-03-05T23:46:37.151+0000] {dag.py:4156} INFO - Setting next_dagrun for Weather_to_Snowflake_v1 to 2026-03-05 02:30:00+00:00, run_after=2026-03-06 02:30:00+00:00
[2026-03-05T23:46:37.168+0000] {processor.py:208} INFO - Processing /opt/airflow/dags/weather_etl_dag.py took 0.121 seconds
[2026-03-05T23:47:07.379+0000] {processor.py:186} INFO - Started process (PID=1619) to work on /opt/airflow/dags/weather_etl_dag.py
[2026-03-05T23:47:07.382+0000] {processor.py:914} INFO - Processing file /opt/airflow/dags/weather_etl_dag.py for tasks to queue
[2026-03-05T23:47:07.385+0000] {logging_mixin.py:190} INFO - [2026-03-05T23:47:07.385+0000] {dagbag.py:587} INFO - Filling up the DagBag from /opt/airflow/dags/weather_etl_dag.py
[2026-03-05T23:47:07.431+0000] {processor.py:925} INFO - DAG(s) 'Weather_to_Snowflake_v1' retrieved from /opt/airflow/dags/weather_etl_dag.py
[2026-03-05T23:47:07.456+0000] {logging_mixin.py:190} INFO - [2026-03-05T23:47:07.455+0000] {dag.py:3229} INFO - Sync 1 DAGs
[2026-03-05T23:47:07.475+0000] {logging_mixin.py:190} INFO - [2026-03-05T23:47:07.475+0000] {dag.py:4156} INFO - Setting next_dagrun for Weather_to_Snowflake_v1 to 2026-03-05 02:30:00+00:00, run_after=2026-03-06 02:30:00+00:00
[2026-03-05T23:47:07.498+0000] {processor.py:208} INFO - Processing /opt/airflow/dags/weather_etl_dag.py took 0.126 seconds
[2026-03-05T23:47:37.833+0000] {processor.py:186} INFO - Started process (PID=1630) to work on /opt/airflow/dags/weather_etl_dag.py
[2026-03-05T23:47:37.835+0000] {processor.py:914} INFO - Processing file /opt/airflow/dags/weather_etl_dag.py for tasks to queue
[2026-03-05T23:47:37.838+0000] {logging_mixin.py:190} INFO - [2026-03-05T23:47:37.837+0000] {dagbag.py:587} INFO - Filling up the DagBag from /opt/airflow/dags/weather_etl_dag.py
[2026-03-05T23:47:37.883+0000] {processor.py:925} INFO - DAG(s) 'Weather_to_Snowflake_v1' retrieved from /opt/airflow/dags/weather_etl_dag.py
[2026-03-05T23:47:37.913+0000] {logging_mixin.py:190} INFO - [2026-03-05T23:47:37.912+0000] {dag.py:3229} INFO - Sync 1 DAGs
[2026-03-05T23:47:37.940+0000] {logging_mixin.py:190} INFO - [2026-03-05T23:47:37.939+0000] {dag.py:4156} INFO - Setting next_dagrun for Weather_to_Snowflake_v1 to 2026-03-05 02:30:00+00:00, run_after=2026-03-06 02:30:00+00:00
[2026-03-05T23:47:37.962+0000] {processor.py:208} INFO - Processing /opt/airflow/dags/weather_etl_dag.py took 0.133 seconds
[2026-03-05T23:48:08.242+0000] {processor.py:186} INFO - Started process (PID=1641) to work on /opt/airflow/dags/weather_etl_dag.py
[2026-03-05T23:48:08.243+0000] {processor.py:914} INFO - Processing file /opt/airflow/dags/weather_etl_dag.py for tasks to queue
[2026-03-05T23:48:08.245+0000] {logging_mixin.py:190} INFO - [2026-03-05T23:48:08.245+0000] {dagbag.py:587} INFO - Filling up the DagBag from /opt/airflow/dags/weather_etl_dag.py
[2026-03-05T23:48:08.274+0000] {processor.py:925} INFO - DAG(s) 'Weather_to_Snowflake_v1' retrieved from /opt/airflow/dags/weather_etl_dag.py
[2026-03-05T23:48:08.303+0000] {logging_mixin.py:190} INFO - [2026-03-05T23:48:08.303+0000] {dag.py:3229} INFO - Sync 1 DAGs
[2026-03-05T23:48:08.324+0000] {logging_mixin.py:190} INFO - [2026-03-05T23:48:08.324+0000] {dag.py:4156} INFO - Setting next_dagrun for Weather_to_Snowflake_v1 to 2026-03-05 02:30:00+00:00, run_after=2026-03-06 02:30:00+00:00
[2026-03-05T23:48:08.346+0000] {processor.py:208} INFO - Processing /opt/airflow/dags/weather_etl_dag.py took 0.110 seconds
[2026-03-05T23:48:38.673+0000] {processor.py:186} INFO - Started process (PID=1652) to work on /opt/airflow/dags/weather_etl_dag.py
[2026-03-05T23:48:38.674+0000] {processor.py:914} INFO - Processing file /opt/airflow/dags/weather_etl_dag.py for tasks to queue
[2026-03-05T23:48:38.677+0000] {logging_mixin.py:190} INFO - [2026-03-05T23:48:38.677+0000] {dagbag.py:587} INFO - Filling up the DagBag from /opt/airflow/dags/weather_etl_dag.py
[2026-03-05T23:48:38.708+0000] {processor.py:925} INFO - DAG(s) 'Weather_to_Snowflake_v1' retrieved from /opt/airflow/dags/weather_etl_dag.py
[2026-03-05T23:48:38.737+0000] {logging_mixin.py:190} INFO - [2026-03-05T23:48:38.736+0000] {dag.py:3229} INFO - Sync 1 DAGs
[2026-03-05T23:48:38.764+0000] {logging_mixin.py:190} INFO - [2026-03-05T23:48:38.763+0000] {dag.py:4156} INFO - Setting next_dagrun for Weather_to_Snowflake_v1 to 2026-03-05 02:30:00+00:00, run_after=2026-03-06 02:30:00+00:00
[2026-03-05T23:48:38.803+0000] {processor.py:208} INFO - Processing /opt/airflow/dags/weather_etl_dag.py took 0.136 seconds
[2026-03-05T23:49:09.090+0000] {processor.py:186} INFO - Started process (PID=1663) to work on /opt/airflow/dags/weather_etl_dag.py
[2026-03-05T23:49:09.092+0000] {processor.py:914} INFO - Processing file /opt/airflow/dags/weather_etl_dag.py for tasks to queue
[2026-03-05T23:49:09.098+0000] {logging_mixin.py:190} INFO - [2026-03-05T23:49:09.096+0000] {dagbag.py:587} INFO - Filling up the DagBag from /opt/airflow/dags/weather_etl_dag.py
[2026-03-05T23:49:09.152+0000] {processor.py:925} INFO - DAG(s) 'Weather_to_Snowflake_v1' retrieved from /opt/airflow/dags/weather_etl_dag.py
[2026-03-05T23:49:09.179+0000] {logging_mixin.py:190} INFO - [2026-03-05T23:49:09.179+0000] {dag.py:3229} INFO - Sync 1 DAGs
[2026-03-05T23:49:09.203+0000] {logging_mixin.py:190} INFO - [2026-03-05T23:49:09.202+0000] {dag.py:4156} INFO - Setting next_dagrun for Weather_to_Snowflake_v1 to 2026-03-05 02:30:00+00:00, run_after=2026-03-06 02:30:00+00:00
[2026-03-05T23:49:09.224+0000] {processor.py:208} INFO - Processing /opt/airflow/dags/weather_etl_dag.py took 0.149 seconds
[2026-03-05T23:49:39.592+0000] {processor.py:186} INFO - Started process (PID=1674) to work on /opt/airflow/dags/weather_etl_dag.py
[2026-03-05T23:49:39.594+0000] {processor.py:914} INFO - Processing file /opt/airflow/dags/weather_etl_dag.py for tasks to queue
[2026-03-05T23:49:39.597+0000] {logging_mixin.py:190} INFO - [2026-03-05T23:49:39.597+0000] {dagbag.py:587} INFO - Filling up the DagBag from /opt/airflow/dags/weather_etl_dag.py
[2026-03-05T23:49:39.628+0000] {processor.py:925} INFO - DAG(s) 'Weather_to_Snowflake_v1' retrieved from /opt/airflow/dags/weather_etl_dag.py
[2026-03-05T23:49:39.653+0000] {logging_mixin.py:190} INFO - [2026-03-05T23:49:39.652+0000] {dag.py:3229} INFO - Sync 1 DAGs
[2026-03-05T23:49:39.675+0000] {logging_mixin.py:190} INFO - [2026-03-05T23:49:39.675+0000] {dag.py:4156} INFO - Setting next_dagrun for Weather_to_Snowflake_v1 to 2026-03-05 02:30:00+00:00, run_after=2026-03-06 02:30:00+00:00
[2026-03-05T23:49:39.693+0000] {processor.py:208} INFO - Processing /opt/airflow/dags/weather_etl_dag.py took 0.106 seconds
[2026-03-05T23:50:09.983+0000] {processor.py:186} INFO - Started process (PID=1685) to work on /opt/airflow/dags/weather_etl_dag.py
[2026-03-05T23:50:09.985+0000] {processor.py:914} INFO - Processing file /opt/airflow/dags/weather_etl_dag.py for tasks to queue
[2026-03-05T23:50:09.988+0000] {logging_mixin.py:190} INFO - [2026-03-05T23:50:09.987+0000] {dagbag.py:587} INFO - Filling up the DagBag from /opt/airflow/dags/weather_etl_dag.py
[2026-03-05T23:50:10.029+0000] {processor.py:925} INFO - DAG(s) 'Weather_to_Snowflake_v1' retrieved from /opt/airflow/dags/weather_etl_dag.py
[2026-03-05T23:50:10.058+0000] {logging_mixin.py:190} INFO - [2026-03-05T23:50:10.058+0000] {dag.py:3229} INFO - Sync 1 DAGs
[2026-03-05T23:50:10.081+0000] {logging_mixin.py:190} INFO - [2026-03-05T23:50:10.081+0000] {dag.py:4156} INFO - Setting next_dagrun for Weather_to_Snowflake_v1 to 2026-03-05 02:30:00+00:00, run_after=2026-03-06 02:30:00+00:00
[2026-03-05T23:50:10.104+0000] {processor.py:208} INFO - Processing /opt/airflow/dags/weather_etl_dag.py took 0.129 seconds
[2026-03-05T23:50:40.460+0000] {processor.py:186} INFO - Started process (PID=1696) to work on /opt/airflow/dags/weather_etl_dag.py
[2026-03-05T23:50:40.462+0000] {processor.py:914} INFO - Processing file /opt/airflow/dags/weather_etl_dag.py for tasks to queue
[2026-03-05T23:50:40.468+0000] {logging_mixin.py:190} INFO - [2026-03-05T23:50:40.468+0000] {dagbag.py:587} INFO - Filling up the DagBag from /opt/airflow/dags/weather_etl_dag.py
[2026-03-05T23:50:40.517+0000] {processor.py:925} INFO - DAG(s) 'Weather_to_Snowflake_v1' retrieved from /opt/airflow/dags/weather_etl_dag.py
[2026-03-05T23:50:40.542+0000] {logging_mixin.py:190} INFO - [2026-03-05T23:50:40.541+0000] {dag.py:3229} INFO - Sync 1 DAGs
[2026-03-05T23:50:40.562+0000] {logging_mixin.py:190} INFO - [2026-03-05T23:50:40.562+0000] {dag.py:4156} INFO - Setting next_dagrun for Weather_to_Snowflake_v1 to 2026-03-05 02:30:00+00:00, run_after=2026-03-06 02:30:00+00:00
[2026-03-05T23:50:40.580+0000] {processor.py:208} INFO - Processing /opt/airflow/dags/weather_etl_dag.py took 0.129 seconds
[2026-03-05T23:51:10.832+0000] {processor.py:186} INFO - Started process (PID=1707) to work on /opt/airflow/dags/weather_etl_dag.py
[2026-03-05T23:51:10.835+0000] {processor.py:914} INFO - Processing file /opt/airflow/dags/weather_etl_dag.py for tasks to queue
[2026-03-05T23:51:10.839+0000] {logging_mixin.py:190} INFO - [2026-03-05T23:51:10.838+0000] {dagbag.py:587} INFO - Filling up the DagBag from /opt/airflow/dags/weather_etl_dag.py
[2026-03-05T23:51:10.883+0000] {processor.py:925} INFO - DAG(s) 'Weather_to_Snowflake_v1' retrieved from /opt/airflow/dags/weather_etl_dag.py
[2026-03-05T23:51:10.914+0000] {logging_mixin.py:190} INFO - [2026-03-05T23:51:10.914+0000] {dag.py:3229} INFO - Sync 1 DAGs
[2026-03-05T23:51:10.934+0000] {logging_mixin.py:190} INFO - [2026-03-05T23:51:10.934+0000] {dag.py:4156} INFO - Setting next_dagrun for Weather_to_Snowflake_v1 to 2026-03-05 02:30:00+00:00, run_after=2026-03-06 02:30:00+00:00
[2026-03-05T23:51:10.955+0000] {processor.py:208} INFO - Processing /opt/airflow/dags/weather_etl_dag.py took 0.132 seconds
[2026-03-05T23:51:41.318+0000] {processor.py:186} INFO - Started process (PID=1718) to work on /opt/airflow/dags/weather_etl_dag.py
[2026-03-05T23:51:41.319+0000] {processor.py:914} INFO - Processing file /opt/airflow/dags/weather_etl_dag.py for tasks to queue
[2026-03-05T23:51:41.322+0000] {logging_mixin.py:190} INFO - [2026-03-05T23:51:41.321+0000] {dagbag.py:587} INFO - Filling up the DagBag from /opt/airflow/dags/weather_etl_dag.py
[2026-03-05T23:51:41.346+0000] {processor.py:925} INFO - DAG(s) 'Weather_to_Snowflake_v1' retrieved from /opt/airflow/dags/weather_etl_dag.py
[2026-03-05T23:51:41.373+0000] {logging_mixin.py:190} INFO - [2026-03-05T23:51:41.373+0000] {dag.py:3229} INFO - Sync 1 DAGs
[2026-03-05T23:51:41.396+0000] {logging_mixin.py:190} INFO - [2026-03-05T23:51:41.395+0000] {dag.py:4156} INFO - Setting next_dagrun for Weather_to_Snowflake_v1 to 2026-03-05 02:30:00+00:00, run_after=2026-03-06 02:30:00+00:00
[2026-03-05T23:51:41.415+0000] {processor.py:208} INFO - Processing /opt/airflow/dags/weather_etl_dag.py took 0.102 seconds
[2026-03-05T23:52:11.671+0000] {processor.py:186} INFO - Started process (PID=1729) to work on /opt/airflow/dags/weather_etl_dag.py
[2026-03-05T23:52:11.673+0000] {processor.py:914} INFO - Processing file /opt/airflow/dags/weather_etl_dag.py for tasks to queue
[2026-03-05T23:52:11.679+0000] {logging_mixin.py:190} INFO - [2026-03-05T23:52:11.678+0000] {dagbag.py:587} INFO - Filling up the DagBag from /opt/airflow/dags/weather_etl_dag.py
[2026-03-05T23:52:11.725+0000] {processor.py:925} INFO - DAG(s) 'Weather_to_Snowflake_v1' retrieved from /opt/airflow/dags/weather_etl_dag.py
[2026-03-05T23:52:11.763+0000] {logging_mixin.py:190} INFO - [2026-03-05T23:52:11.762+0000] {dag.py:3229} INFO - Sync 1 DAGs
[2026-03-05T23:52:11.788+0000] {logging_mixin.py:190} INFO - [2026-03-05T23:52:11.788+0000] {dag.py:4156} INFO - Setting next_dagrun for Weather_to_Snowflake_v1 to 2026-03-05 02:30:00+00:00, run_after=2026-03-06 02:30:00+00:00
[2026-03-05T23:52:11.810+0000] {processor.py:208} INFO - Processing /opt/airflow/dags/weather_etl_dag.py took 0.149 seconds
[2026-03-05T23:52:42.134+0000] {processor.py:186} INFO - Started process (PID=1740) to work on /opt/airflow/dags/weather_etl_dag.py
[2026-03-05T23:52:42.135+0000] {processor.py:914} INFO - Processing file /opt/airflow/dags/weather_etl_dag.py for tasks to queue
[2026-03-05T23:52:42.138+0000] {logging_mixin.py:190} INFO - [2026-03-05T23:52:42.138+0000] {dagbag.py:587} INFO - Filling up the DagBag from /opt/airflow/dags/weather_etl_dag.py
[2026-03-05T23:52:42.200+0000] {processor.py:925} INFO - DAG(s) 'Weather_to_Snowflake_v1' retrieved from /opt/airflow/dags/weather_etl_dag.py
[2026-03-05T23:52:42.234+0000] {logging_mixin.py:190} INFO - [2026-03-05T23:52:42.233+0000] {dag.py:3229} INFO - Sync 1 DAGs
[2026-03-05T23:52:42.252+0000] {logging_mixin.py:190} INFO - [2026-03-05T23:52:42.252+0000] {dag.py:4156} INFO - Setting next_dagrun for Weather_to_Snowflake_v1 to 2026-03-05 02:30:00+00:00, run_after=2026-03-06 02:30:00+00:00
[2026-03-05T23:52:42.269+0000] {processor.py:208} INFO - Processing /opt/airflow/dags/weather_etl_dag.py took 0.140 seconds
[2026-03-05T23:53:12.542+0000] {processor.py:186} INFO - Started process (PID=1751) to work on /opt/airflow/dags/weather_etl_dag.py
[2026-03-05T23:53:12.544+0000] {processor.py:914} INFO - Processing file /opt/airflow/dags/weather_etl_dag.py for tasks to queue
[2026-03-05T23:53:12.547+0000] {logging_mixin.py:190} INFO - [2026-03-05T23:53:12.546+0000] {dagbag.py:587} INFO - Filling up the DagBag from /opt/airflow/dags/weather_etl_dag.py
[2026-03-05T23:53:12.593+0000] {processor.py:925} INFO - DAG(s) 'Weather_to_Snowflake_v1' retrieved from /opt/airflow/dags/weather_etl_dag.py
[2026-03-05T23:53:12.626+0000] {logging_mixin.py:190} INFO - [2026-03-05T23:53:12.625+0000] {dag.py:3229} INFO - Sync 1 DAGs
[2026-03-05T23:53:12.648+0000] {logging_mixin.py:190} INFO - [2026-03-05T23:53:12.648+0000] {dag.py:4156} INFO - Setting next_dagrun for Weather_to_Snowflake_v1 to 2026-03-05 02:30:00+00:00, run_after=2026-03-06 02:30:00+00:00
[2026-03-05T23:53:12.672+0000] {processor.py:208} INFO - Processing /opt/airflow/dags/weather_etl_dag.py took 0.139 seconds
[2026-03-05T23:53:42.899+0000] {processor.py:186} INFO - Started process (PID=1762) to work on /opt/airflow/dags/weather_etl_dag.py
[2026-03-05T23:53:42.901+0000] {processor.py:914} INFO - Processing file /opt/airflow/dags/weather_etl_dag.py for tasks to queue
[2026-03-05T23:53:42.903+0000] {logging_mixin.py:190} INFO - [2026-03-05T23:53:42.903+0000] {dagbag.py:587} INFO - Filling up the DagBag from /opt/airflow/dags/weather_etl_dag.py
[2026-03-05T23:53:42.934+0000] {processor.py:925} INFO - DAG(s) 'Weather_to_Snowflake_v1' retrieved from /opt/airflow/dags/weather_etl_dag.py
[2026-03-05T23:53:42.969+0000] {logging_mixin.py:190} INFO - [2026-03-05T23:53:42.969+0000] {dag.py:3229} INFO - Sync 1 DAGs
[2026-03-05T23:53:42.994+0000] {logging_mixin.py:190} INFO - [2026-03-05T23:53:42.994+0000] {dag.py:4156} INFO - Setting next_dagrun for Weather_to_Snowflake_v1 to 2026-03-05 02:30:00+00:00, run_after=2026-03-06 02:30:00+00:00
[2026-03-05T23:53:43.015+0000] {processor.py:208} INFO - Processing /opt/airflow/dags/weather_etl_dag.py took 0.122 seconds
[2026-03-05T23:54:13.328+0000] {processor.py:186} INFO - Started process (PID=1773) to work on /opt/airflow/dags/weather_etl_dag.py
[2026-03-05T23:54:13.330+0000] {processor.py:914} INFO - Processing file /opt/airflow/dags/weather_etl_dag.py for tasks to queue
[2026-03-05T23:54:13.333+0000] {logging_mixin.py:190} INFO - [2026-03-05T23:54:13.333+0000] {dagbag.py:587} INFO - Filling up the DagBag from /opt/airflow/dags/weather_etl_dag.py
[2026-03-05T23:54:13.361+0000] {processor.py:925} INFO - DAG(s) 'Weather_to_Snowflake_v1' retrieved from /opt/airflow/dags/weather_etl_dag.py
[2026-03-05T23:54:13.382+0000] {logging_mixin.py:190} INFO - [2026-03-05T23:54:13.382+0000] {dag.py:3229} INFO - Sync 1 DAGs
[2026-03-05T23:54:13.402+0000] {logging_mixin.py:190} INFO - [2026-03-05T23:54:13.401+0000] {dag.py:4156} INFO - Setting next_dagrun for Weather_to_Snowflake_v1 to 2026-03-05 02:30:00+00:00, run_after=2026-03-06 02:30:00+00:00
[2026-03-05T23:54:13.419+0000] {processor.py:208} INFO - Processing /opt/airflow/dags/weather_etl_dag.py took 0.100 seconds
[2026-03-05T23:54:43.725+0000] {processor.py:186} INFO - Started process (PID=1784) to work on /opt/airflow/dags/weather_etl_dag.py
[2026-03-05T23:54:43.727+0000] {processor.py:914} INFO - Processing file /opt/airflow/dags/weather_etl_dag.py for tasks to queue
[2026-03-05T23:54:43.732+0000] {logging_mixin.py:190} INFO - [2026-03-05T23:54:43.731+0000] {dagbag.py:587} INFO - Filling up the DagBag from /opt/airflow/dags/weather_etl_dag.py
[2026-03-05T23:54:43.775+0000] {processor.py:925} INFO - DAG(s) 'Weather_to_Snowflake_v1' retrieved from /opt/airflow/dags/weather_etl_dag.py
[2026-03-05T23:54:43.808+0000] {logging_mixin.py:190} INFO - [2026-03-05T23:54:43.807+0000] {dag.py:3229} INFO - Sync 1 DAGs
[2026-03-05T23:54:43.834+0000] {logging_mixin.py:190} INFO - [2026-03-05T23:54:43.834+0000] {dag.py:4156} INFO - Setting next_dagrun for Weather_to_Snowflake_v1 to 2026-03-05 02:30:00+00:00, run_after=2026-03-06 02:30:00+00:00
[2026-03-05T23:54:43.858+0000] {processor.py:208} INFO - Processing /opt/airflow/dags/weather_etl_dag.py took 0.142 seconds
[2026-03-05T23:55:14.127+0000] {processor.py:186} INFO - Started process (PID=1795) to work on /opt/airflow/dags/weather_etl_dag.py
[2026-03-05T23:55:14.129+0000] {processor.py:914} INFO - Processing file /opt/airflow/dags/weather_etl_dag.py for tasks to queue
[2026-03-05T23:55:14.132+0000] {logging_mixin.py:190} INFO - [2026-03-05T23:55:14.132+0000] {dagbag.py:587} INFO - Filling up the DagBag from /opt/airflow/dags/weather_etl_dag.py
[2026-03-05T23:55:14.166+0000] {processor.py:925} INFO - DAG(s) 'Weather_to_Snowflake_v1' retrieved from /opt/airflow/dags/weather_etl_dag.py
[2026-03-05T23:55:14.203+0000] {logging_mixin.py:190} INFO - [2026-03-05T23:55:14.202+0000] {dag.py:3229} INFO - Sync 1 DAGs
[2026-03-05T23:55:14.224+0000] {logging_mixin.py:190} INFO - [2026-03-05T23:55:14.224+0000] {dag.py:4156} INFO - Setting next_dagrun for Weather_to_Snowflake_v1 to 2026-03-05 02:30:00+00:00, run_after=2026-03-06 02:30:00+00:00
[2026-03-05T23:55:14.247+0000] {processor.py:208} INFO - Processing /opt/airflow/dags/weather_etl_dag.py took 0.124 seconds
[2026-03-05T23:55:44.567+0000] {processor.py:186} INFO - Started process (PID=1806) to work on /opt/airflow/dags/weather_etl_dag.py
[2026-03-05T23:55:44.569+0000] {processor.py:914} INFO - Processing file /opt/airflow/dags/weather_etl_dag.py for tasks to queue
[2026-03-05T23:55:44.573+0000] {logging_mixin.py:190} INFO - [2026-03-05T23:55:44.572+0000] {dagbag.py:587} INFO - Filling up the DagBag from /opt/airflow/dags/weather_etl_dag.py
[2026-03-05T23:55:44.622+0000] {processor.py:925} INFO - DAG(s) 'Weather_to_Snowflake_v1' retrieved from /opt/airflow/dags/weather_etl_dag.py
[2026-03-05T23:55:44.660+0000] {logging_mixin.py:190} INFO - [2026-03-05T23:55:44.660+0000] {dag.py:3229} INFO - Sync 1 DAGs
[2026-03-05T23:55:44.679+0000] {logging_mixin.py:190} INFO - [2026-03-05T23:55:44.679+0000] {dag.py:4156} INFO - Setting next_dagrun for Weather_to_Snowflake_v1 to 2026-03-05 02:30:00+00:00, run_after=2026-03-06 02:30:00+00:00
[2026-03-05T23:55:44.701+0000] {processor.py:208} INFO - Processing /opt/airflow/dags/weather_etl_dag.py took 0.142 seconds
[2026-03-05T23:56:14.890+0000] {processor.py:186} INFO - Started process (PID=1817) to work on /opt/airflow/dags/weather_etl_dag.py
[2026-03-05T23:56:14.892+0000] {processor.py:914} INFO - Processing file /opt/airflow/dags/weather_etl_dag.py for tasks to queue
[2026-03-05T23:56:14.898+0000] {logging_mixin.py:190} INFO - [2026-03-05T23:56:14.897+0000] {dagbag.py:587} INFO - Filling up the DagBag from /opt/airflow/dags/weather_etl_dag.py
[2026-03-05T23:56:14.945+0000] {processor.py:925} INFO - DAG(s) 'Weather_to_Snowflake_v1' retrieved from /opt/airflow/dags/weather_etl_dag.py
[2026-03-05T23:56:14.976+0000] {logging_mixin.py:190} INFO - [2026-03-05T23:56:14.976+0000] {dag.py:3229} INFO - Sync 1 DAGs
[2026-03-05T23:56:15.000+0000] {logging_mixin.py:190} INFO - [2026-03-05T23:56:15.000+0000] {dag.py:4156} INFO - Setting next_dagrun for Weather_to_Snowflake_v1 to 2026-03-05 02:30:00+00:00, run_after=2026-03-06 02:30:00+00:00
[2026-03-05T23:56:15.021+0000] {processor.py:208} INFO - Processing /opt/airflow/dags/weather_etl_dag.py took 0.144 seconds
[2026-03-05T23:56:45.639+0000] {processor.py:186} INFO - Started process (PID=1833) to work on /opt/airflow/dags/weather_etl_dag.py
[2026-03-05T23:56:45.640+0000] {processor.py:914} INFO - Processing file /opt/airflow/dags/weather_etl_dag.py for tasks to queue
[2026-03-05T23:56:45.642+0000] {logging_mixin.py:190} INFO - [2026-03-05T23:56:45.642+0000] {dagbag.py:587} INFO - Filling up the DagBag from /opt/airflow/dags/weather_etl_dag.py
[2026-03-05T23:56:45.670+0000] {processor.py:925} INFO - DAG(s) 'Weather_to_Snowflake_v1' retrieved from /opt/airflow/dags/weather_etl_dag.py
[2026-03-05T23:56:45.695+0000] {logging_mixin.py:190} INFO - [2026-03-05T23:56:45.695+0000] {dag.py:3229} INFO - Sync 1 DAGs
[2026-03-05T23:56:45.717+0000] {logging_mixin.py:190} INFO - [2026-03-05T23:56:45.717+0000] {dag.py:4156} INFO - Setting next_dagrun for Weather_to_Snowflake_v1 to 2026-03-05 02:30:00+00:00, run_after=2026-03-06 02:30:00+00:00
[2026-03-05T23:56:45.735+0000] {processor.py:208} INFO - Processing /opt/airflow/dags/weather_etl_dag.py took 0.103 seconds
[2026-03-05T23:57:16.007+0000] {processor.py:186} INFO - Started process (PID=1849) to work on /opt/airflow/dags/weather_etl_dag.py
[2026-03-05T23:57:16.009+0000] {processor.py:914} INFO - Processing file /opt/airflow/dags/weather_etl_dag.py for tasks to queue
[2026-03-05T23:57:16.013+0000] {logging_mixin.py:190} INFO - [2026-03-05T23:57:16.012+0000] {dagbag.py:587} INFO - Filling up the DagBag from /opt/airflow/dags/weather_etl_dag.py
[2026-03-05T23:57:16.049+0000] {processor.py:925} INFO - DAG(s) 'Weather_to_Snowflake_v1' retrieved from /opt/airflow/dags/weather_etl_dag.py
[2026-03-05T23:57:16.076+0000] {logging_mixin.py:190} INFO - [2026-03-05T23:57:16.076+0000] {dag.py:3229} INFO - Sync 1 DAGs
[2026-03-05T23:57:16.095+0000] {logging_mixin.py:190} INFO - [2026-03-05T23:57:16.095+0000] {dag.py:4156} INFO - Setting next_dagrun for Weather_to_Snowflake_v1 to 2026-03-05 02:30:00+00:00, run_after=2026-03-06 02:30:00+00:00
[2026-03-05T23:57:16.111+0000] {processor.py:208} INFO - Processing /opt/airflow/dags/weather_etl_dag.py took 0.112 seconds
[2026-03-05T23:57:46.826+0000] {processor.py:186} INFO - Started process (PID=1934) to work on /opt/airflow/dags/weather_etl_dag.py
[2026-03-05T23:57:46.887+0000] {processor.py:914} INFO - Processing file /opt/airflow/dags/weather_etl_dag.py for tasks to queue
[2026-03-05T23:57:46.924+0000] {logging_mixin.py:190} INFO - [2026-03-05T23:57:46.923+0000] {dagbag.py:587} INFO - Filling up the DagBag from /opt/airflow/dags/weather_etl_dag.py
[2026-03-05T23:57:47.254+0000] {processor.py:925} INFO - DAG(s) 'Weather_to_Snowflake_v1' retrieved from /opt/airflow/dags/weather_etl_dag.py
[2026-03-05T23:57:47.477+0000] {logging_mixin.py:190} INFO - [2026-03-05T23:57:47.476+0000] {dag.py:3229} INFO - Sync 1 DAGs
[2026-03-05T23:57:47.862+0000] {logging_mixin.py:190} INFO - [2026-03-05T23:57:47.862+0000] {dag.py:4156} INFO - Setting next_dagrun for Weather_to_Snowflake_v1 to 2026-03-05 02:30:00+00:00, run_after=2026-03-06 02:30:00+00:00
[2026-03-05T23:57:48.209+0000] {processor.py:208} INFO - Processing /opt/airflow/dags/weather_etl_dag.py took 1.447 seconds
[2026-03-05T23:58:18.685+0000] {processor.py:186} INFO - Started process (PID=1961) to work on /opt/airflow/dags/weather_etl_dag.py
[2026-03-05T23:58:18.686+0000] {processor.py:914} INFO - Processing file /opt/airflow/dags/weather_etl_dag.py for tasks to queue
[2026-03-05T23:58:18.690+0000] {logging_mixin.py:190} INFO - [2026-03-05T23:58:18.690+0000] {dagbag.py:587} INFO - Filling up the DagBag from /opt/airflow/dags/weather_etl_dag.py
[2026-03-05T23:58:18.717+0000] {processor.py:925} INFO - DAG(s) 'Weather_to_Snowflake_v1' retrieved from /opt/airflow/dags/weather_etl_dag.py
[2026-03-05T23:58:18.748+0000] {logging_mixin.py:190} INFO - [2026-03-05T23:58:18.748+0000] {dag.py:3229} INFO - Sync 1 DAGs
[2026-03-05T23:58:18.772+0000] {logging_mixin.py:190} INFO - [2026-03-05T23:58:18.772+0000] {dag.py:4156} INFO - Setting next_dagrun for Weather_to_Snowflake_v1 to 2026-03-05 02:30:00+00:00, run_after=2026-03-06 02:30:00+00:00
[2026-03-05T23:58:18.797+0000] {processor.py:208} INFO - Processing /opt/airflow/dags/weather_etl_dag.py took 0.117 seconds
[2026-03-05T23:58:49.105+0000] {processor.py:186} INFO - Started process (PID=1977) to work on /opt/airflow/dags/weather_etl_dag.py
[2026-03-05T23:58:49.106+0000] {processor.py:914} INFO - Processing file /opt/airflow/dags/weather_etl_dag.py for tasks to queue
[2026-03-05T23:58:49.109+0000] {logging_mixin.py:190} INFO - [2026-03-05T23:58:49.108+0000] {dagbag.py:587} INFO - Filling up the DagBag from /opt/airflow/dags/weather_etl_dag.py
[2026-03-05T23:58:49.134+0000] {processor.py:925} INFO - DAG(s) 'Weather_to_Snowflake_v1' retrieved from /opt/airflow/dags/weather_etl_dag.py
[2026-03-05T23:58:49.162+0000] {logging_mixin.py:190} INFO - [2026-03-05T23:58:49.161+0000] {dag.py:3229} INFO - Sync 1 DAGs
[2026-03-05T23:58:49.187+0000] {logging_mixin.py:190} INFO - [2026-03-05T23:58:49.187+0000] {dag.py:4156} INFO - Setting next_dagrun for Weather_to_Snowflake_v1 to 2026-03-05 02:30:00+00:00, run_after=2026-03-06 02:30:00+00:00
[2026-03-05T23:58:49.206+0000] {processor.py:208} INFO - Processing /opt/airflow/dags/weather_etl_dag.py took 0.106 seconds
[2026-03-05T23:59:19.382+0000] {processor.py:186} INFO - Started process (PID=1993) to work on /opt/airflow/dags/weather_etl_dag.py
[2026-03-05T23:59:19.384+0000] {processor.py:914} INFO - Processing file /opt/airflow/dags/weather_etl_dag.py for tasks to queue
[2026-03-05T23:59:19.389+0000] {logging_mixin.py:190} INFO - [2026-03-05T23:59:19.388+0000] {dagbag.py:587} INFO - Filling up the DagBag from /opt/airflow/dags/weather_etl_dag.py
[2026-03-05T23:59:19.435+0000] {processor.py:925} INFO - DAG(s) 'Weather_to_Snowflake_v1' retrieved from /opt/airflow/dags/weather_etl_dag.py
[2026-03-05T23:59:19.468+0000] {logging_mixin.py:190} INFO - [2026-03-05T23:59:19.467+0000] {dag.py:3229} INFO - Sync 1 DAGs
[2026-03-05T23:59:19.498+0000] {logging_mixin.py:190} INFO - [2026-03-05T23:59:19.498+0000] {dag.py:4156} INFO - Setting next_dagrun for Weather_to_Snowflake_v1 to 2026-03-05 02:30:00+00:00, run_after=2026-03-06 02:30:00+00:00
[2026-03-05T23:59:19.522+0000] {processor.py:208} INFO - Processing /opt/airflow/dags/weather_etl_dag.py took 0.147 seconds
[2026-03-05T23:59:49.657+0000] {processor.py:186} INFO - Started process (PID=2009) to work on /opt/airflow/dags/weather_etl_dag.py
[2026-03-05T23:59:49.658+0000] {processor.py:914} INFO - Processing file /opt/airflow/dags/weather_etl_dag.py for tasks to queue
[2026-03-05T23:59:49.660+0000] {logging_mixin.py:190} INFO - [2026-03-05T23:59:49.660+0000] {dagbag.py:587} INFO - Filling up the DagBag from /opt/airflow/dags/weather_etl_dag.py
[2026-03-05T23:59:49.686+0000] {processor.py:925} INFO - DAG(s) 'Weather_to_Snowflake_v1' retrieved from /opt/airflow/dags/weather_etl_dag.py
[2026-03-05T23:59:49.707+0000] {logging_mixin.py:190} INFO - [2026-03-05T23:59:49.707+0000] {dag.py:3229} INFO - Sync 1 DAGs
[2026-03-05T23:59:49.728+0000] {logging_mixin.py:190} INFO - [2026-03-05T23:59:49.728+0000] {dag.py:4156} INFO - Setting next_dagrun for Weather_to_Snowflake_v1 to 2026-03-05 02:30:00+00:00, run_after=2026-03-06 02:30:00+00:00
[2026-03-05T23:59:49.749+0000] {processor.py:208} INFO - Processing /opt/airflow/dags/weather_etl_dag.py took 0.097 seconds
