[2026-03-06T00:00:19.940+0000] {processor.py:186} INFO - Started process (PID=2020) to work on /opt/airflow/dags/ml_forecasting_pipeline_dag.py
[2026-03-06T00:00:19.941+0000] {processor.py:914} INFO - Processing file /opt/airflow/dags/ml_forecasting_pipeline_dag.py for tasks to queue
[2026-03-06T00:00:19.944+0000] {logging_mixin.py:190} INFO - [2026-03-06T00:00:19.943+0000] {dagbag.py:587} INFO - Filling up the DagBag from /opt/airflow/dags/ml_forecasting_pipeline_dag.py
[2026-03-06T00:00:19.982+0000] {logging_mixin.py:190} INFO - [2026-03-06T00:00:19.982+0000] {base.py:84} INFO - Retrieving connection 'snowflake_conn'
[2026-03-06T00:00:19.984+0000] {logging_mixin.py:190} INFO - [2026-03-06T00:00:19.984+0000] {connection.py:413} INFO - Snowflake Connector for Python Version: 3.12.1, Python Version: 3.12.5, Platform: Linux-6.6.87.2-microsoft-standard-WSL2-x86_64-with-glibc2.36
[2026-03-06T00:00:19.985+0000] {logging_mixin.py:190} INFO - [2026-03-06T00:00:19.985+0000] {connection.py:1196} INFO - Connecting to GLOBAL Snowflake domain
[2026-03-06T00:00:19.986+0000] {logging_mixin.py:190} INFO - [2026-03-06T00:00:19.986+0000] {connection.py:1277} INFO - This connection is in OCSP Fail Open Mode. TLS Certificates would be checked for validity and revocation status. Any other Certificate Revocation related exceptions or OCSP Responder failures would be disregarded in favor of connectivity.
[2026-03-06T00:00:22.392+0000] {processor.py:925} INFO - DAG(s) 'ML_Weather_Forecast_Final' retrieved from /opt/airflow/dags/ml_forecasting_pipeline_dag.py
[2026-03-06T00:00:22.485+0000] {logging_mixin.py:190} INFO - [2026-03-06T00:00:22.484+0000] {dag.py:3229} INFO - Sync 1 DAGs
[2026-03-06T00:00:22.506+0000] {logging_mixin.py:190} INFO - [2026-03-06T00:00:22.506+0000] {dag.py:4156} INFO - Setting next_dagrun for ML_Weather_Forecast_Final to 2026-03-05 02:30:00+00:00, run_after=2026-03-06 02:30:00+00:00
[2026-03-06T00:00:22.529+0000] {processor.py:208} INFO - Processing /opt/airflow/dags/ml_forecasting_pipeline_dag.py took 2.593 seconds
[2026-03-06T00:00:53.422+0000] {processor.py:186} INFO - Started process (PID=2041) to work on /opt/airflow/dags/ml_forecasting_pipeline_dag.py
[2026-03-06T00:00:53.423+0000] {processor.py:914} INFO - Processing file /opt/airflow/dags/ml_forecasting_pipeline_dag.py for tasks to queue
[2026-03-06T00:00:53.425+0000] {logging_mixin.py:190} INFO - [2026-03-06T00:00:53.425+0000] {dagbag.py:587} INFO - Filling up the DagBag from /opt/airflow/dags/ml_forecasting_pipeline_dag.py
[2026-03-06T00:00:53.458+0000] {logging_mixin.py:190} INFO - [2026-03-06T00:00:53.458+0000] {base.py:84} INFO - Retrieving connection 'snowflake_conn'
[2026-03-06T00:00:53.466+0000] {logging_mixin.py:190} INFO - [2026-03-06T00:00:53.466+0000] {connection.py:413} INFO - Snowflake Connector for Python Version: 3.12.1, Python Version: 3.12.5, Platform: Linux-6.6.87.2-microsoft-standard-WSL2-x86_64-with-glibc2.36
[2026-03-06T00:00:53.467+0000] {logging_mixin.py:190} INFO - [2026-03-06T00:00:53.467+0000] {connection.py:1196} INFO - Connecting to GLOBAL Snowflake domain
[2026-03-06T00:00:53.468+0000] {logging_mixin.py:190} INFO - [2026-03-06T00:00:53.468+0000] {connection.py:1277} INFO - This connection is in OCSP Fail Open Mode. TLS Certificates would be checked for validity and revocation status. Any other Certificate Revocation related exceptions or OCSP Responder failures would be disregarded in favor of connectivity.
[2026-03-06T00:00:54.847+0000] {processor.py:925} INFO - DAG(s) 'ML_Weather_Forecast_Final' retrieved from /opt/airflow/dags/ml_forecasting_pipeline_dag.py
[2026-03-06T00:00:54.943+0000] {logging_mixin.py:190} INFO - [2026-03-06T00:00:54.943+0000] {dag.py:3229} INFO - Sync 1 DAGs
[2026-03-06T00:00:54.963+0000] {logging_mixin.py:190} INFO - [2026-03-06T00:00:54.962+0000] {dag.py:4156} INFO - Setting next_dagrun for ML_Weather_Forecast_Final to 2026-03-05 02:30:00+00:00, run_after=2026-03-06 02:30:00+00:00
[2026-03-06T00:00:54.990+0000] {processor.py:208} INFO - Processing /opt/airflow/dags/ml_forecasting_pipeline_dag.py took 1.573 seconds
[2026-03-06T00:01:01.149+0000] {processor.py:186} INFO - Started process (PID=2051) to work on /opt/airflow/dags/ml_forecasting_pipeline_dag.py
[2026-03-06T00:01:01.151+0000] {processor.py:914} INFO - Processing file /opt/airflow/dags/ml_forecasting_pipeline_dag.py for tasks to queue
[2026-03-06T00:01:01.153+0000] {logging_mixin.py:190} INFO - [2026-03-06T00:01:01.153+0000] {dagbag.py:587} INFO - Filling up the DagBag from /opt/airflow/dags/ml_forecasting_pipeline_dag.py
[2026-03-06T00:01:01.191+0000] {processor.py:925} INFO - DAG(s) 'ML_Weather_Forecast_Final' retrieved from /opt/airflow/dags/ml_forecasting_pipeline_dag.py
[2026-03-06T00:01:01.206+0000] {logging_mixin.py:190} INFO - [2026-03-06T00:01:01.205+0000] {dag.py:3229} INFO - Sync 1 DAGs
[2026-03-06T00:01:01.231+0000] {logging_mixin.py:190} INFO - [2026-03-06T00:01:01.231+0000] {dag.py:4156} INFO - Setting next_dagrun for ML_Weather_Forecast_Final to 2026-03-05 02:30:00+00:00, run_after=2026-03-06 02:30:00+00:00
[2026-03-06T00:01:01.260+0000] {processor.py:208} INFO - Processing /opt/airflow/dags/ml_forecasting_pipeline_dag.py took 0.116 seconds
[2026-03-06T00:01:31.754+0000] {processor.py:186} INFO - Started process (PID=2067) to work on /opt/airflow/dags/ml_forecasting_pipeline_dag.py
[2026-03-06T00:01:31.755+0000] {processor.py:914} INFO - Processing file /opt/airflow/dags/ml_forecasting_pipeline_dag.py for tasks to queue
[2026-03-06T00:01:31.757+0000] {logging_mixin.py:190} INFO - [2026-03-06T00:01:31.757+0000] {dagbag.py:587} INFO - Filling up the DagBag from /opt/airflow/dags/ml_forecasting_pipeline_dag.py
[2026-03-06T00:01:31.787+0000] {processor.py:925} INFO - DAG(s) 'ML_Weather_Forecast_Final' retrieved from /opt/airflow/dags/ml_forecasting_pipeline_dag.py
[2026-03-06T00:01:31.877+0000] {logging_mixin.py:190} INFO - [2026-03-06T00:01:31.876+0000] {dag.py:3229} INFO - Sync 1 DAGs
[2026-03-06T00:01:31.895+0000] {logging_mixin.py:190} INFO - [2026-03-06T00:01:31.895+0000] {dag.py:4156} INFO - Setting next_dagrun for ML_Weather_Forecast_Final to 2026-03-05 02:30:00+00:00, run_after=2026-03-06 02:30:00+00:00
[2026-03-06T00:01:31.912+0000] {processor.py:208} INFO - Processing /opt/airflow/dags/ml_forecasting_pipeline_dag.py took 0.164 seconds
[2026-03-06T00:01:33.936+0000] {processor.py:186} INFO - Started process (PID=2072) to work on /opt/airflow/dags/ml_forecasting_pipeline_dag.py
[2026-03-06T00:01:33.938+0000] {processor.py:914} INFO - Processing file /opt/airflow/dags/ml_forecasting_pipeline_dag.py for tasks to queue
[2026-03-06T00:01:33.941+0000] {logging_mixin.py:190} INFO - [2026-03-06T00:01:33.941+0000] {dagbag.py:587} INFO - Filling up the DagBag from /opt/airflow/dags/ml_forecasting_pipeline_dag.py
[2026-03-06T00:01:33.974+0000] {processor.py:925} INFO - DAG(s) 'ML_weather_forecast_pipeline' retrieved from /opt/airflow/dags/ml_forecasting_pipeline_dag.py
[2026-03-06T00:01:34.087+0000] {logging_mixin.py:190} INFO - [2026-03-06T00:01:34.086+0000] {override.py:1900} INFO - Created Permission View: can edit on DAG:ML_weather_forecast_pipeline
[2026-03-06T00:01:34.100+0000] {logging_mixin.py:190} INFO - [2026-03-06T00:01:34.100+0000] {override.py:1900} INFO - Created Permission View: can delete on DAG:ML_weather_forecast_pipeline
[2026-03-06T00:01:34.110+0000] {logging_mixin.py:190} INFO - [2026-03-06T00:01:34.109+0000] {override.py:1900} INFO - Created Permission View: can read on DAG:ML_weather_forecast_pipeline
[2026-03-06T00:01:34.121+0000] {logging_mixin.py:190} INFO - [2026-03-06T00:01:34.120+0000] {override.py:1900} INFO - Created Permission View: menu access on DAG Run:ML_weather_forecast_pipeline
[2026-03-06T00:01:34.131+0000] {logging_mixin.py:190} INFO - [2026-03-06T00:01:34.130+0000] {override.py:1900} INFO - Created Permission View: can delete on DAG Run:ML_weather_forecast_pipeline
[2026-03-06T00:01:34.141+0000] {logging_mixin.py:190} INFO - [2026-03-06T00:01:34.141+0000] {override.py:1900} INFO - Created Permission View: can create on DAG Run:ML_weather_forecast_pipeline
[2026-03-06T00:01:34.154+0000] {logging_mixin.py:190} INFO - [2026-03-06T00:01:34.154+0000] {override.py:1900} INFO - Created Permission View: can read on DAG Run:ML_weather_forecast_pipeline
[2026-03-06T00:01:34.156+0000] {logging_mixin.py:190} INFO - [2026-03-06T00:01:34.155+0000] {dag.py:3229} INFO - Sync 1 DAGs
[2026-03-06T00:01:34.173+0000] {logging_mixin.py:190} INFO - [2026-03-06T00:01:34.173+0000] {dag.py:3252} INFO - Creating ORM DAG for ML_weather_forecast_pipeline
[2026-03-06T00:01:34.187+0000] {logging_mixin.py:190} INFO - [2026-03-06T00:01:34.186+0000] {dag.py:4156} INFO - Setting next_dagrun for ML_weather_forecast_pipeline to 2026-03-04 02:30:00+00:00, run_after=2026-03-05 02:30:00+00:00
[2026-03-06T00:01:34.210+0000] {processor.py:208} INFO - Processing /opt/airflow/dags/ml_forecasting_pipeline_dag.py took 0.284 seconds
[2026-03-06T00:02:04.904+0000] {processor.py:186} INFO - Started process (PID=2129) to work on /opt/airflow/dags/ml_forecasting_pipeline_dag.py
[2026-03-06T00:02:04.930+0000] {processor.py:914} INFO - Processing file /opt/airflow/dags/ml_forecasting_pipeline_dag.py for tasks to queue
[2026-03-06T00:02:04.947+0000] {logging_mixin.py:190} INFO - [2026-03-06T00:02:04.946+0000] {dagbag.py:587} INFO - Filling up the DagBag from /opt/airflow/dags/ml_forecasting_pipeline_dag.py
[2026-03-06T00:02:05.127+0000] {processor.py:925} INFO - DAG(s) 'ML_weather_forecast_pipeline' retrieved from /opt/airflow/dags/ml_forecasting_pipeline_dag.py
[2026-03-06T00:02:05.213+0000] {logging_mixin.py:190} INFO - [2026-03-06T00:02:05.212+0000] {dag.py:3229} INFO - Sync 1 DAGs
[2026-03-06T00:02:05.338+0000] {logging_mixin.py:190} INFO - [2026-03-06T00:02:05.335+0000] {dag.py:4156} INFO - Setting next_dagrun for ML_weather_forecast_pipeline to 2026-03-05 02:30:00+00:00, run_after=2026-03-06 02:30:00+00:00
[2026-03-06T00:02:05.418+0000] {processor.py:208} INFO - Processing /opt/airflow/dags/ml_forecasting_pipeline_dag.py took 0.547 seconds
[2026-03-06T00:02:35.818+0000] {processor.py:186} INFO - Started process (PID=2167) to work on /opt/airflow/dags/ml_forecasting_pipeline_dag.py
[2026-03-06T00:02:35.819+0000] {processor.py:914} INFO - Processing file /opt/airflow/dags/ml_forecasting_pipeline_dag.py for tasks to queue
[2026-03-06T00:02:35.822+0000] {logging_mixin.py:190} INFO - [2026-03-06T00:02:35.822+0000] {dagbag.py:587} INFO - Filling up the DagBag from /opt/airflow/dags/ml_forecasting_pipeline_dag.py
[2026-03-06T00:02:35.856+0000] {processor.py:925} INFO - DAG(s) 'ML_weather_forecast_pipeline' retrieved from /opt/airflow/dags/ml_forecasting_pipeline_dag.py
[2026-03-06T00:02:35.882+0000] {logging_mixin.py:190} INFO - [2026-03-06T00:02:35.881+0000] {dag.py:3229} INFO - Sync 1 DAGs
[2026-03-06T00:02:35.903+0000] {logging_mixin.py:190} INFO - [2026-03-06T00:02:35.903+0000] {dag.py:4156} INFO - Setting next_dagrun for ML_weather_forecast_pipeline to 2026-03-05 02:30:00+00:00, run_after=2026-03-06 02:30:00+00:00
[2026-03-06T00:02:35.924+0000] {processor.py:208} INFO - Processing /opt/airflow/dags/ml_forecasting_pipeline_dag.py took 0.111 seconds
[2026-03-06T00:03:06.200+0000] {processor.py:186} INFO - Started process (PID=2183) to work on /opt/airflow/dags/ml_forecasting_pipeline_dag.py
[2026-03-06T00:03:06.201+0000] {processor.py:914} INFO - Processing file /opt/airflow/dags/ml_forecasting_pipeline_dag.py for tasks to queue
[2026-03-06T00:03:06.206+0000] {logging_mixin.py:190} INFO - [2026-03-06T00:03:06.205+0000] {dagbag.py:587} INFO - Filling up the DagBag from /opt/airflow/dags/ml_forecasting_pipeline_dag.py
[2026-03-06T00:03:06.255+0000] {processor.py:925} INFO - DAG(s) 'ML_weather_forecast_pipeline' retrieved from /opt/airflow/dags/ml_forecasting_pipeline_dag.py
[2026-03-06T00:03:06.294+0000] {logging_mixin.py:190} INFO - [2026-03-06T00:03:06.293+0000] {dag.py:3229} INFO - Sync 1 DAGs
[2026-03-06T00:03:06.345+0000] {logging_mixin.py:190} INFO - [2026-03-06T00:03:06.344+0000] {dag.py:4156} INFO - Setting next_dagrun for ML_weather_forecast_pipeline to 2026-03-05 02:30:00+00:00, run_after=2026-03-06 02:30:00+00:00
[2026-03-06T00:03:06.387+0000] {processor.py:208} INFO - Processing /opt/airflow/dags/ml_forecasting_pipeline_dag.py took 0.195 seconds
[2026-03-06T00:03:36.945+0000] {processor.py:186} INFO - Started process (PID=2199) to work on /opt/airflow/dags/ml_forecasting_pipeline_dag.py
[2026-03-06T00:03:36.946+0000] {processor.py:914} INFO - Processing file /opt/airflow/dags/ml_forecasting_pipeline_dag.py for tasks to queue
[2026-03-06T00:03:36.949+0000] {logging_mixin.py:190} INFO - [2026-03-06T00:03:36.949+0000] {dagbag.py:587} INFO - Filling up the DagBag from /opt/airflow/dags/ml_forecasting_pipeline_dag.py
[2026-03-06T00:03:36.986+0000] {processor.py:925} INFO - DAG(s) 'ML_weather_forecast_pipeline' retrieved from /opt/airflow/dags/ml_forecasting_pipeline_dag.py
[2026-03-06T00:03:37.017+0000] {logging_mixin.py:190} INFO - [2026-03-06T00:03:37.017+0000] {dag.py:3229} INFO - Sync 1 DAGs
[2026-03-06T00:03:37.042+0000] {logging_mixin.py:190} INFO - [2026-03-06T00:03:37.041+0000] {dag.py:4156} INFO - Setting next_dagrun for ML_weather_forecast_pipeline to 2026-03-05 02:30:00+00:00, run_after=2026-03-06 02:30:00+00:00
[2026-03-06T00:03:37.063+0000] {processor.py:208} INFO - Processing /opt/airflow/dags/ml_forecasting_pipeline_dag.py took 0.126 seconds
[2026-03-06T00:04:07.298+0000] {processor.py:186} INFO - Started process (PID=2240) to work on /opt/airflow/dags/ml_forecasting_pipeline_dag.py
[2026-03-06T00:04:07.299+0000] {processor.py:914} INFO - Processing file /opt/airflow/dags/ml_forecasting_pipeline_dag.py for tasks to queue
[2026-03-06T00:04:07.301+0000] {logging_mixin.py:190} INFO - [2026-03-06T00:04:07.301+0000] {dagbag.py:587} INFO - Filling up the DagBag from /opt/airflow/dags/ml_forecasting_pipeline_dag.py
[2026-03-06T00:04:07.339+0000] {processor.py:925} INFO - DAG(s) 'ML_weather_forecast_pipeline' retrieved from /opt/airflow/dags/ml_forecasting_pipeline_dag.py
[2026-03-06T00:04:07.377+0000] {logging_mixin.py:190} INFO - [2026-03-06T00:04:07.377+0000] {dag.py:3229} INFO - Sync 1 DAGs
[2026-03-06T00:04:07.404+0000] {logging_mixin.py:190} INFO - [2026-03-06T00:04:07.404+0000] {dag.py:4156} INFO - Setting next_dagrun for ML_weather_forecast_pipeline to 2026-03-05 02:30:00+00:00, run_after=2026-03-06 02:30:00+00:00
[2026-03-06T00:04:07.430+0000] {processor.py:208} INFO - Processing /opt/airflow/dags/ml_forecasting_pipeline_dag.py took 0.140 seconds
[2026-03-06T00:04:37.723+0000] {processor.py:186} INFO - Started process (PID=2266) to work on /opt/airflow/dags/ml_forecasting_pipeline_dag.py
[2026-03-06T00:04:37.724+0000] {processor.py:914} INFO - Processing file /opt/airflow/dags/ml_forecasting_pipeline_dag.py for tasks to queue
[2026-03-06T00:04:37.727+0000] {logging_mixin.py:190} INFO - [2026-03-06T00:04:37.726+0000] {dagbag.py:587} INFO - Filling up the DagBag from /opt/airflow/dags/ml_forecasting_pipeline_dag.py
[2026-03-06T00:04:37.760+0000] {processor.py:925} INFO - DAG(s) 'ML_weather_forecast_pipeline' retrieved from /opt/airflow/dags/ml_forecasting_pipeline_dag.py
[2026-03-06T00:04:37.793+0000] {logging_mixin.py:190} INFO - [2026-03-06T00:04:37.792+0000] {dag.py:3229} INFO - Sync 1 DAGs
[2026-03-06T00:04:37.821+0000] {logging_mixin.py:190} INFO - [2026-03-06T00:04:37.821+0000] {dag.py:4156} INFO - Setting next_dagrun for ML_weather_forecast_pipeline to 2026-03-05 02:30:00+00:00, run_after=2026-03-06 02:30:00+00:00
[2026-03-06T00:04:37.849+0000] {processor.py:208} INFO - Processing /opt/airflow/dags/ml_forecasting_pipeline_dag.py took 0.131 seconds
[2026-03-06T00:05:08.349+0000] {processor.py:186} INFO - Started process (PID=2282) to work on /opt/airflow/dags/ml_forecasting_pipeline_dag.py
[2026-03-06T00:05:08.350+0000] {processor.py:914} INFO - Processing file /opt/airflow/dags/ml_forecasting_pipeline_dag.py for tasks to queue
[2026-03-06T00:05:08.352+0000] {logging_mixin.py:190} INFO - [2026-03-06T00:05:08.352+0000] {dagbag.py:587} INFO - Filling up the DagBag from /opt/airflow/dags/ml_forecasting_pipeline_dag.py
[2026-03-06T00:05:08.385+0000] {processor.py:925} INFO - DAG(s) 'ML_weather_forecast_pipeline' retrieved from /opt/airflow/dags/ml_forecasting_pipeline_dag.py
[2026-03-06T00:05:08.420+0000] {logging_mixin.py:190} INFO - [2026-03-06T00:05:08.419+0000] {dag.py:3229} INFO - Sync 1 DAGs
[2026-03-06T00:05:08.448+0000] {logging_mixin.py:190} INFO - [2026-03-06T00:05:08.447+0000] {dag.py:4156} INFO - Setting next_dagrun for ML_weather_forecast_pipeline to 2026-03-05 02:30:00+00:00, run_after=2026-03-06 02:30:00+00:00
[2026-03-06T00:05:08.474+0000] {processor.py:208} INFO - Processing /opt/airflow/dags/ml_forecasting_pipeline_dag.py took 0.130 seconds
[2026-03-06T00:05:38.960+0000] {processor.py:186} INFO - Started process (PID=2298) to work on /opt/airflow/dags/ml_forecasting_pipeline_dag.py
[2026-03-06T00:05:38.961+0000] {processor.py:914} INFO - Processing file /opt/airflow/dags/ml_forecasting_pipeline_dag.py for tasks to queue
[2026-03-06T00:05:38.965+0000] {logging_mixin.py:190} INFO - [2026-03-06T00:05:38.964+0000] {dagbag.py:587} INFO - Filling up the DagBag from /opt/airflow/dags/ml_forecasting_pipeline_dag.py
[2026-03-06T00:05:39.005+0000] {processor.py:925} INFO - DAG(s) 'ML_weather_forecast_pipeline' retrieved from /opt/airflow/dags/ml_forecasting_pipeline_dag.py
[2026-03-06T00:05:39.036+0000] {logging_mixin.py:190} INFO - [2026-03-06T00:05:39.036+0000] {dag.py:3229} INFO - Sync 1 DAGs
[2026-03-06T00:05:39.059+0000] {logging_mixin.py:190} INFO - [2026-03-06T00:05:39.059+0000] {dag.py:4156} INFO - Setting next_dagrun for ML_weather_forecast_pipeline to 2026-03-05 02:30:00+00:00, run_after=2026-03-06 02:30:00+00:00
[2026-03-06T00:05:39.080+0000] {processor.py:208} INFO - Processing /opt/airflow/dags/ml_forecasting_pipeline_dag.py took 0.128 seconds
[2026-03-06T00:06:09.508+0000] {processor.py:186} INFO - Started process (PID=2314) to work on /opt/airflow/dags/ml_forecasting_pipeline_dag.py
[2026-03-06T00:06:09.509+0000] {processor.py:914} INFO - Processing file /opt/airflow/dags/ml_forecasting_pipeline_dag.py for tasks to queue
[2026-03-06T00:06:09.512+0000] {logging_mixin.py:190} INFO - [2026-03-06T00:06:09.512+0000] {dagbag.py:587} INFO - Filling up the DagBag from /opt/airflow/dags/ml_forecasting_pipeline_dag.py
[2026-03-06T00:06:09.546+0000] {processor.py:925} INFO - DAG(s) 'ML_weather_forecast_pipeline' retrieved from /opt/airflow/dags/ml_forecasting_pipeline_dag.py
[2026-03-06T00:06:09.576+0000] {logging_mixin.py:190} INFO - [2026-03-06T00:06:09.575+0000] {dag.py:3229} INFO - Sync 1 DAGs
[2026-03-06T00:06:09.601+0000] {logging_mixin.py:190} INFO - [2026-03-06T00:06:09.601+0000] {dag.py:4156} INFO - Setting next_dagrun for ML_weather_forecast_pipeline to 2026-03-05 02:30:00+00:00, run_after=2026-03-06 02:30:00+00:00
[2026-03-06T00:06:09.625+0000] {processor.py:208} INFO - Processing /opt/airflow/dags/ml_forecasting_pipeline_dag.py took 0.123 seconds
[2026-03-06T00:06:39.979+0000] {processor.py:186} INFO - Started process (PID=2331) to work on /opt/airflow/dags/ml_forecasting_pipeline_dag.py
[2026-03-06T00:06:39.981+0000] {processor.py:914} INFO - Processing file /opt/airflow/dags/ml_forecasting_pipeline_dag.py for tasks to queue
[2026-03-06T00:06:40.001+0000] {logging_mixin.py:190} INFO - [2026-03-06T00:06:40.000+0000] {dagbag.py:587} INFO - Filling up the DagBag from /opt/airflow/dags/ml_forecasting_pipeline_dag.py
[2026-03-06T00:06:40.047+0000] {processor.py:925} INFO - DAG(s) 'ML_weather_forecast_pipeline' retrieved from /opt/airflow/dags/ml_forecasting_pipeline_dag.py
[2026-03-06T00:06:40.089+0000] {logging_mixin.py:190} INFO - [2026-03-06T00:06:40.089+0000] {dag.py:3229} INFO - Sync 1 DAGs
[2026-03-06T00:06:40.135+0000] {logging_mixin.py:190} INFO - [2026-03-06T00:06:40.135+0000] {dag.py:4156} INFO - Setting next_dagrun for ML_weather_forecast_pipeline to 2026-03-05 02:30:00+00:00, run_after=2026-03-06 02:30:00+00:00
[2026-03-06T00:06:40.170+0000] {processor.py:208} INFO - Processing /opt/airflow/dags/ml_forecasting_pipeline_dag.py took 0.235 seconds
[2026-03-06T00:06:59.556+0000] {processor.py:186} INFO - Started process (PID=2344) to work on /opt/airflow/dags/ml_forecasting_pipeline_dag.py
[2026-03-06T00:06:59.558+0000] {processor.py:914} INFO - Processing file /opt/airflow/dags/ml_forecasting_pipeline_dag.py for tasks to queue
[2026-03-06T00:06:59.560+0000] {logging_mixin.py:190} INFO - [2026-03-06T00:06:59.560+0000] {dagbag.py:587} INFO - Filling up the DagBag from /opt/airflow/dags/ml_forecasting_pipeline_dag.py
[2026-03-06T00:06:59.605+0000] {processor.py:925} INFO - DAG(s) 'ML_weather_forecast_pipeline' retrieved from /opt/airflow/dags/ml_forecasting_pipeline_dag.py
[2026-03-06T00:06:59.646+0000] {logging_mixin.py:190} INFO - [2026-03-06T00:06:59.645+0000] {dag.py:3229} INFO - Sync 1 DAGs
[2026-03-06T00:06:59.670+0000] {logging_mixin.py:190} INFO - [2026-03-06T00:06:59.670+0000] {dag.py:4156} INFO - Setting next_dagrun for ML_weather_forecast_pipeline to 2026-03-05 02:30:00+00:00, run_after=2026-03-06 02:30:00+00:00
[2026-03-06T00:06:59.692+0000] {processor.py:208} INFO - Processing /opt/airflow/dags/ml_forecasting_pipeline_dag.py took 0.142 seconds
[2026-03-06T00:07:28.207+0000] {processor.py:186} INFO - Started process (PID=2360) to work on /opt/airflow/dags/ml_forecasting_pipeline_dag.py
[2026-03-06T00:07:28.209+0000] {processor.py:914} INFO - Processing file /opt/airflow/dags/ml_forecasting_pipeline_dag.py for tasks to queue
[2026-03-06T00:07:28.213+0000] {logging_mixin.py:190} INFO - [2026-03-06T00:07:28.212+0000] {dagbag.py:587} INFO - Filling up the DagBag from /opt/airflow/dags/ml_forecasting_pipeline_dag.py
[2026-03-06T00:07:28.264+0000] {logging_mixin.py:190} INFO - [2026-03-06T00:07:28.249+0000] {dagbag.py:386} ERROR - Failed to import: /opt/airflow/dags/ml_forecasting_pipeline_dag.py
Traceback (most recent call last):
  File "/home/airflow/.local/lib/python3.12/site-packages/airflow/models/dagbag.py", line 382, in parse
    loader.exec_module(new_module)
  File "<frozen importlib._bootstrap_external>", line 995, in exec_module
  File "<frozen importlib._bootstrap>", line 488, in _call_with_frames_removed
  File "/opt/airflow/dags/ml_forecasting_pipeline_dag.py", line 77, in <module>
    final_union = create_final_table(conn_id, raw)
                                     ^^^^^^^
NameError: name 'conn_id' is not defined
[2026-03-06T00:07:28.272+0000] {processor.py:927} WARNING - No viable dags retrieved from /opt/airflow/dags/ml_forecasting_pipeline_dag.py
[2026-03-06T00:07:28.301+0000] {processor.py:208} INFO - Processing /opt/airflow/dags/ml_forecasting_pipeline_dag.py took 0.101 seconds
[2026-03-06T00:07:58.756+0000] {processor.py:186} INFO - Started process (PID=2377) to work on /opt/airflow/dags/ml_forecasting_pipeline_dag.py
[2026-03-06T00:07:58.759+0000] {processor.py:914} INFO - Processing file /opt/airflow/dags/ml_forecasting_pipeline_dag.py for tasks to queue
[2026-03-06T00:07:58.763+0000] {logging_mixin.py:190} INFO - [2026-03-06T00:07:58.763+0000] {dagbag.py:587} INFO - Filling up the DagBag from /opt/airflow/dags/ml_forecasting_pipeline_dag.py
[2026-03-06T00:07:58.796+0000] {logging_mixin.py:190} INFO - [2026-03-06T00:07:58.789+0000] {dagbag.py:386} ERROR - Failed to import: /opt/airflow/dags/ml_forecasting_pipeline_dag.py
Traceback (most recent call last):
  File "/home/airflow/.local/lib/python3.12/site-packages/airflow/models/dagbag.py", line 382, in parse
    loader.exec_module(new_module)
  File "<frozen importlib._bootstrap_external>", line 995, in exec_module
  File "<frozen importlib._bootstrap>", line 488, in _call_with_frames_removed
  File "/opt/airflow/dags/ml_forecasting_pipeline_dag.py", line 77, in <module>
    final_union = create_final_table(conn_id, raw)
                                     ^^^^^^^
NameError: name 'conn_id' is not defined
[2026-03-06T00:07:58.800+0000] {processor.py:927} WARNING - No viable dags retrieved from /opt/airflow/dags/ml_forecasting_pipeline_dag.py
[2026-03-06T00:07:58.822+0000] {processor.py:208} INFO - Processing /opt/airflow/dags/ml_forecasting_pipeline_dag.py took 0.072 seconds
[2026-03-06T00:08:17.167+0000] {processor.py:186} INFO - Started process (PID=2387) to work on /opt/airflow/dags/ml_forecasting_pipeline_dag.py
[2026-03-06T00:08:17.168+0000] {processor.py:914} INFO - Processing file /opt/airflow/dags/ml_forecasting_pipeline_dag.py for tasks to queue
[2026-03-06T00:08:17.170+0000] {logging_mixin.py:190} INFO - [2026-03-06T00:08:17.170+0000] {dagbag.py:587} INFO - Filling up the DagBag from /opt/airflow/dags/ml_forecasting_pipeline_dag.py
[2026-03-06T00:08:17.207+0000] {processor.py:925} INFO - DAG(s) 'ML_weather_forecast_pipeline' retrieved from /opt/airflow/dags/ml_forecasting_pipeline_dag.py
[2026-03-06T00:08:17.233+0000] {logging_mixin.py:190} INFO - [2026-03-06T00:08:17.233+0000] {dag.py:3229} INFO - Sync 1 DAGs
[2026-03-06T00:08:17.254+0000] {logging_mixin.py:190} INFO - [2026-03-06T00:08:17.254+0000] {dag.py:4156} INFO - Setting next_dagrun for ML_weather_forecast_pipeline to 2026-03-05 02:30:00+00:00, run_after=2026-03-06 02:30:00+00:00
[2026-03-06T00:08:17.280+0000] {processor.py:208} INFO - Processing /opt/airflow/dags/ml_forecasting_pipeline_dag.py took 0.118 seconds
[2026-03-06T00:08:39.622+0000] {processor.py:186} INFO - Started process (PID=2398) to work on /opt/airflow/dags/ml_forecasting_pipeline_dag.py
[2026-03-06T00:08:39.624+0000] {processor.py:914} INFO - Processing file /opt/airflow/dags/ml_forecasting_pipeline_dag.py for tasks to queue
[2026-03-06T00:08:39.627+0000] {logging_mixin.py:190} INFO - [2026-03-06T00:08:39.627+0000] {dagbag.py:587} INFO - Filling up the DagBag from /opt/airflow/dags/ml_forecasting_pipeline_dag.py
[2026-03-06T00:08:39.663+0000] {processor.py:925} INFO - DAG(s) 'ML_weather_forecast_pipeline' retrieved from /opt/airflow/dags/ml_forecasting_pipeline_dag.py
[2026-03-06T00:08:39.692+0000] {logging_mixin.py:190} INFO - [2026-03-06T00:08:39.691+0000] {dag.py:3229} INFO - Sync 1 DAGs
[2026-03-06T00:08:39.715+0000] {logging_mixin.py:190} INFO - [2026-03-06T00:08:39.714+0000] {dag.py:4156} INFO - Setting next_dagrun for ML_weather_forecast_pipeline to 2026-03-05 02:30:00+00:00, run_after=2026-03-06 02:30:00+00:00
[2026-03-06T00:08:39.743+0000] {processor.py:208} INFO - Processing /opt/airflow/dags/ml_forecasting_pipeline_dag.py took 0.127 seconds
[2026-03-06T00:09:10.183+0000] {processor.py:186} INFO - Started process (PID=2414) to work on /opt/airflow/dags/ml_forecasting_pipeline_dag.py
[2026-03-06T00:09:10.185+0000] {processor.py:914} INFO - Processing file /opt/airflow/dags/ml_forecasting_pipeline_dag.py for tasks to queue
[2026-03-06T00:09:10.194+0000] {logging_mixin.py:190} INFO - [2026-03-06T00:09:10.192+0000] {dagbag.py:587} INFO - Filling up the DagBag from /opt/airflow/dags/ml_forecasting_pipeline_dag.py
[2026-03-06T00:09:10.250+0000] {processor.py:925} INFO - DAG(s) 'ML_weather_forecast_pipeline' retrieved from /opt/airflow/dags/ml_forecasting_pipeline_dag.py
[2026-03-06T00:09:10.303+0000] {logging_mixin.py:190} INFO - [2026-03-06T00:09:10.302+0000] {dag.py:3229} INFO - Sync 1 DAGs
[2026-03-06T00:09:10.339+0000] {logging_mixin.py:190} INFO - [2026-03-06T00:09:10.339+0000] {dag.py:4156} INFO - Setting next_dagrun for ML_weather_forecast_pipeline to 2026-03-05 02:30:00+00:00, run_after=2026-03-06 02:30:00+00:00
[2026-03-06T00:09:10.365+0000] {processor.py:208} INFO - Processing /opt/airflow/dags/ml_forecasting_pipeline_dag.py took 0.195 seconds
[2026-03-06T00:09:40.652+0000] {processor.py:186} INFO - Started process (PID=2440) to work on /opt/airflow/dags/ml_forecasting_pipeline_dag.py
[2026-03-06T00:09:40.653+0000] {processor.py:914} INFO - Processing file /opt/airflow/dags/ml_forecasting_pipeline_dag.py for tasks to queue
[2026-03-06T00:09:40.656+0000] {logging_mixin.py:190} INFO - [2026-03-06T00:09:40.656+0000] {dagbag.py:587} INFO - Filling up the DagBag from /opt/airflow/dags/ml_forecasting_pipeline_dag.py
[2026-03-06T00:09:40.694+0000] {processor.py:925} INFO - DAG(s) 'ML_weather_forecast_pipeline' retrieved from /opt/airflow/dags/ml_forecasting_pipeline_dag.py
[2026-03-06T00:09:40.728+0000] {logging_mixin.py:190} INFO - [2026-03-06T00:09:40.727+0000] {dag.py:3229} INFO - Sync 1 DAGs
[2026-03-06T00:09:40.755+0000] {logging_mixin.py:190} INFO - [2026-03-06T00:09:40.754+0000] {dag.py:4156} INFO - Setting next_dagrun for ML_weather_forecast_pipeline to 2026-03-05 02:30:00+00:00, run_after=2026-03-06 02:30:00+00:00
[2026-03-06T00:09:40.778+0000] {processor.py:208} INFO - Processing /opt/airflow/dags/ml_forecasting_pipeline_dag.py took 0.132 seconds
[2026-03-06T00:10:11.213+0000] {processor.py:186} INFO - Started process (PID=2456) to work on /opt/airflow/dags/ml_forecasting_pipeline_dag.py
[2026-03-06T00:10:11.214+0000] {processor.py:914} INFO - Processing file /opt/airflow/dags/ml_forecasting_pipeline_dag.py for tasks to queue
[2026-03-06T00:10:11.218+0000] {logging_mixin.py:190} INFO - [2026-03-06T00:10:11.217+0000] {dagbag.py:587} INFO - Filling up the DagBag from /opt/airflow/dags/ml_forecasting_pipeline_dag.py
[2026-03-06T00:10:11.250+0000] {processor.py:925} INFO - DAG(s) 'ML_weather_forecast_pipeline' retrieved from /opt/airflow/dags/ml_forecasting_pipeline_dag.py
[2026-03-06T00:10:11.279+0000] {logging_mixin.py:190} INFO - [2026-03-06T00:10:11.279+0000] {dag.py:3229} INFO - Sync 1 DAGs
[2026-03-06T00:10:11.305+0000] {logging_mixin.py:190} INFO - [2026-03-06T00:10:11.305+0000] {dag.py:4156} INFO - Setting next_dagrun for ML_weather_forecast_pipeline to 2026-03-05 02:30:00+00:00, run_after=2026-03-06 02:30:00+00:00
[2026-03-06T00:10:11.324+0000] {processor.py:208} INFO - Processing /opt/airflow/dags/ml_forecasting_pipeline_dag.py took 0.116 seconds
[2026-03-06T00:10:41.812+0000] {processor.py:186} INFO - Started process (PID=2472) to work on /opt/airflow/dags/ml_forecasting_pipeline_dag.py
[2026-03-06T00:10:41.813+0000] {processor.py:914} INFO - Processing file /opt/airflow/dags/ml_forecasting_pipeline_dag.py for tasks to queue
[2026-03-06T00:10:41.816+0000] {logging_mixin.py:190} INFO - [2026-03-06T00:10:41.816+0000] {dagbag.py:587} INFO - Filling up the DagBag from /opt/airflow/dags/ml_forecasting_pipeline_dag.py
[2026-03-06T00:10:41.850+0000] {processor.py:925} INFO - DAG(s) 'ML_weather_forecast_pipeline' retrieved from /opt/airflow/dags/ml_forecasting_pipeline_dag.py
[2026-03-06T00:10:41.877+0000] {logging_mixin.py:190} INFO - [2026-03-06T00:10:41.876+0000] {dag.py:3229} INFO - Sync 1 DAGs
[2026-03-06T00:10:41.900+0000] {logging_mixin.py:190} INFO - [2026-03-06T00:10:41.899+0000] {dag.py:4156} INFO - Setting next_dagrun for ML_weather_forecast_pipeline to 2026-03-05 02:30:00+00:00, run_after=2026-03-06 02:30:00+00:00
[2026-03-06T00:10:41.917+0000] {processor.py:208} INFO - Processing /opt/airflow/dags/ml_forecasting_pipeline_dag.py took 0.111 seconds
[2026-03-06T00:11:08.355+0000] {processor.py:186} INFO - Started process (PID=2493) to work on /opt/airflow/dags/ml_forecasting_pipeline_dag.py
[2026-03-06T00:11:08.356+0000] {processor.py:914} INFO - Processing file /opt/airflow/dags/ml_forecasting_pipeline_dag.py for tasks to queue
[2026-03-06T00:11:08.359+0000] {logging_mixin.py:190} INFO - [2026-03-06T00:11:08.358+0000] {dagbag.py:587} INFO - Filling up the DagBag from /opt/airflow/dags/ml_forecasting_pipeline_dag.py
[2026-03-06T00:11:08.389+0000] {processor.py:925} INFO - DAG(s) 'ML_weather_forecast_pipeline' retrieved from /opt/airflow/dags/ml_forecasting_pipeline_dag.py
[2026-03-06T00:11:08.413+0000] {logging_mixin.py:190} INFO - [2026-03-06T00:11:08.413+0000] {dag.py:3229} INFO - Sync 1 DAGs
[2026-03-06T00:11:08.436+0000] {logging_mixin.py:190} INFO - [2026-03-06T00:11:08.435+0000] {dag.py:4156} INFO - Setting next_dagrun for ML_weather_forecast_pipeline to 2026-03-05 02:30:00+00:00, run_after=2026-03-06 02:30:00+00:00
[2026-03-06T00:11:08.460+0000] {processor.py:208} INFO - Processing /opt/airflow/dags/ml_forecasting_pipeline_dag.py took 0.110 seconds
[2026-03-06T00:11:38.872+0000] {processor.py:186} INFO - Started process (PID=2509) to work on /opt/airflow/dags/ml_forecasting_pipeline_dag.py
[2026-03-06T00:11:38.873+0000] {processor.py:914} INFO - Processing file /opt/airflow/dags/ml_forecasting_pipeline_dag.py for tasks to queue
[2026-03-06T00:11:38.877+0000] {logging_mixin.py:190} INFO - [2026-03-06T00:11:38.876+0000] {dagbag.py:587} INFO - Filling up the DagBag from /opt/airflow/dags/ml_forecasting_pipeline_dag.py
[2026-03-06T00:11:38.908+0000] {processor.py:925} INFO - DAG(s) 'ML_weather_forecast_pipeline' retrieved from /opt/airflow/dags/ml_forecasting_pipeline_dag.py
[2026-03-06T00:11:38.936+0000] {logging_mixin.py:190} INFO - [2026-03-06T00:11:38.936+0000] {dag.py:3229} INFO - Sync 1 DAGs
[2026-03-06T00:11:38.959+0000] {logging_mixin.py:190} INFO - [2026-03-06T00:11:38.959+0000] {dag.py:4156} INFO - Setting next_dagrun for ML_weather_forecast_pipeline to 2026-03-05 02:30:00+00:00, run_after=2026-03-06 02:30:00+00:00
[2026-03-06T00:11:38.984+0000] {processor.py:208} INFO - Processing /opt/airflow/dags/ml_forecasting_pipeline_dag.py took 0.116 seconds
[2026-03-06T00:12:09.339+0000] {processor.py:186} INFO - Started process (PID=2525) to work on /opt/airflow/dags/ml_forecasting_pipeline_dag.py
[2026-03-06T00:12:09.340+0000] {processor.py:914} INFO - Processing file /opt/airflow/dags/ml_forecasting_pipeline_dag.py for tasks to queue
[2026-03-06T00:12:09.344+0000] {logging_mixin.py:190} INFO - [2026-03-06T00:12:09.343+0000] {dagbag.py:587} INFO - Filling up the DagBag from /opt/airflow/dags/ml_forecasting_pipeline_dag.py
[2026-03-06T00:12:09.374+0000] {processor.py:925} INFO - DAG(s) 'ML_weather_forecast_pipeline' retrieved from /opt/airflow/dags/ml_forecasting_pipeline_dag.py
[2026-03-06T00:12:09.406+0000] {logging_mixin.py:190} INFO - [2026-03-06T00:12:09.405+0000] {dag.py:3229} INFO - Sync 1 DAGs
[2026-03-06T00:12:09.431+0000] {logging_mixin.py:190} INFO - [2026-03-06T00:12:09.430+0000] {dag.py:4156} INFO - Setting next_dagrun for ML_weather_forecast_pipeline to 2026-03-05 02:30:00+00:00, run_after=2026-03-06 02:30:00+00:00
[2026-03-06T00:12:09.452+0000] {processor.py:208} INFO - Processing /opt/airflow/dags/ml_forecasting_pipeline_dag.py took 0.117 seconds
[2026-03-06T00:12:39.813+0000] {processor.py:186} INFO - Started process (PID=2549) to work on /opt/airflow/dags/ml_forecasting_pipeline_dag.py
[2026-03-06T00:12:39.816+0000] {processor.py:914} INFO - Processing file /opt/airflow/dags/ml_forecasting_pipeline_dag.py for tasks to queue
[2026-03-06T00:12:39.825+0000] {logging_mixin.py:190} INFO - [2026-03-06T00:12:39.824+0000] {dagbag.py:587} INFO - Filling up the DagBag from /opt/airflow/dags/ml_forecasting_pipeline_dag.py
[2026-03-06T00:12:39.932+0000] {processor.py:925} INFO - DAG(s) 'ML_weather_forecast_pipeline' retrieved from /opt/airflow/dags/ml_forecasting_pipeline_dag.py
[2026-03-06T00:12:40.017+0000] {logging_mixin.py:190} INFO - [2026-03-06T00:12:40.015+0000] {dag.py:3229} INFO - Sync 1 DAGs
[2026-03-06T00:12:40.093+0000] {logging_mixin.py:190} INFO - [2026-03-06T00:12:40.092+0000] {dag.py:4156} INFO - Setting next_dagrun for ML_weather_forecast_pipeline to 2026-03-05 02:30:00+00:00, run_after=2026-03-06 02:30:00+00:00
[2026-03-06T00:12:40.177+0000] {processor.py:208} INFO - Processing /opt/airflow/dags/ml_forecasting_pipeline_dag.py took 0.381 seconds
[2026-03-06T00:13:10.296+0000] {processor.py:186} INFO - Started process (PID=2577) to work on /opt/airflow/dags/ml_forecasting_pipeline_dag.py
[2026-03-06T00:13:10.297+0000] {processor.py:914} INFO - Processing file /opt/airflow/dags/ml_forecasting_pipeline_dag.py for tasks to queue
[2026-03-06T00:13:10.302+0000] {logging_mixin.py:190} INFO - [2026-03-06T00:13:10.300+0000] {dagbag.py:587} INFO - Filling up the DagBag from /opt/airflow/dags/ml_forecasting_pipeline_dag.py
[2026-03-06T00:13:10.336+0000] {processor.py:925} INFO - DAG(s) 'ML_weather_forecast_pipeline' retrieved from /opt/airflow/dags/ml_forecasting_pipeline_dag.py
[2026-03-06T00:13:10.370+0000] {logging_mixin.py:190} INFO - [2026-03-06T00:13:10.370+0000] {dag.py:3229} INFO - Sync 1 DAGs
[2026-03-06T00:13:10.394+0000] {logging_mixin.py:190} INFO - [2026-03-06T00:13:10.394+0000] {dag.py:4156} INFO - Setting next_dagrun for ML_weather_forecast_pipeline to 2026-03-05 02:30:00+00:00, run_after=2026-03-06 02:30:00+00:00
[2026-03-06T00:13:10.423+0000] {processor.py:208} INFO - Processing /opt/airflow/dags/ml_forecasting_pipeline_dag.py took 0.132 seconds
[2026-03-06T00:13:40.803+0000] {processor.py:186} INFO - Started process (PID=2593) to work on /opt/airflow/dags/ml_forecasting_pipeline_dag.py
[2026-03-06T00:13:40.804+0000] {processor.py:914} INFO - Processing file /opt/airflow/dags/ml_forecasting_pipeline_dag.py for tasks to queue
[2026-03-06T00:13:40.806+0000] {logging_mixin.py:190} INFO - [2026-03-06T00:13:40.806+0000] {dagbag.py:587} INFO - Filling up the DagBag from /opt/airflow/dags/ml_forecasting_pipeline_dag.py
[2026-03-06T00:13:40.838+0000] {processor.py:925} INFO - DAG(s) 'ML_weather_forecast_pipeline' retrieved from /opt/airflow/dags/ml_forecasting_pipeline_dag.py
[2026-03-06T00:13:40.868+0000] {logging_mixin.py:190} INFO - [2026-03-06T00:13:40.868+0000] {dag.py:3229} INFO - Sync 1 DAGs
[2026-03-06T00:13:40.890+0000] {logging_mixin.py:190} INFO - [2026-03-06T00:13:40.890+0000] {dag.py:4156} INFO - Setting next_dagrun for ML_weather_forecast_pipeline to 2026-03-05 02:30:00+00:00, run_after=2026-03-06 02:30:00+00:00
[2026-03-06T00:13:40.913+0000] {processor.py:208} INFO - Processing /opt/airflow/dags/ml_forecasting_pipeline_dag.py took 0.115 seconds
[2026-03-06T00:14:11.330+0000] {processor.py:186} INFO - Started process (PID=2629) to work on /opt/airflow/dags/ml_forecasting_pipeline_dag.py
[2026-03-06T00:14:11.333+0000] {processor.py:914} INFO - Processing file /opt/airflow/dags/ml_forecasting_pipeline_dag.py for tasks to queue
[2026-03-06T00:14:11.337+0000] {logging_mixin.py:190} INFO - [2026-03-06T00:14:11.337+0000] {dagbag.py:587} INFO - Filling up the DagBag from /opt/airflow/dags/ml_forecasting_pipeline_dag.py
[2026-03-06T00:14:11.385+0000] {processor.py:925} INFO - DAG(s) 'ML_weather_forecast_pipeline' retrieved from /opt/airflow/dags/ml_forecasting_pipeline_dag.py
[2026-03-06T00:14:11.414+0000] {logging_mixin.py:190} INFO - [2026-03-06T00:14:11.414+0000] {dag.py:3229} INFO - Sync 1 DAGs
[2026-03-06T00:14:11.439+0000] {logging_mixin.py:190} INFO - [2026-03-06T00:14:11.439+0000] {dag.py:4156} INFO - Setting next_dagrun for ML_weather_forecast_pipeline to 2026-03-05 02:30:00+00:00, run_after=2026-03-06 02:30:00+00:00
[2026-03-06T00:14:11.464+0000] {processor.py:208} INFO - Processing /opt/airflow/dags/ml_forecasting_pipeline_dag.py took 0.141 seconds
[2026-03-06T00:14:41.742+0000] {processor.py:186} INFO - Started process (PID=2645) to work on /opt/airflow/dags/ml_forecasting_pipeline_dag.py
[2026-03-06T00:14:41.743+0000] {processor.py:914} INFO - Processing file /opt/airflow/dags/ml_forecasting_pipeline_dag.py for tasks to queue
[2026-03-06T00:14:41.747+0000] {logging_mixin.py:190} INFO - [2026-03-06T00:14:41.746+0000] {dagbag.py:587} INFO - Filling up the DagBag from /opt/airflow/dags/ml_forecasting_pipeline_dag.py
[2026-03-06T00:14:41.779+0000] {processor.py:925} INFO - DAG(s) 'ML_weather_forecast_pipeline' retrieved from /opt/airflow/dags/ml_forecasting_pipeline_dag.py
[2026-03-06T00:14:41.804+0000] {logging_mixin.py:190} INFO - [2026-03-06T00:14:41.804+0000] {dag.py:3229} INFO - Sync 1 DAGs
[2026-03-06T00:14:41.824+0000] {logging_mixin.py:190} INFO - [2026-03-06T00:14:41.824+0000] {dag.py:4156} INFO - Setting next_dagrun for ML_weather_forecast_pipeline to 2026-03-05 02:30:00+00:00, run_after=2026-03-06 02:30:00+00:00
[2026-03-06T00:14:41.841+0000] {processor.py:208} INFO - Processing /opt/airflow/dags/ml_forecasting_pipeline_dag.py took 0.105 seconds
[2026-03-06T00:15:12.292+0000] {processor.py:186} INFO - Started process (PID=2661) to work on /opt/airflow/dags/ml_forecasting_pipeline_dag.py
[2026-03-06T00:15:12.295+0000] {processor.py:914} INFO - Processing file /opt/airflow/dags/ml_forecasting_pipeline_dag.py for tasks to queue
[2026-03-06T00:15:12.298+0000] {logging_mixin.py:190} INFO - [2026-03-06T00:15:12.298+0000] {dagbag.py:587} INFO - Filling up the DagBag from /opt/airflow/dags/ml_forecasting_pipeline_dag.py
[2026-03-06T00:15:12.341+0000] {processor.py:925} INFO - DAG(s) 'ML_weather_forecast_pipeline' retrieved from /opt/airflow/dags/ml_forecasting_pipeline_dag.py
[2026-03-06T00:15:12.366+0000] {logging_mixin.py:190} INFO - [2026-03-06T00:15:12.366+0000] {dag.py:3229} INFO - Sync 1 DAGs
[2026-03-06T00:15:12.385+0000] {logging_mixin.py:190} INFO - [2026-03-06T00:15:12.385+0000] {dag.py:4156} INFO - Setting next_dagrun for ML_weather_forecast_pipeline to 2026-03-05 02:30:00+00:00, run_after=2026-03-06 02:30:00+00:00
[2026-03-06T00:15:12.403+0000] {processor.py:208} INFO - Processing /opt/airflow/dags/ml_forecasting_pipeline_dag.py took 0.118 seconds
[2026-03-06T00:15:42.757+0000] {processor.py:186} INFO - Started process (PID=2677) to work on /opt/airflow/dags/ml_forecasting_pipeline_dag.py
[2026-03-06T00:15:42.758+0000] {processor.py:914} INFO - Processing file /opt/airflow/dags/ml_forecasting_pipeline_dag.py for tasks to queue
[2026-03-06T00:15:42.761+0000] {logging_mixin.py:190} INFO - [2026-03-06T00:15:42.760+0000] {dagbag.py:587} INFO - Filling up the DagBag from /opt/airflow/dags/ml_forecasting_pipeline_dag.py
[2026-03-06T00:15:42.797+0000] {processor.py:925} INFO - DAG(s) 'ML_weather_forecast_pipeline' retrieved from /opt/airflow/dags/ml_forecasting_pipeline_dag.py
[2026-03-06T00:15:42.829+0000] {logging_mixin.py:190} INFO - [2026-03-06T00:15:42.828+0000] {dag.py:3229} INFO - Sync 1 DAGs
[2026-03-06T00:15:42.856+0000] {logging_mixin.py:190} INFO - [2026-03-06T00:15:42.856+0000] {dag.py:4156} INFO - Setting next_dagrun for ML_weather_forecast_pipeline to 2026-03-05 02:30:00+00:00, run_after=2026-03-06 02:30:00+00:00
[2026-03-06T00:15:42.879+0000] {processor.py:208} INFO - Processing /opt/airflow/dags/ml_forecasting_pipeline_dag.py took 0.127 seconds
[2026-03-06T00:16:13.276+0000] {processor.py:186} INFO - Started process (PID=2693) to work on /opt/airflow/dags/ml_forecasting_pipeline_dag.py
[2026-03-06T00:16:13.279+0000] {processor.py:914} INFO - Processing file /opt/airflow/dags/ml_forecasting_pipeline_dag.py for tasks to queue
[2026-03-06T00:16:13.281+0000] {logging_mixin.py:190} INFO - [2026-03-06T00:16:13.281+0000] {dagbag.py:587} INFO - Filling up the DagBag from /opt/airflow/dags/ml_forecasting_pipeline_dag.py
[2026-03-06T00:16:13.323+0000] {processor.py:925} INFO - DAG(s) 'ML_weather_forecast_pipeline' retrieved from /opt/airflow/dags/ml_forecasting_pipeline_dag.py
[2026-03-06T00:16:13.349+0000] {logging_mixin.py:190} INFO - [2026-03-06T00:16:13.349+0000] {dag.py:3229} INFO - Sync 1 DAGs
[2026-03-06T00:16:13.371+0000] {logging_mixin.py:190} INFO - [2026-03-06T00:16:13.371+0000] {dag.py:4156} INFO - Setting next_dagrun for ML_weather_forecast_pipeline to 2026-03-05 02:30:00+00:00, run_after=2026-03-06 02:30:00+00:00
[2026-03-06T00:16:13.398+0000] {processor.py:208} INFO - Processing /opt/airflow/dags/ml_forecasting_pipeline_dag.py took 0.126 seconds
[2026-03-06T00:16:44.014+0000] {processor.py:186} INFO - Started process (PID=2709) to work on /opt/airflow/dags/ml_forecasting_pipeline_dag.py
[2026-03-06T00:16:44.017+0000] {processor.py:914} INFO - Processing file /opt/airflow/dags/ml_forecasting_pipeline_dag.py for tasks to queue
[2026-03-06T00:16:44.023+0000] {logging_mixin.py:190} INFO - [2026-03-06T00:16:44.022+0000] {dagbag.py:587} INFO - Filling up the DagBag from /opt/airflow/dags/ml_forecasting_pipeline_dag.py
[2026-03-06T00:16:44.073+0000] {processor.py:925} INFO - DAG(s) 'ML_weather_forecast_pipeline' retrieved from /opt/airflow/dags/ml_forecasting_pipeline_dag.py
[2026-03-06T00:16:44.096+0000] {logging_mixin.py:190} INFO - [2026-03-06T00:16:44.095+0000] {dag.py:3229} INFO - Sync 1 DAGs
[2026-03-06T00:16:44.116+0000] {logging_mixin.py:190} INFO - [2026-03-06T00:16:44.116+0000] {dag.py:4156} INFO - Setting next_dagrun for ML_weather_forecast_pipeline to 2026-03-05 02:30:00+00:00, run_after=2026-03-06 02:30:00+00:00
[2026-03-06T00:16:44.132+0000] {processor.py:208} INFO - Processing /opt/airflow/dags/ml_forecasting_pipeline_dag.py took 0.129 seconds
[2026-03-06T00:17:14.563+0000] {processor.py:186} INFO - Started process (PID=2725) to work on /opt/airflow/dags/ml_forecasting_pipeline_dag.py
[2026-03-06T00:17:14.565+0000] {processor.py:914} INFO - Processing file /opt/airflow/dags/ml_forecasting_pipeline_dag.py for tasks to queue
[2026-03-06T00:17:14.569+0000] {logging_mixin.py:190} INFO - [2026-03-06T00:17:14.568+0000] {dagbag.py:587} INFO - Filling up the DagBag from /opt/airflow/dags/ml_forecasting_pipeline_dag.py
[2026-03-06T00:17:14.623+0000] {processor.py:925} INFO - DAG(s) 'ML_weather_forecast_pipeline' retrieved from /opt/airflow/dags/ml_forecasting_pipeline_dag.py
[2026-03-06T00:17:14.659+0000] {logging_mixin.py:190} INFO - [2026-03-06T00:17:14.658+0000] {dag.py:3229} INFO - Sync 1 DAGs
[2026-03-06T00:17:14.681+0000] {logging_mixin.py:190} INFO - [2026-03-06T00:17:14.681+0000] {dag.py:4156} INFO - Setting next_dagrun for ML_weather_forecast_pipeline to 2026-03-05 02:30:00+00:00, run_after=2026-03-06 02:30:00+00:00
[2026-03-06T00:17:14.703+0000] {processor.py:208} INFO - Processing /opt/airflow/dags/ml_forecasting_pipeline_dag.py took 0.150 seconds
[2026-03-06T00:17:45.155+0000] {processor.py:186} INFO - Started process (PID=2741) to work on /opt/airflow/dags/ml_forecasting_pipeline_dag.py
[2026-03-06T00:17:45.156+0000] {processor.py:914} INFO - Processing file /opt/airflow/dags/ml_forecasting_pipeline_dag.py for tasks to queue
[2026-03-06T00:17:45.158+0000] {logging_mixin.py:190} INFO - [2026-03-06T00:17:45.158+0000] {dagbag.py:587} INFO - Filling up the DagBag from /opt/airflow/dags/ml_forecasting_pipeline_dag.py
[2026-03-06T00:17:45.188+0000] {processor.py:925} INFO - DAG(s) 'ML_weather_forecast_pipeline' retrieved from /opt/airflow/dags/ml_forecasting_pipeline_dag.py
[2026-03-06T00:17:45.219+0000] {logging_mixin.py:190} INFO - [2026-03-06T00:17:45.218+0000] {dag.py:3229} INFO - Sync 1 DAGs
[2026-03-06T00:17:45.252+0000] {logging_mixin.py:190} INFO - [2026-03-06T00:17:45.252+0000] {dag.py:4156} INFO - Setting next_dagrun for ML_weather_forecast_pipeline to 2026-03-05 02:30:00+00:00, run_after=2026-03-06 02:30:00+00:00
[2026-03-06T00:17:45.271+0000] {processor.py:208} INFO - Processing /opt/airflow/dags/ml_forecasting_pipeline_dag.py took 0.122 seconds
[2026-03-06T00:18:15.731+0000] {processor.py:186} INFO - Started process (PID=2794) to work on /opt/airflow/dags/ml_forecasting_pipeline_dag.py
[2026-03-06T00:18:15.733+0000] {processor.py:914} INFO - Processing file /opt/airflow/dags/ml_forecasting_pipeline_dag.py for tasks to queue
[2026-03-06T00:18:15.735+0000] {logging_mixin.py:190} INFO - [2026-03-06T00:18:15.735+0000] {dagbag.py:587} INFO - Filling up the DagBag from /opt/airflow/dags/ml_forecasting_pipeline_dag.py
[2026-03-06T00:18:15.768+0000] {processor.py:925} INFO - DAG(s) 'ML_weather_forecast_pipeline' retrieved from /opt/airflow/dags/ml_forecasting_pipeline_dag.py
[2026-03-06T00:18:15.795+0000] {logging_mixin.py:190} INFO - [2026-03-06T00:18:15.795+0000] {dag.py:3229} INFO - Sync 1 DAGs
[2026-03-06T00:18:15.815+0000] {logging_mixin.py:190} INFO - [2026-03-06T00:18:15.815+0000] {dag.py:4156} INFO - Setting next_dagrun for ML_weather_forecast_pipeline to 2026-03-05 02:30:00+00:00, run_after=2026-03-06 02:30:00+00:00
[2026-03-06T00:18:15.835+0000] {processor.py:208} INFO - Processing /opt/airflow/dags/ml_forecasting_pipeline_dag.py took 0.109 seconds
[2026-03-06T00:18:46.283+0000] {processor.py:186} INFO - Started process (PID=2813) to work on /opt/airflow/dags/ml_forecasting_pipeline_dag.py
[2026-03-06T00:18:46.285+0000] {processor.py:914} INFO - Processing file /opt/airflow/dags/ml_forecasting_pipeline_dag.py for tasks to queue
[2026-03-06T00:18:46.287+0000] {logging_mixin.py:190} INFO - [2026-03-06T00:18:46.287+0000] {dagbag.py:587} INFO - Filling up the DagBag from /opt/airflow/dags/ml_forecasting_pipeline_dag.py
[2026-03-06T00:18:46.315+0000] {processor.py:925} INFO - DAG(s) 'ML_weather_forecast_pipeline' retrieved from /opt/airflow/dags/ml_forecasting_pipeline_dag.py
[2026-03-06T00:18:46.336+0000] {logging_mixin.py:190} INFO - [2026-03-06T00:18:46.336+0000] {dag.py:3229} INFO - Sync 1 DAGs
[2026-03-06T00:18:46.354+0000] {logging_mixin.py:190} INFO - [2026-03-06T00:18:46.353+0000] {dag.py:4156} INFO - Setting next_dagrun for ML_weather_forecast_pipeline to 2026-03-05 02:30:00+00:00, run_after=2026-03-06 02:30:00+00:00
[2026-03-06T00:18:46.374+0000] {processor.py:208} INFO - Processing /opt/airflow/dags/ml_forecasting_pipeline_dag.py took 0.096 seconds
[2026-03-06T00:19:16.832+0000] {processor.py:186} INFO - Started process (PID=2834) to work on /opt/airflow/dags/ml_forecasting_pipeline_dag.py
[2026-03-06T00:19:16.833+0000] {processor.py:914} INFO - Processing file /opt/airflow/dags/ml_forecasting_pipeline_dag.py for tasks to queue
[2026-03-06T00:19:16.836+0000] {logging_mixin.py:190} INFO - [2026-03-06T00:19:16.835+0000] {dagbag.py:587} INFO - Filling up the DagBag from /opt/airflow/dags/ml_forecasting_pipeline_dag.py
[2026-03-06T00:19:16.865+0000] {processor.py:925} INFO - DAG(s) 'ML_weather_forecast_pipeline' retrieved from /opt/airflow/dags/ml_forecasting_pipeline_dag.py
[2026-03-06T00:19:16.892+0000] {logging_mixin.py:190} INFO - [2026-03-06T00:19:16.892+0000] {dag.py:3229} INFO - Sync 1 DAGs
[2026-03-06T00:19:16.914+0000] {logging_mixin.py:190} INFO - [2026-03-06T00:19:16.913+0000] {dag.py:4156} INFO - Setting next_dagrun for ML_weather_forecast_pipeline to 2026-03-05 02:30:00+00:00, run_after=2026-03-06 02:30:00+00:00
[2026-03-06T00:19:16.932+0000] {processor.py:208} INFO - Processing /opt/airflow/dags/ml_forecasting_pipeline_dag.py took 0.105 seconds
[2026-03-06T00:19:47.426+0000] {processor.py:186} INFO - Started process (PID=2865) to work on /opt/airflow/dags/ml_forecasting_pipeline_dag.py
[2026-03-06T00:19:47.427+0000] {processor.py:914} INFO - Processing file /opt/airflow/dags/ml_forecasting_pipeline_dag.py for tasks to queue
[2026-03-06T00:19:47.430+0000] {logging_mixin.py:190} INFO - [2026-03-06T00:19:47.430+0000] {dagbag.py:587} INFO - Filling up the DagBag from /opt/airflow/dags/ml_forecasting_pipeline_dag.py
[2026-03-06T00:19:47.462+0000] {processor.py:925} INFO - DAG(s) 'ML_weather_forecast_pipeline' retrieved from /opt/airflow/dags/ml_forecasting_pipeline_dag.py
[2026-03-06T00:19:47.491+0000] {logging_mixin.py:190} INFO - [2026-03-06T00:19:47.490+0000] {dag.py:3229} INFO - Sync 1 DAGs
[2026-03-06T00:19:47.513+0000] {logging_mixin.py:190} INFO - [2026-03-06T00:19:47.512+0000] {dag.py:4156} INFO - Setting next_dagrun for ML_weather_forecast_pipeline to 2026-03-05 02:30:00+00:00, run_after=2026-03-06 02:30:00+00:00
[2026-03-06T00:19:47.531+0000] {processor.py:208} INFO - Processing /opt/airflow/dags/ml_forecasting_pipeline_dag.py took 0.111 seconds
[2026-03-06T00:20:18.027+0000] {processor.py:186} INFO - Started process (PID=2881) to work on /opt/airflow/dags/ml_forecasting_pipeline_dag.py
[2026-03-06T00:20:18.029+0000] {processor.py:914} INFO - Processing file /opt/airflow/dags/ml_forecasting_pipeline_dag.py for tasks to queue
[2026-03-06T00:20:18.033+0000] {logging_mixin.py:190} INFO - [2026-03-06T00:20:18.032+0000] {dagbag.py:587} INFO - Filling up the DagBag from /opt/airflow/dags/ml_forecasting_pipeline_dag.py
[2026-03-06T00:20:18.095+0000] {processor.py:925} INFO - DAG(s) 'ML_weather_forecast_pipeline' retrieved from /opt/airflow/dags/ml_forecasting_pipeline_dag.py
[2026-03-06T00:20:18.130+0000] {logging_mixin.py:190} INFO - [2026-03-06T00:20:18.130+0000] {dag.py:3229} INFO - Sync 1 DAGs
[2026-03-06T00:20:18.152+0000] {logging_mixin.py:190} INFO - [2026-03-06T00:20:18.151+0000] {dag.py:4156} INFO - Setting next_dagrun for ML_weather_forecast_pipeline to 2026-03-05 02:30:00+00:00, run_after=2026-03-06 02:30:00+00:00
[2026-03-06T00:20:18.188+0000] {processor.py:208} INFO - Processing /opt/airflow/dags/ml_forecasting_pipeline_dag.py took 0.172 seconds
[2026-03-06T00:20:48.598+0000] {processor.py:186} INFO - Started process (PID=2897) to work on /opt/airflow/dags/ml_forecasting_pipeline_dag.py
[2026-03-06T00:20:48.600+0000] {processor.py:914} INFO - Processing file /opt/airflow/dags/ml_forecasting_pipeline_dag.py for tasks to queue
[2026-03-06T00:20:48.602+0000] {logging_mixin.py:190} INFO - [2026-03-06T00:20:48.602+0000] {dagbag.py:587} INFO - Filling up the DagBag from /opt/airflow/dags/ml_forecasting_pipeline_dag.py
[2026-03-06T00:20:48.631+0000] {processor.py:925} INFO - DAG(s) 'ML_weather_forecast_pipeline' retrieved from /opt/airflow/dags/ml_forecasting_pipeline_dag.py
[2026-03-06T00:20:48.657+0000] {logging_mixin.py:190} INFO - [2026-03-06T00:20:48.657+0000] {dag.py:3229} INFO - Sync 1 DAGs
[2026-03-06T00:20:48.678+0000] {logging_mixin.py:190} INFO - [2026-03-06T00:20:48.677+0000] {dag.py:4156} INFO - Setting next_dagrun for ML_weather_forecast_pipeline to 2026-03-05 02:30:00+00:00, run_after=2026-03-06 02:30:00+00:00
[2026-03-06T00:20:48.704+0000] {processor.py:208} INFO - Processing /opt/airflow/dags/ml_forecasting_pipeline_dag.py took 0.110 seconds
[2026-03-06T00:21:19.132+0000] {processor.py:186} INFO - Started process (PID=2913) to work on /opt/airflow/dags/ml_forecasting_pipeline_dag.py
[2026-03-06T00:21:19.134+0000] {processor.py:914} INFO - Processing file /opt/airflow/dags/ml_forecasting_pipeline_dag.py for tasks to queue
[2026-03-06T00:21:19.139+0000] {logging_mixin.py:190} INFO - [2026-03-06T00:21:19.138+0000] {dagbag.py:587} INFO - Filling up the DagBag from /opt/airflow/dags/ml_forecasting_pipeline_dag.py
[2026-03-06T00:21:19.198+0000] {processor.py:925} INFO - DAG(s) 'ML_weather_forecast_pipeline' retrieved from /opt/airflow/dags/ml_forecasting_pipeline_dag.py
[2026-03-06T00:21:19.234+0000] {logging_mixin.py:190} INFO - [2026-03-06T00:21:19.233+0000] {dag.py:3229} INFO - Sync 1 DAGs
[2026-03-06T00:21:19.259+0000] {logging_mixin.py:190} INFO - [2026-03-06T00:21:19.258+0000] {dag.py:4156} INFO - Setting next_dagrun for ML_weather_forecast_pipeline to 2026-03-05 02:30:00+00:00, run_after=2026-03-06 02:30:00+00:00
[2026-03-06T00:21:19.276+0000] {processor.py:208} INFO - Processing /opt/airflow/dags/ml_forecasting_pipeline_dag.py took 0.155 seconds
[2026-03-06T00:21:49.741+0000] {processor.py:186} INFO - Started process (PID=2929) to work on /opt/airflow/dags/ml_forecasting_pipeline_dag.py
[2026-03-06T00:21:49.743+0000] {processor.py:914} INFO - Processing file /opt/airflow/dags/ml_forecasting_pipeline_dag.py for tasks to queue
[2026-03-06T00:21:49.746+0000] {logging_mixin.py:190} INFO - [2026-03-06T00:21:49.745+0000] {dagbag.py:587} INFO - Filling up the DagBag from /opt/airflow/dags/ml_forecasting_pipeline_dag.py
[2026-03-06T00:21:49.771+0000] {processor.py:925} INFO - DAG(s) 'ML_weather_forecast_pipeline' retrieved from /opt/airflow/dags/ml_forecasting_pipeline_dag.py
[2026-03-06T00:21:49.799+0000] {logging_mixin.py:190} INFO - [2026-03-06T00:21:49.799+0000] {dag.py:3229} INFO - Sync 1 DAGs
[2026-03-06T00:21:49.821+0000] {logging_mixin.py:190} INFO - [2026-03-06T00:21:49.821+0000] {dag.py:4156} INFO - Setting next_dagrun for ML_weather_forecast_pipeline to 2026-03-05 02:30:00+00:00, run_after=2026-03-06 02:30:00+00:00
[2026-03-06T00:21:49.839+0000] {processor.py:208} INFO - Processing /opt/airflow/dags/ml_forecasting_pipeline_dag.py took 0.104 seconds
[2026-03-06T00:22:20.380+0000] {processor.py:186} INFO - Started process (PID=2945) to work on /opt/airflow/dags/ml_forecasting_pipeline_dag.py
[2026-03-06T00:22:20.382+0000] {processor.py:914} INFO - Processing file /opt/airflow/dags/ml_forecasting_pipeline_dag.py for tasks to queue
[2026-03-06T00:22:20.385+0000] {logging_mixin.py:190} INFO - [2026-03-06T00:22:20.385+0000] {dagbag.py:587} INFO - Filling up the DagBag from /opt/airflow/dags/ml_forecasting_pipeline_dag.py
[2026-03-06T00:22:20.419+0000] {processor.py:925} INFO - DAG(s) 'ML_weather_forecast_pipeline' retrieved from /opt/airflow/dags/ml_forecasting_pipeline_dag.py
[2026-03-06T00:22:20.448+0000] {logging_mixin.py:190} INFO - [2026-03-06T00:22:20.447+0000] {dag.py:3229} INFO - Sync 1 DAGs
[2026-03-06T00:22:20.470+0000] {logging_mixin.py:190} INFO - [2026-03-06T00:22:20.470+0000] {dag.py:4156} INFO - Setting next_dagrun for ML_weather_forecast_pipeline to 2026-03-05 02:30:00+00:00, run_after=2026-03-06 02:30:00+00:00
[2026-03-06T00:22:20.499+0000] {processor.py:208} INFO - Processing /opt/airflow/dags/ml_forecasting_pipeline_dag.py took 0.126 seconds
[2026-03-06T00:22:50.979+0000] {processor.py:186} INFO - Started process (PID=2961) to work on /opt/airflow/dags/ml_forecasting_pipeline_dag.py
[2026-03-06T00:22:50.981+0000] {processor.py:914} INFO - Processing file /opt/airflow/dags/ml_forecasting_pipeline_dag.py for tasks to queue
[2026-03-06T00:22:50.984+0000] {logging_mixin.py:190} INFO - [2026-03-06T00:22:50.983+0000] {dagbag.py:587} INFO - Filling up the DagBag from /opt/airflow/dags/ml_forecasting_pipeline_dag.py
[2026-03-06T00:22:51.021+0000] {processor.py:925} INFO - DAG(s) 'ML_weather_forecast_pipeline' retrieved from /opt/airflow/dags/ml_forecasting_pipeline_dag.py
[2026-03-06T00:22:51.050+0000] {logging_mixin.py:190} INFO - [2026-03-06T00:22:51.049+0000] {dag.py:3229} INFO - Sync 1 DAGs
[2026-03-06T00:22:51.073+0000] {logging_mixin.py:190} INFO - [2026-03-06T00:22:51.072+0000] {dag.py:4156} INFO - Setting next_dagrun for ML_weather_forecast_pipeline to 2026-03-05 02:30:00+00:00, run_after=2026-03-06 02:30:00+00:00
[2026-03-06T00:22:51.090+0000] {processor.py:208} INFO - Processing /opt/airflow/dags/ml_forecasting_pipeline_dag.py took 0.119 seconds
[2026-03-06T00:23:21.582+0000] {processor.py:186} INFO - Started process (PID=2977) to work on /opt/airflow/dags/ml_forecasting_pipeline_dag.py
[2026-03-06T00:23:21.584+0000] {processor.py:914} INFO - Processing file /opt/airflow/dags/ml_forecasting_pipeline_dag.py for tasks to queue
[2026-03-06T00:23:21.589+0000] {logging_mixin.py:190} INFO - [2026-03-06T00:23:21.588+0000] {dagbag.py:587} INFO - Filling up the DagBag from /opt/airflow/dags/ml_forecasting_pipeline_dag.py
[2026-03-06T00:23:21.635+0000] {processor.py:925} INFO - DAG(s) 'ML_weather_forecast_pipeline' retrieved from /opt/airflow/dags/ml_forecasting_pipeline_dag.py
[2026-03-06T00:23:21.666+0000] {logging_mixin.py:190} INFO - [2026-03-06T00:23:21.666+0000] {dag.py:3229} INFO - Sync 1 DAGs
[2026-03-06T00:23:21.689+0000] {logging_mixin.py:190} INFO - [2026-03-06T00:23:21.689+0000] {dag.py:4156} INFO - Setting next_dagrun for ML_weather_forecast_pipeline to 2026-03-05 02:30:00+00:00, run_after=2026-03-06 02:30:00+00:00
[2026-03-06T00:23:21.707+0000] {processor.py:208} INFO - Processing /opt/airflow/dags/ml_forecasting_pipeline_dag.py took 0.133 seconds
[2026-03-06T00:23:52.104+0000] {processor.py:186} INFO - Started process (PID=2993) to work on /opt/airflow/dags/ml_forecasting_pipeline_dag.py
[2026-03-06T00:23:52.105+0000] {processor.py:914} INFO - Processing file /opt/airflow/dags/ml_forecasting_pipeline_dag.py for tasks to queue
[2026-03-06T00:23:52.108+0000] {logging_mixin.py:190} INFO - [2026-03-06T00:23:52.108+0000] {dagbag.py:587} INFO - Filling up the DagBag from /opt/airflow/dags/ml_forecasting_pipeline_dag.py
[2026-03-06T00:23:52.138+0000] {processor.py:925} INFO - DAG(s) 'ML_weather_forecast_pipeline' retrieved from /opt/airflow/dags/ml_forecasting_pipeline_dag.py
[2026-03-06T00:23:52.166+0000] {logging_mixin.py:190} INFO - [2026-03-06T00:23:52.165+0000] {dag.py:3229} INFO - Sync 1 DAGs
[2026-03-06T00:23:52.188+0000] {logging_mixin.py:190} INFO - [2026-03-06T00:23:52.187+0000] {dag.py:4156} INFO - Setting next_dagrun for ML_weather_forecast_pipeline to 2026-03-05 02:30:00+00:00, run_after=2026-03-06 02:30:00+00:00
[2026-03-06T00:23:52.223+0000] {processor.py:208} INFO - Processing /opt/airflow/dags/ml_forecasting_pipeline_dag.py took 0.124 seconds
[2026-03-06T00:25:17.386+0000] {processor.py:186} INFO - Started process (PID=213) to work on /opt/airflow/dags/ml_forecasting_pipeline_dag.py
[2026-03-06T00:25:17.388+0000] {processor.py:914} INFO - Processing file /opt/airflow/dags/ml_forecasting_pipeline_dag.py for tasks to queue
[2026-03-06T00:25:17.393+0000] {logging_mixin.py:190} INFO - [2026-03-06T00:25:17.393+0000] {dagbag.py:587} INFO - Filling up the DagBag from /opt/airflow/dags/ml_forecasting_pipeline_dag.py
[2026-03-06T00:25:17.434+0000] {processor.py:925} INFO - DAG(s) 'ML_weather_forecast_pipeline' retrieved from /opt/airflow/dags/ml_forecasting_pipeline_dag.py
[2026-03-06T00:25:17.491+0000] {logging_mixin.py:190} INFO - [2026-03-06T00:25:17.491+0000] {dag.py:3229} INFO - Sync 1 DAGs
[2026-03-06T00:25:17.524+0000] {logging_mixin.py:190} INFO - [2026-03-06T00:25:17.524+0000] {dag.py:4156} INFO - Setting next_dagrun for ML_weather_forecast_pipeline to 2026-03-05 02:30:00+00:00, run_after=2026-03-06 02:30:00+00:00
[2026-03-06T00:25:17.585+0000] {processor.py:208} INFO - Processing /opt/airflow/dags/ml_forecasting_pipeline_dag.py took 0.206 seconds
[2026-03-06T00:25:47.922+0000] {processor.py:186} INFO - Started process (PID=251) to work on /opt/airflow/dags/ml_forecasting_pipeline_dag.py
[2026-03-06T00:25:47.928+0000] {processor.py:914} INFO - Processing file /opt/airflow/dags/ml_forecasting_pipeline_dag.py for tasks to queue
[2026-03-06T00:25:47.945+0000] {logging_mixin.py:190} INFO - [2026-03-06T00:25:47.943+0000] {dagbag.py:587} INFO - Filling up the DagBag from /opt/airflow/dags/ml_forecasting_pipeline_dag.py
[2026-03-06T00:25:48.035+0000] {processor.py:925} INFO - DAG(s) 'ML_weather_forecast_pipeline' retrieved from /opt/airflow/dags/ml_forecasting_pipeline_dag.py
[2026-03-06T00:25:48.126+0000] {logging_mixin.py:190} INFO - [2026-03-06T00:25:48.125+0000] {dag.py:3229} INFO - Sync 1 DAGs
[2026-03-06T00:25:48.297+0000] {logging_mixin.py:190} INFO - [2026-03-06T00:25:48.297+0000] {dag.py:4156} INFO - Setting next_dagrun for ML_weather_forecast_pipeline to 2026-03-05 02:30:00+00:00, run_after=2026-03-06 02:30:00+00:00
[2026-03-06T00:25:48.376+0000] {processor.py:208} INFO - Processing /opt/airflow/dags/ml_forecasting_pipeline_dag.py took 0.476 seconds
[2026-03-06T00:26:18.869+0000] {processor.py:186} INFO - Started process (PID=267) to work on /opt/airflow/dags/ml_forecasting_pipeline_dag.py
[2026-03-06T00:26:18.871+0000] {processor.py:914} INFO - Processing file /opt/airflow/dags/ml_forecasting_pipeline_dag.py for tasks to queue
[2026-03-06T00:26:18.874+0000] {logging_mixin.py:190} INFO - [2026-03-06T00:26:18.873+0000] {dagbag.py:587} INFO - Filling up the DagBag from /opt/airflow/dags/ml_forecasting_pipeline_dag.py
[2026-03-06T00:26:18.910+0000] {processor.py:925} INFO - DAG(s) 'ML_weather_forecast_pipeline' retrieved from /opt/airflow/dags/ml_forecasting_pipeline_dag.py
[2026-03-06T00:26:18.945+0000] {logging_mixin.py:190} INFO - [2026-03-06T00:26:18.944+0000] {dag.py:3229} INFO - Sync 1 DAGs
[2026-03-06T00:26:18.968+0000] {logging_mixin.py:190} INFO - [2026-03-06T00:26:18.968+0000] {dag.py:4156} INFO - Setting next_dagrun for ML_weather_forecast_pipeline to 2026-03-05 02:30:00+00:00, run_after=2026-03-06 02:30:00+00:00
[2026-03-06T00:26:18.990+0000] {processor.py:208} INFO - Processing /opt/airflow/dags/ml_forecasting_pipeline_dag.py took 0.128 seconds
[2026-03-06T00:26:49.286+0000] {processor.py:186} INFO - Started process (PID=283) to work on /opt/airflow/dags/ml_forecasting_pipeline_dag.py
[2026-03-06T00:26:49.288+0000] {processor.py:914} INFO - Processing file /opt/airflow/dags/ml_forecasting_pipeline_dag.py for tasks to queue
[2026-03-06T00:26:49.293+0000] {logging_mixin.py:190} INFO - [2026-03-06T00:26:49.292+0000] {dagbag.py:587} INFO - Filling up the DagBag from /opt/airflow/dags/ml_forecasting_pipeline_dag.py
[2026-03-06T00:26:49.329+0000] {processor.py:925} INFO - DAG(s) 'ML_weather_forecast_pipeline' retrieved from /opt/airflow/dags/ml_forecasting_pipeline_dag.py
[2026-03-06T00:26:49.365+0000] {logging_mixin.py:190} INFO - [2026-03-06T00:26:49.364+0000] {dag.py:3229} INFO - Sync 1 DAGs
[2026-03-06T00:26:49.392+0000] {logging_mixin.py:190} INFO - [2026-03-06T00:26:49.392+0000] {dag.py:4156} INFO - Setting next_dagrun for ML_weather_forecast_pipeline to 2026-03-05 02:30:00+00:00, run_after=2026-03-06 02:30:00+00:00
[2026-03-06T00:26:49.416+0000] {processor.py:208} INFO - Processing /opt/airflow/dags/ml_forecasting_pipeline_dag.py took 0.136 seconds
[2026-03-06T00:27:19.744+0000] {processor.py:186} INFO - Started process (PID=299) to work on /opt/airflow/dags/ml_forecasting_pipeline_dag.py
[2026-03-06T00:27:19.745+0000] {processor.py:914} INFO - Processing file /opt/airflow/dags/ml_forecasting_pipeline_dag.py for tasks to queue
[2026-03-06T00:27:19.748+0000] {logging_mixin.py:190} INFO - [2026-03-06T00:27:19.748+0000] {dagbag.py:587} INFO - Filling up the DagBag from /opt/airflow/dags/ml_forecasting_pipeline_dag.py
[2026-03-06T00:27:19.782+0000] {processor.py:925} INFO - DAG(s) 'ML_weather_forecast_pipeline' retrieved from /opt/airflow/dags/ml_forecasting_pipeline_dag.py
[2026-03-06T00:27:19.815+0000] {logging_mixin.py:190} INFO - [2026-03-06T00:27:19.814+0000] {dag.py:3229} INFO - Sync 1 DAGs
[2026-03-06T00:27:19.838+0000] {logging_mixin.py:190} INFO - [2026-03-06T00:27:19.838+0000] {dag.py:4156} INFO - Setting next_dagrun for ML_weather_forecast_pipeline to 2026-03-05 02:30:00+00:00, run_after=2026-03-06 02:30:00+00:00
[2026-03-06T00:27:19.860+0000] {processor.py:208} INFO - Processing /opt/airflow/dags/ml_forecasting_pipeline_dag.py took 0.123 seconds
[2026-03-06T00:27:50.219+0000] {processor.py:186} INFO - Started process (PID=316) to work on /opt/airflow/dags/ml_forecasting_pipeline_dag.py
[2026-03-06T00:27:50.220+0000] {processor.py:914} INFO - Processing file /opt/airflow/dags/ml_forecasting_pipeline_dag.py for tasks to queue
[2026-03-06T00:27:50.224+0000] {logging_mixin.py:190} INFO - [2026-03-06T00:27:50.223+0000] {dagbag.py:587} INFO - Filling up the DagBag from /opt/airflow/dags/ml_forecasting_pipeline_dag.py
[2026-03-06T00:27:50.263+0000] {processor.py:925} INFO - DAG(s) 'ML_weather_forecast_pipeline' retrieved from /opt/airflow/dags/ml_forecasting_pipeline_dag.py
[2026-03-06T00:27:50.295+0000] {logging_mixin.py:190} INFO - [2026-03-06T00:27:50.295+0000] {dag.py:3229} INFO - Sync 1 DAGs
[2026-03-06T00:27:50.316+0000] {logging_mixin.py:190} INFO - [2026-03-06T00:27:50.315+0000] {dag.py:4156} INFO - Setting next_dagrun for ML_weather_forecast_pipeline to 2026-03-05 02:30:00+00:00, run_after=2026-03-06 02:30:00+00:00
[2026-03-06T00:27:50.336+0000] {processor.py:208} INFO - Processing /opt/airflow/dags/ml_forecasting_pipeline_dag.py took 0.123 seconds
[2026-03-06T00:28:20.615+0000] {processor.py:186} INFO - Started process (PID=332) to work on /opt/airflow/dags/ml_forecasting_pipeline_dag.py
[2026-03-06T00:28:20.621+0000] {processor.py:914} INFO - Processing file /opt/airflow/dags/ml_forecasting_pipeline_dag.py for tasks to queue
[2026-03-06T00:28:20.628+0000] {logging_mixin.py:190} INFO - [2026-03-06T00:28:20.627+0000] {dagbag.py:587} INFO - Filling up the DagBag from /opt/airflow/dags/ml_forecasting_pipeline_dag.py
[2026-03-06T00:28:20.684+0000] {processor.py:925} INFO - DAG(s) 'ML_weather_forecast_pipeline' retrieved from /opt/airflow/dags/ml_forecasting_pipeline_dag.py
[2026-03-06T00:28:20.721+0000] {logging_mixin.py:190} INFO - [2026-03-06T00:28:20.720+0000] {dag.py:3229} INFO - Sync 1 DAGs
[2026-03-06T00:28:20.748+0000] {logging_mixin.py:190} INFO - [2026-03-06T00:28:20.747+0000] {dag.py:4156} INFO - Setting next_dagrun for ML_weather_forecast_pipeline to 2026-03-05 02:30:00+00:00, run_after=2026-03-06 02:30:00+00:00
[2026-03-06T00:28:20.770+0000] {processor.py:208} INFO - Processing /opt/airflow/dags/ml_forecasting_pipeline_dag.py took 0.163 seconds
[2026-03-06T00:28:51.200+0000] {processor.py:186} INFO - Started process (PID=350) to work on /opt/airflow/dags/ml_forecasting_pipeline_dag.py
[2026-03-06T00:28:51.202+0000] {processor.py:914} INFO - Processing file /opt/airflow/dags/ml_forecasting_pipeline_dag.py for tasks to queue
[2026-03-06T00:28:51.205+0000] {logging_mixin.py:190} INFO - [2026-03-06T00:28:51.204+0000] {dagbag.py:587} INFO - Filling up the DagBag from /opt/airflow/dags/ml_forecasting_pipeline_dag.py
[2026-03-06T00:28:51.243+0000] {processor.py:925} INFO - DAG(s) 'ML_weather_forecast_pipeline' retrieved from /opt/airflow/dags/ml_forecasting_pipeline_dag.py
[2026-03-06T00:28:51.274+0000] {logging_mixin.py:190} INFO - [2026-03-06T00:28:51.273+0000] {dag.py:3229} INFO - Sync 1 DAGs
[2026-03-06T00:28:51.297+0000] {logging_mixin.py:190} INFO - [2026-03-06T00:28:51.297+0000] {dag.py:4156} INFO - Setting next_dagrun for ML_weather_forecast_pipeline to 2026-03-05 02:30:00+00:00, run_after=2026-03-06 02:30:00+00:00
[2026-03-06T00:28:51.316+0000] {processor.py:208} INFO - Processing /opt/airflow/dags/ml_forecasting_pipeline_dag.py took 0.122 seconds
[2026-03-06T00:30:21.513+0000] {processor.py:186} INFO - Started process (PID=213) to work on /opt/airflow/dags/ml_forecasting_pipeline_dag.py
[2026-03-06T00:30:21.514+0000] {processor.py:914} INFO - Processing file /opt/airflow/dags/ml_forecasting_pipeline_dag.py for tasks to queue
[2026-03-06T00:30:21.519+0000] {logging_mixin.py:190} INFO - [2026-03-06T00:30:21.519+0000] {dagbag.py:587} INFO - Filling up the DagBag from /opt/airflow/dags/ml_forecasting_pipeline_dag.py
[2026-03-06T00:30:21.573+0000] {processor.py:925} INFO - DAG(s) 'ML_weather_forecast_pipeline' retrieved from /opt/airflow/dags/ml_forecasting_pipeline_dag.py
[2026-03-06T00:30:21.707+0000] {logging_mixin.py:190} INFO - [2026-03-06T00:30:21.706+0000] {override.py:1900} INFO - Created Permission View: can edit on DAG:ML_weather_forecast_pipeline
[2026-03-06T00:30:21.718+0000] {logging_mixin.py:190} INFO - [2026-03-06T00:30:21.718+0000] {override.py:1900} INFO - Created Permission View: can delete on DAG:ML_weather_forecast_pipeline
[2026-03-06T00:30:21.726+0000] {logging_mixin.py:190} INFO - [2026-03-06T00:30:21.726+0000] {override.py:1900} INFO - Created Permission View: can read on DAG:ML_weather_forecast_pipeline
[2026-03-06T00:30:21.737+0000] {logging_mixin.py:190} INFO - [2026-03-06T00:30:21.736+0000] {override.py:1900} INFO - Created Permission View: menu access on DAG Run:ML_weather_forecast_pipeline
[2026-03-06T00:30:21.745+0000] {logging_mixin.py:190} INFO - [2026-03-06T00:30:21.744+0000] {override.py:1900} INFO - Created Permission View: can delete on DAG Run:ML_weather_forecast_pipeline
[2026-03-06T00:30:21.753+0000] {logging_mixin.py:190} INFO - [2026-03-06T00:30:21.753+0000] {override.py:1900} INFO - Created Permission View: can read on DAG Run:ML_weather_forecast_pipeline
[2026-03-06T00:30:21.761+0000] {logging_mixin.py:190} INFO - [2026-03-06T00:30:21.761+0000] {override.py:1900} INFO - Created Permission View: can create on DAG Run:ML_weather_forecast_pipeline
[2026-03-06T00:30:21.762+0000] {logging_mixin.py:190} INFO - [2026-03-06T00:30:21.762+0000] {dag.py:3229} INFO - Sync 1 DAGs
[2026-03-06T00:30:21.775+0000] {logging_mixin.py:190} INFO - [2026-03-06T00:30:21.775+0000] {dag.py:3252} INFO - Creating ORM DAG for ML_weather_forecast_pipeline
[2026-03-06T00:30:21.788+0000] {logging_mixin.py:190} INFO - [2026-03-06T00:30:21.787+0000] {dag.py:4156} INFO - Setting next_dagrun for ML_weather_forecast_pipeline to 2026-03-04 02:30:00+00:00, run_after=2026-03-05 02:30:00+00:00
[2026-03-06T00:30:21.810+0000] {processor.py:208} INFO - Processing /opt/airflow/dags/ml_forecasting_pipeline_dag.py took 0.305 seconds
[2026-03-06T00:30:51.956+0000] {processor.py:186} INFO - Started process (PID=251) to work on /opt/airflow/dags/ml_forecasting_pipeline_dag.py
[2026-03-06T00:30:51.958+0000] {processor.py:914} INFO - Processing file /opt/airflow/dags/ml_forecasting_pipeline_dag.py for tasks to queue
[2026-03-06T00:30:51.962+0000] {logging_mixin.py:190} INFO - [2026-03-06T00:30:51.961+0000] {dagbag.py:587} INFO - Filling up the DagBag from /opt/airflow/dags/ml_forecasting_pipeline_dag.py
[2026-03-06T00:30:51.993+0000] {processor.py:925} INFO - DAG(s) 'ML_weather_forecast_pipeline' retrieved from /opt/airflow/dags/ml_forecasting_pipeline_dag.py
[2026-03-06T00:30:52.020+0000] {logging_mixin.py:190} INFO - [2026-03-06T00:30:52.020+0000] {dag.py:3229} INFO - Sync 1 DAGs
[2026-03-06T00:30:52.041+0000] {logging_mixin.py:190} INFO - [2026-03-06T00:30:52.041+0000] {dag.py:4156} INFO - Setting next_dagrun for ML_weather_forecast_pipeline to 2026-03-04 02:30:00+00:00, run_after=2026-03-05 02:30:00+00:00
[2026-03-06T00:30:52.058+0000] {processor.py:208} INFO - Processing /opt/airflow/dags/ml_forecasting_pipeline_dag.py took 0.109 seconds
[2026-03-06T00:31:22.426+0000] {processor.py:186} INFO - Started process (PID=267) to work on /opt/airflow/dags/ml_forecasting_pipeline_dag.py
[2026-03-06T00:31:22.427+0000] {processor.py:914} INFO - Processing file /opt/airflow/dags/ml_forecasting_pipeline_dag.py for tasks to queue
[2026-03-06T00:31:22.430+0000] {logging_mixin.py:190} INFO - [2026-03-06T00:31:22.430+0000] {dagbag.py:587} INFO - Filling up the DagBag from /opt/airflow/dags/ml_forecasting_pipeline_dag.py
[2026-03-06T00:31:22.460+0000] {processor.py:925} INFO - DAG(s) 'ML_weather_forecast_pipeline' retrieved from /opt/airflow/dags/ml_forecasting_pipeline_dag.py
[2026-03-06T00:31:22.489+0000] {logging_mixin.py:190} INFO - [2026-03-06T00:31:22.489+0000] {dag.py:3229} INFO - Sync 1 DAGs
[2026-03-06T00:31:22.511+0000] {logging_mixin.py:190} INFO - [2026-03-06T00:31:22.511+0000] {dag.py:4156} INFO - Setting next_dagrun for ML_weather_forecast_pipeline to 2026-03-04 02:30:00+00:00, run_after=2026-03-05 02:30:00+00:00
[2026-03-06T00:31:22.535+0000] {processor.py:208} INFO - Processing /opt/airflow/dags/ml_forecasting_pipeline_dag.py took 0.115 seconds
[2026-03-06T00:31:52.988+0000] {processor.py:186} INFO - Started process (PID=283) to work on /opt/airflow/dags/ml_forecasting_pipeline_dag.py
[2026-03-06T00:31:52.989+0000] {processor.py:914} INFO - Processing file /opt/airflow/dags/ml_forecasting_pipeline_dag.py for tasks to queue
[2026-03-06T00:31:52.993+0000] {logging_mixin.py:190} INFO - [2026-03-06T00:31:52.993+0000] {dagbag.py:587} INFO - Filling up the DagBag from /opt/airflow/dags/ml_forecasting_pipeline_dag.py
[2026-03-06T00:31:53.023+0000] {processor.py:925} INFO - DAG(s) 'ML_weather_forecast_pipeline' retrieved from /opt/airflow/dags/ml_forecasting_pipeline_dag.py
[2026-03-06T00:31:53.048+0000] {logging_mixin.py:190} INFO - [2026-03-06T00:31:53.048+0000] {dag.py:3229} INFO - Sync 1 DAGs
[2026-03-06T00:31:53.070+0000] {logging_mixin.py:190} INFO - [2026-03-06T00:31:53.070+0000] {dag.py:4156} INFO - Setting next_dagrun for ML_weather_forecast_pipeline to 2026-03-04 02:30:00+00:00, run_after=2026-03-05 02:30:00+00:00
[2026-03-06T00:31:53.089+0000] {processor.py:208} INFO - Processing /opt/airflow/dags/ml_forecasting_pipeline_dag.py took 0.108 seconds
[2026-03-06T00:32:23.484+0000] {processor.py:186} INFO - Started process (PID=299) to work on /opt/airflow/dags/ml_forecasting_pipeline_dag.py
[2026-03-06T00:32:23.485+0000] {processor.py:914} INFO - Processing file /opt/airflow/dags/ml_forecasting_pipeline_dag.py for tasks to queue
[2026-03-06T00:32:23.488+0000] {logging_mixin.py:190} INFO - [2026-03-06T00:32:23.488+0000] {dagbag.py:587} INFO - Filling up the DagBag from /opt/airflow/dags/ml_forecasting_pipeline_dag.py
[2026-03-06T00:32:23.520+0000] {processor.py:925} INFO - DAG(s) 'ML_weather_forecast_pipeline' retrieved from /opt/airflow/dags/ml_forecasting_pipeline_dag.py
[2026-03-06T00:32:23.551+0000] {logging_mixin.py:190} INFO - [2026-03-06T00:32:23.550+0000] {dag.py:3229} INFO - Sync 1 DAGs
[2026-03-06T00:32:23.572+0000] {logging_mixin.py:190} INFO - [2026-03-06T00:32:23.572+0000] {dag.py:4156} INFO - Setting next_dagrun for ML_weather_forecast_pipeline to 2026-03-04 02:30:00+00:00, run_after=2026-03-05 02:30:00+00:00
[2026-03-06T00:32:23.591+0000] {processor.py:208} INFO - Processing /opt/airflow/dags/ml_forecasting_pipeline_dag.py took 0.114 seconds
[2026-03-06T00:32:53.933+0000] {processor.py:186} INFO - Started process (PID=316) to work on /opt/airflow/dags/ml_forecasting_pipeline_dag.py
[2026-03-06T00:32:53.934+0000] {processor.py:914} INFO - Processing file /opt/airflow/dags/ml_forecasting_pipeline_dag.py for tasks to queue
[2026-03-06T00:32:53.937+0000] {logging_mixin.py:190} INFO - [2026-03-06T00:32:53.937+0000] {dagbag.py:587} INFO - Filling up the DagBag from /opt/airflow/dags/ml_forecasting_pipeline_dag.py
[2026-03-06T00:32:53.971+0000] {processor.py:925} INFO - DAG(s) 'ML_weather_forecast_pipeline' retrieved from /opt/airflow/dags/ml_forecasting_pipeline_dag.py
[2026-03-06T00:32:54.005+0000] {logging_mixin.py:190} INFO - [2026-03-06T00:32:54.004+0000] {dag.py:3229} INFO - Sync 1 DAGs
[2026-03-06T00:32:54.035+0000] {logging_mixin.py:190} INFO - [2026-03-06T00:32:54.035+0000] {dag.py:4156} INFO - Setting next_dagrun for ML_weather_forecast_pipeline to 2026-03-04 02:30:00+00:00, run_after=2026-03-05 02:30:00+00:00
[2026-03-06T00:32:54.060+0000] {processor.py:208} INFO - Processing /opt/airflow/dags/ml_forecasting_pipeline_dag.py took 0.133 seconds
[2026-03-06T00:33:24.333+0000] {processor.py:186} INFO - Started process (PID=332) to work on /opt/airflow/dags/ml_forecasting_pipeline_dag.py
[2026-03-06T00:33:24.334+0000] {processor.py:914} INFO - Processing file /opt/airflow/dags/ml_forecasting_pipeline_dag.py for tasks to queue
[2026-03-06T00:33:24.338+0000] {logging_mixin.py:190} INFO - [2026-03-06T00:33:24.337+0000] {dagbag.py:587} INFO - Filling up the DagBag from /opt/airflow/dags/ml_forecasting_pipeline_dag.py
[2026-03-06T00:33:24.370+0000] {processor.py:925} INFO - DAG(s) 'ML_weather_forecast_pipeline' retrieved from /opt/airflow/dags/ml_forecasting_pipeline_dag.py
[2026-03-06T00:33:24.401+0000] {logging_mixin.py:190} INFO - [2026-03-06T00:33:24.401+0000] {dag.py:3229} INFO - Sync 1 DAGs
[2026-03-06T00:33:24.427+0000] {logging_mixin.py:190} INFO - [2026-03-06T00:33:24.427+0000] {dag.py:4156} INFO - Setting next_dagrun for ML_weather_forecast_pipeline to 2026-03-04 02:30:00+00:00, run_after=2026-03-05 02:30:00+00:00
[2026-03-06T00:33:24.451+0000] {processor.py:208} INFO - Processing /opt/airflow/dags/ml_forecasting_pipeline_dag.py took 0.125 seconds
[2026-03-06T00:33:54.802+0000] {processor.py:186} INFO - Started process (PID=348) to work on /opt/airflow/dags/ml_forecasting_pipeline_dag.py
[2026-03-06T00:33:54.803+0000] {processor.py:914} INFO - Processing file /opt/airflow/dags/ml_forecasting_pipeline_dag.py for tasks to queue
[2026-03-06T00:33:54.806+0000] {logging_mixin.py:190} INFO - [2026-03-06T00:33:54.806+0000] {dagbag.py:587} INFO - Filling up the DagBag from /opt/airflow/dags/ml_forecasting_pipeline_dag.py
[2026-03-06T00:33:54.845+0000] {processor.py:925} INFO - DAG(s) 'ML_weather_forecast_pipeline' retrieved from /opt/airflow/dags/ml_forecasting_pipeline_dag.py
[2026-03-06T00:33:54.891+0000] {logging_mixin.py:190} INFO - [2026-03-06T00:33:54.890+0000] {dag.py:3229} INFO - Sync 1 DAGs
[2026-03-06T00:33:54.921+0000] {logging_mixin.py:190} INFO - [2026-03-06T00:33:54.920+0000] {dag.py:4156} INFO - Setting next_dagrun for ML_weather_forecast_pipeline to 2026-03-04 02:30:00+00:00, run_after=2026-03-05 02:30:00+00:00
[2026-03-06T00:33:54.943+0000] {processor.py:208} INFO - Processing /opt/airflow/dags/ml_forecasting_pipeline_dag.py took 0.147 seconds
[2026-03-06T00:34:25.239+0000] {processor.py:186} INFO - Started process (PID=364) to work on /opt/airflow/dags/ml_forecasting_pipeline_dag.py
[2026-03-06T00:34:25.241+0000] {processor.py:914} INFO - Processing file /opt/airflow/dags/ml_forecasting_pipeline_dag.py for tasks to queue
[2026-03-06T00:34:25.245+0000] {logging_mixin.py:190} INFO - [2026-03-06T00:34:25.245+0000] {dagbag.py:587} INFO - Filling up the DagBag from /opt/airflow/dags/ml_forecasting_pipeline_dag.py
[2026-03-06T00:34:25.280+0000] {processor.py:925} INFO - DAG(s) 'ML_weather_forecast_pipeline' retrieved from /opt/airflow/dags/ml_forecasting_pipeline_dag.py
[2026-03-06T00:34:25.313+0000] {logging_mixin.py:190} INFO - [2026-03-06T00:34:25.312+0000] {dag.py:3229} INFO - Sync 1 DAGs
[2026-03-06T00:34:25.340+0000] {logging_mixin.py:190} INFO - [2026-03-06T00:34:25.339+0000] {dag.py:4156} INFO - Setting next_dagrun for ML_weather_forecast_pipeline to 2026-03-04 02:30:00+00:00, run_after=2026-03-05 02:30:00+00:00
[2026-03-06T00:34:25.367+0000] {processor.py:208} INFO - Processing /opt/airflow/dags/ml_forecasting_pipeline_dag.py took 0.134 seconds
[2026-03-06T00:34:55.712+0000] {processor.py:186} INFO - Started process (PID=380) to work on /opt/airflow/dags/ml_forecasting_pipeline_dag.py
[2026-03-06T00:34:55.713+0000] {processor.py:914} INFO - Processing file /opt/airflow/dags/ml_forecasting_pipeline_dag.py for tasks to queue
[2026-03-06T00:34:55.715+0000] {logging_mixin.py:190} INFO - [2026-03-06T00:34:55.715+0000] {dagbag.py:587} INFO - Filling up the DagBag from /opt/airflow/dags/ml_forecasting_pipeline_dag.py
[2026-03-06T00:34:55.747+0000] {processor.py:925} INFO - DAG(s) 'ML_weather_forecast_pipeline' retrieved from /opt/airflow/dags/ml_forecasting_pipeline_dag.py
[2026-03-06T00:34:55.778+0000] {logging_mixin.py:190} INFO - [2026-03-06T00:34:55.777+0000] {dag.py:3229} INFO - Sync 1 DAGs
[2026-03-06T00:34:55.801+0000] {logging_mixin.py:190} INFO - [2026-03-06T00:34:55.801+0000] {dag.py:4156} INFO - Setting next_dagrun for ML_weather_forecast_pipeline to 2026-03-04 02:30:00+00:00, run_after=2026-03-05 02:30:00+00:00
[2026-03-06T00:34:55.822+0000] {processor.py:208} INFO - Processing /opt/airflow/dags/ml_forecasting_pipeline_dag.py took 0.116 seconds
[2026-03-06T00:35:26.306+0000] {processor.py:186} INFO - Started process (PID=397) to work on /opt/airflow/dags/ml_forecasting_pipeline_dag.py
[2026-03-06T00:35:26.307+0000] {processor.py:914} INFO - Processing file /opt/airflow/dags/ml_forecasting_pipeline_dag.py for tasks to queue
[2026-03-06T00:35:26.310+0000] {logging_mixin.py:190} INFO - [2026-03-06T00:35:26.310+0000] {dagbag.py:587} INFO - Filling up the DagBag from /opt/airflow/dags/ml_forecasting_pipeline_dag.py
[2026-03-06T00:35:26.341+0000] {processor.py:925} INFO - DAG(s) 'ML_weather_forecast_pipeline' retrieved from /opt/airflow/dags/ml_forecasting_pipeline_dag.py
[2026-03-06T00:35:26.378+0000] {logging_mixin.py:190} INFO - [2026-03-06T00:35:26.377+0000] {dag.py:3229} INFO - Sync 1 DAGs
[2026-03-06T00:35:26.403+0000] {logging_mixin.py:190} INFO - [2026-03-06T00:35:26.403+0000] {dag.py:4156} INFO - Setting next_dagrun for ML_weather_forecast_pipeline to 2026-03-04 02:30:00+00:00, run_after=2026-03-05 02:30:00+00:00
[2026-03-06T00:35:26.426+0000] {processor.py:208} INFO - Processing /opt/airflow/dags/ml_forecasting_pipeline_dag.py took 0.126 seconds
[2026-03-06T00:35:56.636+0000] {processor.py:186} INFO - Started process (PID=413) to work on /opt/airflow/dags/ml_forecasting_pipeline_dag.py
[2026-03-06T00:35:56.638+0000] {processor.py:914} INFO - Processing file /opt/airflow/dags/ml_forecasting_pipeline_dag.py for tasks to queue
[2026-03-06T00:35:56.641+0000] {logging_mixin.py:190} INFO - [2026-03-06T00:35:56.641+0000] {dagbag.py:587} INFO - Filling up the DagBag from /opt/airflow/dags/ml_forecasting_pipeline_dag.py
[2026-03-06T00:35:56.677+0000] {processor.py:925} INFO - DAG(s) 'ML_weather_forecast_pipeline' retrieved from /opt/airflow/dags/ml_forecasting_pipeline_dag.py
[2026-03-06T00:35:56.715+0000] {logging_mixin.py:190} INFO - [2026-03-06T00:35:56.714+0000] {dag.py:3229} INFO - Sync 1 DAGs
[2026-03-06T00:35:56.744+0000] {logging_mixin.py:190} INFO - [2026-03-06T00:35:56.744+0000] {dag.py:4156} INFO - Setting next_dagrun for ML_weather_forecast_pipeline to 2026-03-04 02:30:00+00:00, run_after=2026-03-05 02:30:00+00:00
[2026-03-06T00:35:56.770+0000] {processor.py:208} INFO - Processing /opt/airflow/dags/ml_forecasting_pipeline_dag.py took 0.142 seconds
[2026-03-06T00:36:27.252+0000] {processor.py:186} INFO - Started process (PID=429) to work on /opt/airflow/dags/ml_forecasting_pipeline_dag.py
[2026-03-06T00:36:27.253+0000] {processor.py:914} INFO - Processing file /opt/airflow/dags/ml_forecasting_pipeline_dag.py for tasks to queue
[2026-03-06T00:36:27.256+0000] {logging_mixin.py:190} INFO - [2026-03-06T00:36:27.256+0000] {dagbag.py:587} INFO - Filling up the DagBag from /opt/airflow/dags/ml_forecasting_pipeline_dag.py
[2026-03-06T00:36:27.293+0000] {processor.py:925} INFO - DAG(s) 'ML_weather_forecast_pipeline' retrieved from /opt/airflow/dags/ml_forecasting_pipeline_dag.py
[2026-03-06T00:36:27.322+0000] {logging_mixin.py:190} INFO - [2026-03-06T00:36:27.322+0000] {dag.py:3229} INFO - Sync 1 DAGs
[2026-03-06T00:36:27.348+0000] {logging_mixin.py:190} INFO - [2026-03-06T00:36:27.347+0000] {dag.py:4156} INFO - Setting next_dagrun for ML_weather_forecast_pipeline to 2026-03-04 02:30:00+00:00, run_after=2026-03-05 02:30:00+00:00
[2026-03-06T00:36:27.370+0000] {processor.py:208} INFO - Processing /opt/airflow/dags/ml_forecasting_pipeline_dag.py took 0.125 seconds
[2026-03-06T00:36:57.682+0000] {processor.py:186} INFO - Started process (PID=445) to work on /opt/airflow/dags/ml_forecasting_pipeline_dag.py
[2026-03-06T00:36:57.684+0000] {processor.py:914} INFO - Processing file /opt/airflow/dags/ml_forecasting_pipeline_dag.py for tasks to queue
[2026-03-06T00:36:57.687+0000] {logging_mixin.py:190} INFO - [2026-03-06T00:36:57.687+0000] {dagbag.py:587} INFO - Filling up the DagBag from /opt/airflow/dags/ml_forecasting_pipeline_dag.py
[2026-03-06T00:36:57.716+0000] {processor.py:925} INFO - DAG(s) 'ML_weather_forecast_pipeline' retrieved from /opt/airflow/dags/ml_forecasting_pipeline_dag.py
[2026-03-06T00:36:57.746+0000] {logging_mixin.py:190} INFO - [2026-03-06T00:36:57.745+0000] {dag.py:3229} INFO - Sync 1 DAGs
[2026-03-06T00:36:57.770+0000] {logging_mixin.py:190} INFO - [2026-03-06T00:36:57.770+0000] {dag.py:4156} INFO - Setting next_dagrun for ML_weather_forecast_pipeline to 2026-03-04 02:30:00+00:00, run_after=2026-03-05 02:30:00+00:00
[2026-03-06T00:36:57.789+0000] {processor.py:208} INFO - Processing /opt/airflow/dags/ml_forecasting_pipeline_dag.py took 0.112 seconds
[2026-03-06T00:37:31.550+0000] {processor.py:186} INFO - Started process (PID=213) to work on /opt/airflow/dags/ml_forecasting_pipeline_dag.py
[2026-03-06T00:37:31.553+0000] {processor.py:914} INFO - Processing file /opt/airflow/dags/ml_forecasting_pipeline_dag.py for tasks to queue
[2026-03-06T00:37:31.557+0000] {logging_mixin.py:190} INFO - [2026-03-06T00:37:31.557+0000] {dagbag.py:587} INFO - Filling up the DagBag from /opt/airflow/dags/ml_forecasting_pipeline_dag.py
[2026-03-06T00:37:31.605+0000] {processor.py:925} INFO - DAG(s) 'ML_weather_forecast_pipeline' retrieved from /opt/airflow/dags/ml_forecasting_pipeline_dag.py
[2026-03-06T00:37:31.673+0000] {logging_mixin.py:190} INFO - [2026-03-06T00:37:31.673+0000] {dag.py:3229} INFO - Sync 1 DAGs
[2026-03-06T00:37:31.705+0000] {logging_mixin.py:190} INFO - [2026-03-06T00:37:31.705+0000] {dag.py:4156} INFO - Setting next_dagrun for ML_weather_forecast_pipeline to 2026-03-04 02:30:00+00:00, run_after=2026-03-05 02:30:00+00:00
[2026-03-06T00:37:31.735+0000] {processor.py:208} INFO - Processing /opt/airflow/dags/ml_forecasting_pipeline_dag.py took 0.196 seconds
[2026-03-06T00:38:02.019+0000] {processor.py:186} INFO - Started process (PID=251) to work on /opt/airflow/dags/ml_forecasting_pipeline_dag.py
[2026-03-06T00:38:02.024+0000] {processor.py:914} INFO - Processing file /opt/airflow/dags/ml_forecasting_pipeline_dag.py for tasks to queue
[2026-03-06T00:38:02.035+0000] {logging_mixin.py:190} INFO - [2026-03-06T00:38:02.034+0000] {dagbag.py:587} INFO - Filling up the DagBag from /opt/airflow/dags/ml_forecasting_pipeline_dag.py
[2026-03-06T00:38:02.091+0000] {processor.py:925} INFO - DAG(s) 'ML_weather_forecast_pipeline' retrieved from /opt/airflow/dags/ml_forecasting_pipeline_dag.py
[2026-03-06T00:38:02.126+0000] {logging_mixin.py:190} INFO - [2026-03-06T00:38:02.125+0000] {dag.py:3229} INFO - Sync 1 DAGs
[2026-03-06T00:38:02.149+0000] {logging_mixin.py:190} INFO - [2026-03-06T00:38:02.149+0000] {dag.py:4156} INFO - Setting next_dagrun for ML_weather_forecast_pipeline to 2026-03-04 02:30:00+00:00, run_after=2026-03-05 02:30:00+00:00
[2026-03-06T00:38:02.169+0000] {processor.py:208} INFO - Processing /opt/airflow/dags/ml_forecasting_pipeline_dag.py took 0.171 seconds
[2026-03-06T00:38:32.664+0000] {processor.py:186} INFO - Started process (PID=267) to work on /opt/airflow/dags/ml_forecasting_pipeline_dag.py
[2026-03-06T00:38:32.665+0000] {processor.py:914} INFO - Processing file /opt/airflow/dags/ml_forecasting_pipeline_dag.py for tasks to queue
[2026-03-06T00:38:32.669+0000] {logging_mixin.py:190} INFO - [2026-03-06T00:38:32.668+0000] {dagbag.py:587} INFO - Filling up the DagBag from /opt/airflow/dags/ml_forecasting_pipeline_dag.py
[2026-03-06T00:38:32.704+0000] {processor.py:925} INFO - DAG(s) 'ML_weather_forecast_pipeline' retrieved from /opt/airflow/dags/ml_forecasting_pipeline_dag.py
[2026-03-06T00:38:32.733+0000] {logging_mixin.py:190} INFO - [2026-03-06T00:38:32.733+0000] {dag.py:3229} INFO - Sync 1 DAGs
[2026-03-06T00:38:32.756+0000] {logging_mixin.py:190} INFO - [2026-03-06T00:38:32.756+0000] {dag.py:4156} INFO - Setting next_dagrun for ML_weather_forecast_pipeline to 2026-03-04 02:30:00+00:00, run_after=2026-03-05 02:30:00+00:00
[2026-03-06T00:38:32.778+0000] {processor.py:208} INFO - Processing /opt/airflow/dags/ml_forecasting_pipeline_dag.py took 0.122 seconds
[2026-03-06T00:39:03.154+0000] {processor.py:186} INFO - Started process (PID=283) to work on /opt/airflow/dags/ml_forecasting_pipeline_dag.py
[2026-03-06T00:39:03.155+0000] {processor.py:914} INFO - Processing file /opt/airflow/dags/ml_forecasting_pipeline_dag.py for tasks to queue
[2026-03-06T00:39:03.158+0000] {logging_mixin.py:190} INFO - [2026-03-06T00:39:03.158+0000] {dagbag.py:587} INFO - Filling up the DagBag from /opt/airflow/dags/ml_forecasting_pipeline_dag.py
[2026-03-06T00:39:03.190+0000] {processor.py:925} INFO - DAG(s) 'ML_weather_forecast_pipeline' retrieved from /opt/airflow/dags/ml_forecasting_pipeline_dag.py
[2026-03-06T00:39:03.218+0000] {logging_mixin.py:190} INFO - [2026-03-06T00:39:03.217+0000] {dag.py:3229} INFO - Sync 1 DAGs
[2026-03-06T00:39:03.240+0000] {logging_mixin.py:190} INFO - [2026-03-06T00:39:03.240+0000] {dag.py:4156} INFO - Setting next_dagrun for ML_weather_forecast_pipeline to 2026-03-04 02:30:00+00:00, run_after=2026-03-05 02:30:00+00:00
[2026-03-06T00:39:03.260+0000] {processor.py:208} INFO - Processing /opt/airflow/dags/ml_forecasting_pipeline_dag.py took 0.112 seconds
[2026-03-06T00:39:33.765+0000] {processor.py:186} INFO - Started process (PID=299) to work on /opt/airflow/dags/ml_forecasting_pipeline_dag.py
[2026-03-06T00:39:33.768+0000] {processor.py:914} INFO - Processing file /opt/airflow/dags/ml_forecasting_pipeline_dag.py for tasks to queue
[2026-03-06T00:39:33.774+0000] {logging_mixin.py:190} INFO - [2026-03-06T00:39:33.772+0000] {dagbag.py:587} INFO - Filling up the DagBag from /opt/airflow/dags/ml_forecasting_pipeline_dag.py
[2026-03-06T00:39:33.826+0000] {processor.py:925} INFO - DAG(s) 'ML_weather_forecast_pipeline' retrieved from /opt/airflow/dags/ml_forecasting_pipeline_dag.py
[2026-03-06T00:39:33.860+0000] {logging_mixin.py:190} INFO - [2026-03-06T00:39:33.859+0000] {dag.py:3229} INFO - Sync 1 DAGs
[2026-03-06T00:39:33.887+0000] {logging_mixin.py:190} INFO - [2026-03-06T00:39:33.887+0000] {dag.py:4156} INFO - Setting next_dagrun for ML_weather_forecast_pipeline to 2026-03-04 02:30:00+00:00, run_after=2026-03-05 02:30:00+00:00
[2026-03-06T00:39:33.909+0000] {processor.py:208} INFO - Processing /opt/airflow/dags/ml_forecasting_pipeline_dag.py took 0.151 seconds
[2026-03-06T00:40:04.199+0000] {processor.py:186} INFO - Started process (PID=315) to work on /opt/airflow/dags/ml_forecasting_pipeline_dag.py
[2026-03-06T00:40:04.201+0000] {processor.py:914} INFO - Processing file /opt/airflow/dags/ml_forecasting_pipeline_dag.py for tasks to queue
[2026-03-06T00:40:04.204+0000] {logging_mixin.py:190} INFO - [2026-03-06T00:40:04.204+0000] {dagbag.py:587} INFO - Filling up the DagBag from /opt/airflow/dags/ml_forecasting_pipeline_dag.py
[2026-03-06T00:40:04.234+0000] {processor.py:925} INFO - DAG(s) 'ML_weather_forecast_pipeline' retrieved from /opt/airflow/dags/ml_forecasting_pipeline_dag.py
[2026-03-06T00:40:04.262+0000] {logging_mixin.py:190} INFO - [2026-03-06T00:40:04.262+0000] {dag.py:3229} INFO - Sync 1 DAGs
[2026-03-06T00:40:04.285+0000] {logging_mixin.py:190} INFO - [2026-03-06T00:40:04.284+0000] {dag.py:4156} INFO - Setting next_dagrun for ML_weather_forecast_pipeline to 2026-03-04 02:30:00+00:00, run_after=2026-03-05 02:30:00+00:00
[2026-03-06T00:40:04.304+0000] {processor.py:208} INFO - Processing /opt/airflow/dags/ml_forecasting_pipeline_dag.py took 0.110 seconds
[2026-03-06T00:40:34.644+0000] {processor.py:186} INFO - Started process (PID=343) to work on /opt/airflow/dags/ml_forecasting_pipeline_dag.py
[2026-03-06T00:40:34.645+0000] {processor.py:914} INFO - Processing file /opt/airflow/dags/ml_forecasting_pipeline_dag.py for tasks to queue
[2026-03-06T00:40:34.650+0000] {logging_mixin.py:190} INFO - [2026-03-06T00:40:34.650+0000] {dagbag.py:587} INFO - Filling up the DagBag from /opt/airflow/dags/ml_forecasting_pipeline_dag.py
[2026-03-06T00:40:34.680+0000] {processor.py:925} INFO - DAG(s) 'ML_weather_forecast_pipeline' retrieved from /opt/airflow/dags/ml_forecasting_pipeline_dag.py
[2026-03-06T00:40:34.713+0000] {logging_mixin.py:190} INFO - [2026-03-06T00:40:34.712+0000] {dag.py:3229} INFO - Sync 1 DAGs
[2026-03-06T00:40:34.738+0000] {logging_mixin.py:190} INFO - [2026-03-06T00:40:34.738+0000] {dag.py:4156} INFO - Setting next_dagrun for ML_weather_forecast_pipeline to 2026-03-04 02:30:00+00:00, run_after=2026-03-05 02:30:00+00:00
[2026-03-06T00:40:34.762+0000] {processor.py:208} INFO - Processing /opt/airflow/dags/ml_forecasting_pipeline_dag.py took 0.125 seconds
[2026-03-06T00:41:05.074+0000] {processor.py:186} INFO - Started process (PID=359) to work on /opt/airflow/dags/ml_forecasting_pipeline_dag.py
[2026-03-06T00:41:05.075+0000] {processor.py:914} INFO - Processing file /opt/airflow/dags/ml_forecasting_pipeline_dag.py for tasks to queue
[2026-03-06T00:41:05.079+0000] {logging_mixin.py:190} INFO - [2026-03-06T00:41:05.078+0000] {dagbag.py:587} INFO - Filling up the DagBag from /opt/airflow/dags/ml_forecasting_pipeline_dag.py
[2026-03-06T00:41:05.107+0000] {processor.py:925} INFO - DAG(s) 'ML_weather_forecast_pipeline' retrieved from /opt/airflow/dags/ml_forecasting_pipeline_dag.py
[2026-03-06T00:41:05.133+0000] {logging_mixin.py:190} INFO - [2026-03-06T00:41:05.133+0000] {dag.py:3229} INFO - Sync 1 DAGs
[2026-03-06T00:41:05.155+0000] {logging_mixin.py:190} INFO - [2026-03-06T00:41:05.155+0000] {dag.py:4156} INFO - Setting next_dagrun for ML_weather_forecast_pipeline to 2026-03-04 02:30:00+00:00, run_after=2026-03-05 02:30:00+00:00
[2026-03-06T00:41:05.181+0000] {processor.py:208} INFO - Processing /opt/airflow/dags/ml_forecasting_pipeline_dag.py took 0.113 seconds
[2026-03-06T00:41:19.435+0000] {processor.py:186} INFO - Started process (PID=536) to work on /opt/airflow/dags/ml_forecasting_pipeline_dag.py
[2026-03-06T00:41:19.436+0000] {processor.py:914} INFO - Processing file /opt/airflow/dags/ml_forecasting_pipeline_dag.py for tasks to queue
[2026-03-06T00:41:19.441+0000] {logging_mixin.py:190} INFO - [2026-03-06T00:41:19.441+0000] {dagbag.py:587} INFO - Filling up the DagBag from /opt/airflow/dags/ml_forecasting_pipeline_dag.py
[2026-03-06T00:41:19.472+0000] {processor.py:925} INFO - DAG(s) 'ML_weather_forecast_pipeline' retrieved from /opt/airflow/dags/ml_forecasting_pipeline_dag.py
[2026-03-06T00:41:19.505+0000] {logging_mixin.py:190} INFO - [2026-03-06T00:41:19.505+0000] {dag.py:3229} INFO - Sync 1 DAGs
[2026-03-06T00:41:19.528+0000] {logging_mixin.py:190} INFO - [2026-03-06T00:41:19.528+0000] {dag.py:4156} INFO - Setting next_dagrun for ML_weather_forecast_pipeline to 2026-03-04 02:30:00+00:00, run_after=2026-03-05 02:30:00+00:00
[2026-03-06T00:41:19.550+0000] {processor.py:208} INFO - Processing /opt/airflow/dags/ml_forecasting_pipeline_dag.py took 0.122 seconds
[2026-03-06T00:41:35.516+0000] {processor.py:186} INFO - Started process (PID=546) to work on /opt/airflow/dags/ml_forecasting_pipeline_dag.py
[2026-03-06T00:41:35.518+0000] {processor.py:914} INFO - Processing file /opt/airflow/dags/ml_forecasting_pipeline_dag.py for tasks to queue
[2026-03-06T00:41:35.521+0000] {logging_mixin.py:190} INFO - [2026-03-06T00:41:35.520+0000] {dagbag.py:587} INFO - Filling up the DagBag from /opt/airflow/dags/ml_forecasting_pipeline_dag.py
[2026-03-06T00:41:35.552+0000] {processor.py:925} INFO - DAG(s) 'ML_weather_forecast_pipeline' retrieved from /opt/airflow/dags/ml_forecasting_pipeline_dag.py
[2026-03-06T00:41:35.581+0000] {logging_mixin.py:190} INFO - [2026-03-06T00:41:35.581+0000] {dag.py:3229} INFO - Sync 1 DAGs
[2026-03-06T00:41:35.603+0000] {logging_mixin.py:190} INFO - [2026-03-06T00:41:35.603+0000] {dag.py:4156} INFO - Setting next_dagrun for ML_weather_forecast_pipeline to 2026-03-04 02:30:00+00:00, run_after=2026-03-05 02:30:00+00:00
[2026-03-06T00:41:35.627+0000] {processor.py:208} INFO - Processing /opt/airflow/dags/ml_forecasting_pipeline_dag.py took 0.116 seconds
[2026-03-06T00:41:49.944+0000] {processor.py:186} INFO - Started process (PID=562) to work on /opt/airflow/dags/ml_forecasting_pipeline_dag.py
[2026-03-06T00:41:49.946+0000] {processor.py:914} INFO - Processing file /opt/airflow/dags/ml_forecasting_pipeline_dag.py for tasks to queue
[2026-03-06T00:41:49.948+0000] {logging_mixin.py:190} INFO - [2026-03-06T00:41:49.948+0000] {dagbag.py:587} INFO - Filling up the DagBag from /opt/airflow/dags/ml_forecasting_pipeline_dag.py
[2026-03-06T00:41:49.976+0000] {processor.py:925} INFO - DAG(s) 'ML_weather_forecast_pipeline' retrieved from /opt/airflow/dags/ml_forecasting_pipeline_dag.py
[2026-03-06T00:41:50.005+0000] {logging_mixin.py:190} INFO - [2026-03-06T00:41:50.005+0000] {dag.py:3229} INFO - Sync 1 DAGs
[2026-03-06T00:41:50.027+0000] {logging_mixin.py:190} INFO - [2026-03-06T00:41:50.026+0000] {dag.py:4156} INFO - Setting next_dagrun for ML_weather_forecast_pipeline to 2026-03-04 02:30:00+00:00, run_after=2026-03-05 02:30:00+00:00
[2026-03-06T00:41:50.046+0000] {processor.py:208} INFO - Processing /opt/airflow/dags/ml_forecasting_pipeline_dag.py took 0.107 seconds
[2026-03-06T00:42:06.110+0000] {processor.py:186} INFO - Started process (PID=572) to work on /opt/airflow/dags/ml_forecasting_pipeline_dag.py
[2026-03-06T00:42:06.112+0000] {processor.py:914} INFO - Processing file /opt/airflow/dags/ml_forecasting_pipeline_dag.py for tasks to queue
[2026-03-06T00:42:06.118+0000] {logging_mixin.py:190} INFO - [2026-03-06T00:42:06.118+0000] {dagbag.py:587} INFO - Filling up the DagBag from /opt/airflow/dags/ml_forecasting_pipeline_dag.py
[2026-03-06T00:42:06.159+0000] {processor.py:925} INFO - DAG(s) 'ML_weather_forecast_pipeline' retrieved from /opt/airflow/dags/ml_forecasting_pipeline_dag.py
[2026-03-06T00:42:06.187+0000] {logging_mixin.py:190} INFO - [2026-03-06T00:42:06.186+0000] {dag.py:3229} INFO - Sync 1 DAGs
[2026-03-06T00:42:06.208+0000] {logging_mixin.py:190} INFO - [2026-03-06T00:42:06.207+0000] {dag.py:4156} INFO - Setting next_dagrun for ML_weather_forecast_pipeline to 2026-03-04 02:30:00+00:00, run_after=2026-03-05 02:30:00+00:00
[2026-03-06T00:42:06.229+0000] {processor.py:208} INFO - Processing /opt/airflow/dags/ml_forecasting_pipeline_dag.py took 0.135 seconds
[2026-03-06T00:42:36.580+0000] {processor.py:186} INFO - Started process (PID=657) to work on /opt/airflow/dags/ml_forecasting_pipeline_dag.py
[2026-03-06T00:42:36.581+0000] {processor.py:914} INFO - Processing file /opt/airflow/dags/ml_forecasting_pipeline_dag.py for tasks to queue
[2026-03-06T00:42:36.584+0000] {logging_mixin.py:190} INFO - [2026-03-06T00:42:36.583+0000] {dagbag.py:587} INFO - Filling up the DagBag from /opt/airflow/dags/ml_forecasting_pipeline_dag.py
[2026-03-06T00:42:36.611+0000] {processor.py:925} INFO - DAG(s) 'ML_weather_forecast_pipeline' retrieved from /opt/airflow/dags/ml_forecasting_pipeline_dag.py
[2026-03-06T00:42:36.640+0000] {logging_mixin.py:190} INFO - [2026-03-06T00:42:36.639+0000] {dag.py:3229} INFO - Sync 1 DAGs
[2026-03-06T00:42:36.660+0000] {logging_mixin.py:190} INFO - [2026-03-06T00:42:36.660+0000] {dag.py:4156} INFO - Setting next_dagrun for ML_weather_forecast_pipeline to 2026-03-04 02:30:00+00:00, run_after=2026-03-05 02:30:00+00:00
[2026-03-06T00:42:36.680+0000] {processor.py:208} INFO - Processing /opt/airflow/dags/ml_forecasting_pipeline_dag.py took 0.107 seconds
[2026-03-06T00:43:09.652+0000] {processor.py:186} INFO - Started process (PID=190) to work on /opt/airflow/dags/ml_forecasting_pipeline_dag.py
[2026-03-06T00:43:09.654+0000] {processor.py:914} INFO - Processing file /opt/airflow/dags/ml_forecasting_pipeline_dag.py for tasks to queue
[2026-03-06T00:43:09.657+0000] {logging_mixin.py:190} INFO - [2026-03-06T00:43:09.657+0000] {dagbag.py:587} INFO - Filling up the DagBag from /opt/airflow/dags/ml_forecasting_pipeline_dag.py
[2026-03-06T00:43:09.690+0000] {processor.py:925} INFO - DAG(s) 'ML_weather_forecast_pipeline' retrieved from /opt/airflow/dags/ml_forecasting_pipeline_dag.py
[2026-03-06T00:43:09.725+0000] {logging_mixin.py:190} INFO - [2026-03-06T00:43:09.725+0000] {dag.py:3229} INFO - Sync 1 DAGs
[2026-03-06T00:43:09.754+0000] {logging_mixin.py:190} INFO - [2026-03-06T00:43:09.753+0000] {dag.py:4156} INFO - Setting next_dagrun for ML_weather_forecast_pipeline to 2026-03-04 02:30:00+00:00, run_after=2026-03-05 02:30:00+00:00
[2026-03-06T00:43:09.785+0000] {processor.py:208} INFO - Processing /opt/airflow/dags/ml_forecasting_pipeline_dag.py took 0.139 seconds
[2026-03-06T00:43:40.069+0000] {processor.py:186} INFO - Started process (PID=229) to work on /opt/airflow/dags/ml_forecasting_pipeline_dag.py
[2026-03-06T00:43:40.070+0000] {processor.py:914} INFO - Processing file /opt/airflow/dags/ml_forecasting_pipeline_dag.py for tasks to queue
[2026-03-06T00:43:40.073+0000] {logging_mixin.py:190} INFO - [2026-03-06T00:43:40.073+0000] {dagbag.py:587} INFO - Filling up the DagBag from /opt/airflow/dags/ml_forecasting_pipeline_dag.py
[2026-03-06T00:43:40.103+0000] {processor.py:925} INFO - DAG(s) 'ML_weather_forecast_pipeline' retrieved from /opt/airflow/dags/ml_forecasting_pipeline_dag.py
[2026-03-06T00:43:40.136+0000] {logging_mixin.py:190} INFO - [2026-03-06T00:43:40.135+0000] {dag.py:3229} INFO - Sync 1 DAGs
[2026-03-06T00:43:40.158+0000] {logging_mixin.py:190} INFO - [2026-03-06T00:43:40.158+0000] {dag.py:4156} INFO - Setting next_dagrun for ML_weather_forecast_pipeline to 2026-03-04 02:30:00+00:00, run_after=2026-03-05 02:30:00+00:00
[2026-03-06T00:43:40.180+0000] {processor.py:208} INFO - Processing /opt/airflow/dags/ml_forecasting_pipeline_dag.py took 0.123 seconds
[2026-03-06T00:44:10.378+0000] {processor.py:186} INFO - Started process (PID=245) to work on /opt/airflow/dags/ml_forecasting_pipeline_dag.py
[2026-03-06T00:44:10.379+0000] {processor.py:914} INFO - Processing file /opt/airflow/dags/ml_forecasting_pipeline_dag.py for tasks to queue
[2026-03-06T00:44:10.384+0000] {logging_mixin.py:190} INFO - [2026-03-06T00:44:10.383+0000] {dagbag.py:587} INFO - Filling up the DagBag from /opt/airflow/dags/ml_forecasting_pipeline_dag.py
[2026-03-06T00:44:10.419+0000] {processor.py:925} INFO - DAG(s) 'ML_weather_forecast_pipeline' retrieved from /opt/airflow/dags/ml_forecasting_pipeline_dag.py
[2026-03-06T00:44:10.450+0000] {logging_mixin.py:190} INFO - [2026-03-06T00:44:10.450+0000] {dag.py:3229} INFO - Sync 1 DAGs
[2026-03-06T00:44:10.473+0000] {logging_mixin.py:190} INFO - [2026-03-06T00:44:10.473+0000] {dag.py:4156} INFO - Setting next_dagrun for ML_weather_forecast_pipeline to 2026-03-04 02:30:00+00:00, run_after=2026-03-05 02:30:00+00:00
[2026-03-06T00:44:10.494+0000] {processor.py:208} INFO - Processing /opt/airflow/dags/ml_forecasting_pipeline_dag.py took 0.123 seconds
[2026-03-06T00:44:40.757+0000] {processor.py:186} INFO - Started process (PID=261) to work on /opt/airflow/dags/ml_forecasting_pipeline_dag.py
[2026-03-06T00:44:40.758+0000] {processor.py:914} INFO - Processing file /opt/airflow/dags/ml_forecasting_pipeline_dag.py for tasks to queue
[2026-03-06T00:44:40.761+0000] {logging_mixin.py:190} INFO - [2026-03-06T00:44:40.760+0000] {dagbag.py:587} INFO - Filling up the DagBag from /opt/airflow/dags/ml_forecasting_pipeline_dag.py
[2026-03-06T00:44:40.787+0000] {processor.py:925} INFO - DAG(s) 'ML_weather_forecast_pipeline' retrieved from /opt/airflow/dags/ml_forecasting_pipeline_dag.py
[2026-03-06T00:44:40.817+0000] {logging_mixin.py:190} INFO - [2026-03-06T00:44:40.816+0000] {dag.py:3229} INFO - Sync 1 DAGs
[2026-03-06T00:44:40.839+0000] {logging_mixin.py:190} INFO - [2026-03-06T00:44:40.839+0000] {dag.py:4156} INFO - Setting next_dagrun for ML_weather_forecast_pipeline to 2026-03-04 02:30:00+00:00, run_after=2026-03-05 02:30:00+00:00
[2026-03-06T00:44:40.860+0000] {processor.py:208} INFO - Processing /opt/airflow/dags/ml_forecasting_pipeline_dag.py took 0.108 seconds
[2026-03-06T00:45:11.161+0000] {processor.py:186} INFO - Started process (PID=277) to work on /opt/airflow/dags/ml_forecasting_pipeline_dag.py
[2026-03-06T00:45:11.163+0000] {processor.py:914} INFO - Processing file /opt/airflow/dags/ml_forecasting_pipeline_dag.py for tasks to queue
[2026-03-06T00:45:11.165+0000] {logging_mixin.py:190} INFO - [2026-03-06T00:45:11.165+0000] {dagbag.py:587} INFO - Filling up the DagBag from /opt/airflow/dags/ml_forecasting_pipeline_dag.py
[2026-03-06T00:45:11.196+0000] {processor.py:925} INFO - DAG(s) 'ML_weather_forecast_pipeline' retrieved from /opt/airflow/dags/ml_forecasting_pipeline_dag.py
[2026-03-06T00:45:11.230+0000] {logging_mixin.py:190} INFO - [2026-03-06T00:45:11.230+0000] {dag.py:3229} INFO - Sync 1 DAGs
[2026-03-06T00:45:11.254+0000] {logging_mixin.py:190} INFO - [2026-03-06T00:45:11.254+0000] {dag.py:4156} INFO - Setting next_dagrun for ML_weather_forecast_pipeline to 2026-03-04 02:30:00+00:00, run_after=2026-03-05 02:30:00+00:00
[2026-03-06T00:45:11.283+0000] {processor.py:208} INFO - Processing /opt/airflow/dags/ml_forecasting_pipeline_dag.py took 0.127 seconds
[2026-03-06T00:45:41.667+0000] {processor.py:186} INFO - Started process (PID=293) to work on /opt/airflow/dags/ml_forecasting_pipeline_dag.py
[2026-03-06T00:45:41.668+0000] {processor.py:914} INFO - Processing file /opt/airflow/dags/ml_forecasting_pipeline_dag.py for tasks to queue
[2026-03-06T00:45:41.670+0000] {logging_mixin.py:190} INFO - [2026-03-06T00:45:41.670+0000] {dagbag.py:587} INFO - Filling up the DagBag from /opt/airflow/dags/ml_forecasting_pipeline_dag.py
[2026-03-06T00:45:41.698+0000] {processor.py:925} INFO - DAG(s) 'ML_weather_forecast_pipeline' retrieved from /opt/airflow/dags/ml_forecasting_pipeline_dag.py
[2026-03-06T00:45:41.725+0000] {logging_mixin.py:190} INFO - [2026-03-06T00:45:41.725+0000] {dag.py:3229} INFO - Sync 1 DAGs
[2026-03-06T00:45:41.747+0000] {logging_mixin.py:190} INFO - [2026-03-06T00:45:41.747+0000] {dag.py:4156} INFO - Setting next_dagrun for ML_weather_forecast_pipeline to 2026-03-04 02:30:00+00:00, run_after=2026-03-05 02:30:00+00:00
[2026-03-06T00:45:41.770+0000] {processor.py:208} INFO - Processing /opt/airflow/dags/ml_forecasting_pipeline_dag.py took 0.109 seconds
[2026-03-06T00:46:12.142+0000] {processor.py:186} INFO - Started process (PID=309) to work on /opt/airflow/dags/ml_forecasting_pipeline_dag.py
[2026-03-06T00:46:12.143+0000] {processor.py:914} INFO - Processing file /opt/airflow/dags/ml_forecasting_pipeline_dag.py for tasks to queue
[2026-03-06T00:46:12.146+0000] {logging_mixin.py:190} INFO - [2026-03-06T00:46:12.146+0000] {dagbag.py:587} INFO - Filling up the DagBag from /opt/airflow/dags/ml_forecasting_pipeline_dag.py
[2026-03-06T00:46:12.181+0000] {processor.py:925} INFO - DAG(s) 'ML_weather_forecast_pipeline' retrieved from /opt/airflow/dags/ml_forecasting_pipeline_dag.py
[2026-03-06T00:46:12.213+0000] {logging_mixin.py:190} INFO - [2026-03-06T00:46:12.212+0000] {dag.py:3229} INFO - Sync 1 DAGs
[2026-03-06T00:46:12.235+0000] {logging_mixin.py:190} INFO - [2026-03-06T00:46:12.235+0000] {dag.py:4156} INFO - Setting next_dagrun for ML_weather_forecast_pipeline to 2026-03-04 02:30:00+00:00, run_after=2026-03-05 02:30:00+00:00
[2026-03-06T00:46:12.255+0000] {processor.py:208} INFO - Processing /opt/airflow/dags/ml_forecasting_pipeline_dag.py took 0.118 seconds
[2026-03-06T00:46:42.650+0000] {processor.py:186} INFO - Started process (PID=326) to work on /opt/airflow/dags/ml_forecasting_pipeline_dag.py
[2026-03-06T00:46:42.652+0000] {processor.py:914} INFO - Processing file /opt/airflow/dags/ml_forecasting_pipeline_dag.py for tasks to queue
[2026-03-06T00:46:42.655+0000] {logging_mixin.py:190} INFO - [2026-03-06T00:46:42.655+0000] {dagbag.py:587} INFO - Filling up the DagBag from /opt/airflow/dags/ml_forecasting_pipeline_dag.py
[2026-03-06T00:46:42.707+0000] {processor.py:925} INFO - DAG(s) 'ML_weather_forecast_pipeline' retrieved from /opt/airflow/dags/ml_forecasting_pipeline_dag.py
[2026-03-06T00:46:42.751+0000] {logging_mixin.py:190} INFO - [2026-03-06T00:46:42.750+0000] {dag.py:3229} INFO - Sync 1 DAGs
[2026-03-06T00:46:42.787+0000] {logging_mixin.py:190} INFO - [2026-03-06T00:46:42.787+0000] {dag.py:4156} INFO - Setting next_dagrun for ML_weather_forecast_pipeline to 2026-03-04 02:30:00+00:00, run_after=2026-03-05 02:30:00+00:00
[2026-03-06T00:46:42.817+0000] {processor.py:208} INFO - Processing /opt/airflow/dags/ml_forecasting_pipeline_dag.py took 0.178 seconds
[2026-03-06T00:47:13.139+0000] {processor.py:186} INFO - Started process (PID=342) to work on /opt/airflow/dags/ml_forecasting_pipeline_dag.py
[2026-03-06T00:47:13.140+0000] {processor.py:914} INFO - Processing file /opt/airflow/dags/ml_forecasting_pipeline_dag.py for tasks to queue
[2026-03-06T00:47:13.143+0000] {logging_mixin.py:190} INFO - [2026-03-06T00:47:13.143+0000] {dagbag.py:587} INFO - Filling up the DagBag from /opt/airflow/dags/ml_forecasting_pipeline_dag.py
[2026-03-06T00:47:13.175+0000] {processor.py:925} INFO - DAG(s) 'ML_weather_forecast_pipeline' retrieved from /opt/airflow/dags/ml_forecasting_pipeline_dag.py
[2026-03-06T00:47:13.205+0000] {logging_mixin.py:190} INFO - [2026-03-06T00:47:13.205+0000] {dag.py:3229} INFO - Sync 1 DAGs
[2026-03-06T00:47:13.227+0000] {logging_mixin.py:190} INFO - [2026-03-06T00:47:13.227+0000] {dag.py:4156} INFO - Setting next_dagrun for ML_weather_forecast_pipeline to 2026-03-04 02:30:00+00:00, run_after=2026-03-05 02:30:00+00:00
[2026-03-06T00:47:13.249+0000] {processor.py:208} INFO - Processing /opt/airflow/dags/ml_forecasting_pipeline_dag.py took 0.116 seconds
[2026-03-06T00:47:43.624+0000] {processor.py:186} INFO - Started process (PID=358) to work on /opt/airflow/dags/ml_forecasting_pipeline_dag.py
[2026-03-06T00:47:43.626+0000] {processor.py:914} INFO - Processing file /opt/airflow/dags/ml_forecasting_pipeline_dag.py for tasks to queue
[2026-03-06T00:47:43.630+0000] {logging_mixin.py:190} INFO - [2026-03-06T00:47:43.630+0000] {dagbag.py:587} INFO - Filling up the DagBag from /opt/airflow/dags/ml_forecasting_pipeline_dag.py
[2026-03-06T00:47:43.660+0000] {processor.py:925} INFO - DAG(s) 'ML_weather_forecast_pipeline' retrieved from /opt/airflow/dags/ml_forecasting_pipeline_dag.py
[2026-03-06T00:47:43.690+0000] {logging_mixin.py:190} INFO - [2026-03-06T00:47:43.690+0000] {dag.py:3229} INFO - Sync 1 DAGs
[2026-03-06T00:47:43.714+0000] {logging_mixin.py:190} INFO - [2026-03-06T00:47:43.714+0000] {dag.py:4156} INFO - Setting next_dagrun for ML_weather_forecast_pipeline to 2026-03-04 02:30:00+00:00, run_after=2026-03-05 02:30:00+00:00
[2026-03-06T00:47:43.734+0000] {processor.py:208} INFO - Processing /opt/airflow/dags/ml_forecasting_pipeline_dag.py took 0.116 seconds
[2026-03-06T00:48:13.939+0000] {processor.py:186} INFO - Started process (PID=374) to work on /opt/airflow/dags/ml_forecasting_pipeline_dag.py
[2026-03-06T00:48:13.941+0000] {processor.py:914} INFO - Processing file /opt/airflow/dags/ml_forecasting_pipeline_dag.py for tasks to queue
[2026-03-06T00:48:13.943+0000] {logging_mixin.py:190} INFO - [2026-03-06T00:48:13.943+0000] {dagbag.py:587} INFO - Filling up the DagBag from /opt/airflow/dags/ml_forecasting_pipeline_dag.py
[2026-03-06T00:48:13.972+0000] {processor.py:925} INFO - DAG(s) 'ML_weather_forecast_pipeline' retrieved from /opt/airflow/dags/ml_forecasting_pipeline_dag.py
[2026-03-06T00:48:14.008+0000] {logging_mixin.py:190} INFO - [2026-03-06T00:48:14.008+0000] {dag.py:3229} INFO - Sync 1 DAGs
[2026-03-06T00:48:14.031+0000] {logging_mixin.py:190} INFO - [2026-03-06T00:48:14.030+0000] {dag.py:4156} INFO - Setting next_dagrun for ML_weather_forecast_pipeline to 2026-03-04 02:30:00+00:00, run_after=2026-03-05 02:30:00+00:00
[2026-03-06T00:48:14.052+0000] {processor.py:208} INFO - Processing /opt/airflow/dags/ml_forecasting_pipeline_dag.py took 0.118 seconds
[2026-03-06T00:48:44.324+0000] {processor.py:186} INFO - Started process (PID=390) to work on /opt/airflow/dags/ml_forecasting_pipeline_dag.py
[2026-03-06T00:48:44.325+0000] {processor.py:914} INFO - Processing file /opt/airflow/dags/ml_forecasting_pipeline_dag.py for tasks to queue
[2026-03-06T00:48:44.328+0000] {logging_mixin.py:190} INFO - [2026-03-06T00:48:44.328+0000] {dagbag.py:587} INFO - Filling up the DagBag from /opt/airflow/dags/ml_forecasting_pipeline_dag.py
[2026-03-06T00:48:44.356+0000] {processor.py:925} INFO - DAG(s) 'ML_weather_forecast_pipeline' retrieved from /opt/airflow/dags/ml_forecasting_pipeline_dag.py
[2026-03-06T00:48:44.386+0000] {logging_mixin.py:190} INFO - [2026-03-06T00:48:44.386+0000] {dag.py:3229} INFO - Sync 1 DAGs
[2026-03-06T00:48:44.409+0000] {logging_mixin.py:190} INFO - [2026-03-06T00:48:44.409+0000] {dag.py:4156} INFO - Setting next_dagrun for ML_weather_forecast_pipeline to 2026-03-04 02:30:00+00:00, run_after=2026-03-05 02:30:00+00:00
[2026-03-06T00:48:44.436+0000] {processor.py:208} INFO - Processing /opt/airflow/dags/ml_forecasting_pipeline_dag.py took 0.117 seconds
[2026-03-06T00:49:14.765+0000] {processor.py:186} INFO - Started process (PID=406) to work on /opt/airflow/dags/ml_forecasting_pipeline_dag.py
[2026-03-06T00:49:14.767+0000] {processor.py:914} INFO - Processing file /opt/airflow/dags/ml_forecasting_pipeline_dag.py for tasks to queue
[2026-03-06T00:49:14.770+0000] {logging_mixin.py:190} INFO - [2026-03-06T00:49:14.770+0000] {dagbag.py:587} INFO - Filling up the DagBag from /opt/airflow/dags/ml_forecasting_pipeline_dag.py
[2026-03-06T00:49:14.802+0000] {processor.py:925} INFO - DAG(s) 'ML_weather_forecast_pipeline' retrieved from /opt/airflow/dags/ml_forecasting_pipeline_dag.py
[2026-03-06T00:49:14.832+0000] {logging_mixin.py:190} INFO - [2026-03-06T00:49:14.832+0000] {dag.py:3229} INFO - Sync 1 DAGs
[2026-03-06T00:49:14.854+0000] {logging_mixin.py:190} INFO - [2026-03-06T00:49:14.854+0000] {dag.py:4156} INFO - Setting next_dagrun for ML_weather_forecast_pipeline to 2026-03-04 02:30:00+00:00, run_after=2026-03-05 02:30:00+00:00
[2026-03-06T00:49:14.883+0000] {processor.py:208} INFO - Processing /opt/airflow/dags/ml_forecasting_pipeline_dag.py took 0.125 seconds
[2026-03-06T00:49:45.117+0000] {processor.py:186} INFO - Started process (PID=422) to work on /opt/airflow/dags/ml_forecasting_pipeline_dag.py
[2026-03-06T00:49:45.118+0000] {processor.py:914} INFO - Processing file /opt/airflow/dags/ml_forecasting_pipeline_dag.py for tasks to queue
[2026-03-06T00:49:45.121+0000] {logging_mixin.py:190} INFO - [2026-03-06T00:49:45.121+0000] {dagbag.py:587} INFO - Filling up the DagBag from /opt/airflow/dags/ml_forecasting_pipeline_dag.py
[2026-03-06T00:49:45.151+0000] {processor.py:925} INFO - DAG(s) 'ML_weather_forecast_pipeline' retrieved from /opt/airflow/dags/ml_forecasting_pipeline_dag.py
[2026-03-06T00:49:45.183+0000] {logging_mixin.py:190} INFO - [2026-03-06T00:49:45.183+0000] {dag.py:3229} INFO - Sync 1 DAGs
[2026-03-06T00:49:45.210+0000] {logging_mixin.py:190} INFO - [2026-03-06T00:49:45.209+0000] {dag.py:4156} INFO - Setting next_dagrun for ML_weather_forecast_pipeline to 2026-03-04 02:30:00+00:00, run_after=2026-03-05 02:30:00+00:00
[2026-03-06T00:49:45.231+0000] {processor.py:208} INFO - Processing /opt/airflow/dags/ml_forecasting_pipeline_dag.py took 0.120 seconds
[2026-03-06T00:50:15.545+0000] {processor.py:186} INFO - Started process (PID=438) to work on /opt/airflow/dags/ml_forecasting_pipeline_dag.py
[2026-03-06T00:50:15.546+0000] {processor.py:914} INFO - Processing file /opt/airflow/dags/ml_forecasting_pipeline_dag.py for tasks to queue
[2026-03-06T00:50:15.550+0000] {logging_mixin.py:190} INFO - [2026-03-06T00:50:15.549+0000] {dagbag.py:587} INFO - Filling up the DagBag from /opt/airflow/dags/ml_forecasting_pipeline_dag.py
[2026-03-06T00:50:15.580+0000] {processor.py:925} INFO - DAG(s) 'ML_weather_forecast_pipeline' retrieved from /opt/airflow/dags/ml_forecasting_pipeline_dag.py
[2026-03-06T00:50:15.609+0000] {logging_mixin.py:190} INFO - [2026-03-06T00:50:15.608+0000] {dag.py:3229} INFO - Sync 1 DAGs
[2026-03-06T00:50:15.633+0000] {logging_mixin.py:190} INFO - [2026-03-06T00:50:15.633+0000] {dag.py:4156} INFO - Setting next_dagrun for ML_weather_forecast_pipeline to 2026-03-04 02:30:00+00:00, run_after=2026-03-05 02:30:00+00:00
[2026-03-06T00:50:15.658+0000] {processor.py:208} INFO - Processing /opt/airflow/dags/ml_forecasting_pipeline_dag.py took 0.122 seconds
[2026-03-06T00:50:45.911+0000] {processor.py:186} INFO - Started process (PID=454) to work on /opt/airflow/dags/ml_forecasting_pipeline_dag.py
[2026-03-06T00:50:45.913+0000] {processor.py:914} INFO - Processing file /opt/airflow/dags/ml_forecasting_pipeline_dag.py for tasks to queue
[2026-03-06T00:50:45.917+0000] {logging_mixin.py:190} INFO - [2026-03-06T00:50:45.917+0000] {dagbag.py:587} INFO - Filling up the DagBag from /opt/airflow/dags/ml_forecasting_pipeline_dag.py
[2026-03-06T00:50:45.953+0000] {processor.py:925} INFO - DAG(s) 'ML_weather_forecast_pipeline' retrieved from /opt/airflow/dags/ml_forecasting_pipeline_dag.py
[2026-03-06T00:50:45.986+0000] {logging_mixin.py:190} INFO - [2026-03-06T00:50:45.986+0000] {dag.py:3229} INFO - Sync 1 DAGs
[2026-03-06T00:50:46.020+0000] {logging_mixin.py:190} INFO - [2026-03-06T00:50:46.020+0000] {dag.py:4156} INFO - Setting next_dagrun for ML_weather_forecast_pipeline to 2026-03-04 02:30:00+00:00, run_after=2026-03-05 02:30:00+00:00
[2026-03-06T00:50:46.049+0000] {processor.py:208} INFO - Processing /opt/airflow/dags/ml_forecasting_pipeline_dag.py took 0.146 seconds
[2026-03-06T00:51:16.247+0000] {processor.py:186} INFO - Started process (PID=470) to work on /opt/airflow/dags/ml_forecasting_pipeline_dag.py
[2026-03-06T00:51:16.248+0000] {processor.py:914} INFO - Processing file /opt/airflow/dags/ml_forecasting_pipeline_dag.py for tasks to queue
[2026-03-06T00:51:16.252+0000] {logging_mixin.py:190} INFO - [2026-03-06T00:51:16.251+0000] {dagbag.py:587} INFO - Filling up the DagBag from /opt/airflow/dags/ml_forecasting_pipeline_dag.py
[2026-03-06T00:51:16.282+0000] {processor.py:925} INFO - DAG(s) 'ML_weather_forecast_pipeline' retrieved from /opt/airflow/dags/ml_forecasting_pipeline_dag.py
[2026-03-06T00:51:16.316+0000] {logging_mixin.py:190} INFO - [2026-03-06T00:51:16.316+0000] {dag.py:3229} INFO - Sync 1 DAGs
[2026-03-06T00:51:16.339+0000] {logging_mixin.py:190} INFO - [2026-03-06T00:51:16.339+0000] {dag.py:4156} INFO - Setting next_dagrun for ML_weather_forecast_pipeline to 2026-03-04 02:30:00+00:00, run_after=2026-03-05 02:30:00+00:00
[2026-03-06T00:51:16.361+0000] {processor.py:208} INFO - Processing /opt/airflow/dags/ml_forecasting_pipeline_dag.py took 0.119 seconds
[2026-03-06T00:51:46.843+0000] {processor.py:186} INFO - Started process (PID=486) to work on /opt/airflow/dags/ml_forecasting_pipeline_dag.py
[2026-03-06T00:51:46.844+0000] {processor.py:914} INFO - Processing file /opt/airflow/dags/ml_forecasting_pipeline_dag.py for tasks to queue
[2026-03-06T00:51:46.848+0000] {logging_mixin.py:190} INFO - [2026-03-06T00:51:46.847+0000] {dagbag.py:587} INFO - Filling up the DagBag from /opt/airflow/dags/ml_forecasting_pipeline_dag.py
[2026-03-06T00:51:46.878+0000] {processor.py:925} INFO - DAG(s) 'ML_weather_forecast_pipeline' retrieved from /opt/airflow/dags/ml_forecasting_pipeline_dag.py
[2026-03-06T00:51:46.902+0000] {logging_mixin.py:190} INFO - [2026-03-06T00:51:46.902+0000] {dag.py:3229} INFO - Sync 1 DAGs
[2026-03-06T00:51:46.922+0000] {logging_mixin.py:190} INFO - [2026-03-06T00:51:46.922+0000] {dag.py:4156} INFO - Setting next_dagrun for ML_weather_forecast_pipeline to 2026-03-04 02:30:00+00:00, run_after=2026-03-05 02:30:00+00:00
[2026-03-06T00:51:46.942+0000] {processor.py:208} INFO - Processing /opt/airflow/dags/ml_forecasting_pipeline_dag.py took 0.104 seconds
[2026-03-06T00:52:17.455+0000] {processor.py:186} INFO - Started process (PID=502) to work on /opt/airflow/dags/ml_forecasting_pipeline_dag.py
[2026-03-06T00:52:17.458+0000] {processor.py:914} INFO - Processing file /opt/airflow/dags/ml_forecasting_pipeline_dag.py for tasks to queue
[2026-03-06T00:52:17.465+0000] {logging_mixin.py:190} INFO - [2026-03-06T00:52:17.464+0000] {dagbag.py:587} INFO - Filling up the DagBag from /opt/airflow/dags/ml_forecasting_pipeline_dag.py
[2026-03-06T00:52:17.503+0000] {processor.py:925} INFO - DAG(s) 'ML_weather_forecast_pipeline' retrieved from /opt/airflow/dags/ml_forecasting_pipeline_dag.py
[2026-03-06T00:52:17.538+0000] {logging_mixin.py:190} INFO - [2026-03-06T00:52:17.538+0000] {dag.py:3229} INFO - Sync 1 DAGs
[2026-03-06T00:52:17.562+0000] {logging_mixin.py:190} INFO - [2026-03-06T00:52:17.561+0000] {dag.py:4156} INFO - Setting next_dagrun for ML_weather_forecast_pipeline to 2026-03-04 02:30:00+00:00, run_after=2026-03-05 02:30:00+00:00
[2026-03-06T00:52:17.586+0000] {processor.py:208} INFO - Processing /opt/airflow/dags/ml_forecasting_pipeline_dag.py took 0.150 seconds
[2026-03-06T00:52:47.867+0000] {processor.py:186} INFO - Started process (PID=519) to work on /opt/airflow/dags/ml_forecasting_pipeline_dag.py
[2026-03-06T00:52:47.868+0000] {processor.py:914} INFO - Processing file /opt/airflow/dags/ml_forecasting_pipeline_dag.py for tasks to queue
[2026-03-06T00:52:47.871+0000] {logging_mixin.py:190} INFO - [2026-03-06T00:52:47.871+0000] {dagbag.py:587} INFO - Filling up the DagBag from /opt/airflow/dags/ml_forecasting_pipeline_dag.py
[2026-03-06T00:52:47.899+0000] {processor.py:925} INFO - DAG(s) 'ML_weather_forecast_pipeline' retrieved from /opt/airflow/dags/ml_forecasting_pipeline_dag.py
[2026-03-06T00:52:47.926+0000] {logging_mixin.py:190} INFO - [2026-03-06T00:52:47.926+0000] {dag.py:3229} INFO - Sync 1 DAGs
[2026-03-06T00:52:47.950+0000] {logging_mixin.py:190} INFO - [2026-03-06T00:52:47.950+0000] {dag.py:4156} INFO - Setting next_dagrun for ML_weather_forecast_pipeline to 2026-03-04 02:30:00+00:00, run_after=2026-03-05 02:30:00+00:00
[2026-03-06T00:52:47.968+0000] {processor.py:208} INFO - Processing /opt/airflow/dags/ml_forecasting_pipeline_dag.py took 0.107 seconds
[2026-03-06T00:53:18.499+0000] {processor.py:186} INFO - Started process (PID=535) to work on /opt/airflow/dags/ml_forecasting_pipeline_dag.py
[2026-03-06T00:53:18.505+0000] {processor.py:914} INFO - Processing file /opt/airflow/dags/ml_forecasting_pipeline_dag.py for tasks to queue
[2026-03-06T00:53:18.517+0000] {logging_mixin.py:190} INFO - [2026-03-06T00:53:18.516+0000] {dagbag.py:587} INFO - Filling up the DagBag from /opt/airflow/dags/ml_forecasting_pipeline_dag.py
[2026-03-06T00:53:18.558+0000] {processor.py:925} INFO - DAG(s) 'ML_weather_forecast_pipeline' retrieved from /opt/airflow/dags/ml_forecasting_pipeline_dag.py
[2026-03-06T00:53:18.644+0000] {logging_mixin.py:190} INFO - [2026-03-06T00:53:18.641+0000] {dag.py:3229} INFO - Sync 1 DAGs
[2026-03-06T00:53:18.674+0000] {logging_mixin.py:190} INFO - [2026-03-06T00:53:18.674+0000] {dag.py:4156} INFO - Setting next_dagrun for ML_weather_forecast_pipeline to 2026-03-04 02:30:00+00:00, run_after=2026-03-05 02:30:00+00:00
[2026-03-06T00:53:18.703+0000] {processor.py:208} INFO - Processing /opt/airflow/dags/ml_forecasting_pipeline_dag.py took 0.236 seconds
[2026-03-06T00:53:48.968+0000] {processor.py:186} INFO - Started process (PID=552) to work on /opt/airflow/dags/ml_forecasting_pipeline_dag.py
[2026-03-06T00:53:48.970+0000] {processor.py:914} INFO - Processing file /opt/airflow/dags/ml_forecasting_pipeline_dag.py for tasks to queue
[2026-03-06T00:53:48.977+0000] {logging_mixin.py:190} INFO - [2026-03-06T00:53:48.977+0000] {dagbag.py:587} INFO - Filling up the DagBag from /opt/airflow/dags/ml_forecasting_pipeline_dag.py
[2026-03-06T00:53:49.016+0000] {processor.py:925} INFO - DAG(s) 'ML_weather_forecast_pipeline' retrieved from /opt/airflow/dags/ml_forecasting_pipeline_dag.py
[2026-03-06T00:53:49.048+0000] {logging_mixin.py:190} INFO - [2026-03-06T00:53:49.047+0000] {dag.py:3229} INFO - Sync 1 DAGs
[2026-03-06T00:53:49.072+0000] {logging_mixin.py:190} INFO - [2026-03-06T00:53:49.072+0000] {dag.py:4156} INFO - Setting next_dagrun for ML_weather_forecast_pipeline to 2026-03-04 02:30:00+00:00, run_after=2026-03-05 02:30:00+00:00
[2026-03-06T00:53:49.094+0000] {processor.py:208} INFO - Processing /opt/airflow/dags/ml_forecasting_pipeline_dag.py took 0.133 seconds
[2026-03-06T00:54:19.538+0000] {processor.py:186} INFO - Started process (PID=568) to work on /opt/airflow/dags/ml_forecasting_pipeline_dag.py
[2026-03-06T00:54:19.541+0000] {processor.py:914} INFO - Processing file /opt/airflow/dags/ml_forecasting_pipeline_dag.py for tasks to queue
[2026-03-06T00:54:19.545+0000] {logging_mixin.py:190} INFO - [2026-03-06T00:54:19.544+0000] {dagbag.py:587} INFO - Filling up the DagBag from /opt/airflow/dags/ml_forecasting_pipeline_dag.py
[2026-03-06T00:54:19.579+0000] {processor.py:925} INFO - DAG(s) 'ML_weather_forecast_pipeline' retrieved from /opt/airflow/dags/ml_forecasting_pipeline_dag.py
[2026-03-06T00:54:19.610+0000] {logging_mixin.py:190} INFO - [2026-03-06T00:54:19.610+0000] {dag.py:3229} INFO - Sync 1 DAGs
[2026-03-06T00:54:19.634+0000] {logging_mixin.py:190} INFO - [2026-03-06T00:54:19.633+0000] {dag.py:4156} INFO - Setting next_dagrun for ML_weather_forecast_pipeline to 2026-03-04 02:30:00+00:00, run_after=2026-03-05 02:30:00+00:00
[2026-03-06T00:54:19.662+0000] {processor.py:208} INFO - Processing /opt/airflow/dags/ml_forecasting_pipeline_dag.py took 0.135 seconds
[2026-03-06T00:54:49.909+0000] {processor.py:186} INFO - Started process (PID=584) to work on /opt/airflow/dags/ml_forecasting_pipeline_dag.py
[2026-03-06T00:54:49.911+0000] {processor.py:914} INFO - Processing file /opt/airflow/dags/ml_forecasting_pipeline_dag.py for tasks to queue
[2026-03-06T00:54:49.914+0000] {logging_mixin.py:190} INFO - [2026-03-06T00:54:49.913+0000] {dagbag.py:587} INFO - Filling up the DagBag from /opt/airflow/dags/ml_forecasting_pipeline_dag.py
[2026-03-06T00:54:49.944+0000] {processor.py:925} INFO - DAG(s) 'ML_weather_forecast_pipeline' retrieved from /opt/airflow/dags/ml_forecasting_pipeline_dag.py
[2026-03-06T00:54:49.972+0000] {logging_mixin.py:190} INFO - [2026-03-06T00:54:49.972+0000] {dag.py:3229} INFO - Sync 1 DAGs
[2026-03-06T00:54:49.993+0000] {logging_mixin.py:190} INFO - [2026-03-06T00:54:49.993+0000] {dag.py:4156} INFO - Setting next_dagrun for ML_weather_forecast_pipeline to 2026-03-04 02:30:00+00:00, run_after=2026-03-05 02:30:00+00:00
[2026-03-06T00:54:50.013+0000] {processor.py:208} INFO - Processing /opt/airflow/dags/ml_forecasting_pipeline_dag.py took 0.110 seconds
[2026-03-06T00:55:20.398+0000] {processor.py:186} INFO - Started process (PID=600) to work on /opt/airflow/dags/ml_forecasting_pipeline_dag.py
[2026-03-06T00:55:20.399+0000] {processor.py:914} INFO - Processing file /opt/airflow/dags/ml_forecasting_pipeline_dag.py for tasks to queue
[2026-03-06T00:55:20.401+0000] {logging_mixin.py:190} INFO - [2026-03-06T00:55:20.401+0000] {dagbag.py:587} INFO - Filling up the DagBag from /opt/airflow/dags/ml_forecasting_pipeline_dag.py
[2026-03-06T00:55:20.433+0000] {processor.py:925} INFO - DAG(s) 'ML_weather_forecast_pipeline' retrieved from /opt/airflow/dags/ml_forecasting_pipeline_dag.py
[2026-03-06T00:55:20.461+0000] {logging_mixin.py:190} INFO - [2026-03-06T00:55:20.461+0000] {dag.py:3229} INFO - Sync 1 DAGs
[2026-03-06T00:55:20.486+0000] {logging_mixin.py:190} INFO - [2026-03-06T00:55:20.486+0000] {dag.py:4156} INFO - Setting next_dagrun for ML_weather_forecast_pipeline to 2026-03-04 02:30:00+00:00, run_after=2026-03-05 02:30:00+00:00
[2026-03-06T00:55:20.510+0000] {processor.py:208} INFO - Processing /opt/airflow/dags/ml_forecasting_pipeline_dag.py took 0.117 seconds
[2026-03-06T00:55:50.778+0000] {processor.py:186} INFO - Started process (PID=615) to work on /opt/airflow/dags/ml_forecasting_pipeline_dag.py
[2026-03-06T00:55:50.779+0000] {processor.py:914} INFO - Processing file /opt/airflow/dags/ml_forecasting_pipeline_dag.py for tasks to queue
[2026-03-06T00:55:50.782+0000] {logging_mixin.py:190} INFO - [2026-03-06T00:55:50.781+0000] {dagbag.py:587} INFO - Filling up the DagBag from /opt/airflow/dags/ml_forecasting_pipeline_dag.py
[2026-03-06T00:55:50.810+0000] {processor.py:925} INFO - DAG(s) 'ML_weather_forecast_pipeline' retrieved from /opt/airflow/dags/ml_forecasting_pipeline_dag.py
[2026-03-06T00:55:50.842+0000] {logging_mixin.py:190} INFO - [2026-03-06T00:55:50.841+0000] {dag.py:3229} INFO - Sync 1 DAGs
[2026-03-06T00:55:50.866+0000] {logging_mixin.py:190} INFO - [2026-03-06T00:55:50.865+0000] {dag.py:4156} INFO - Setting next_dagrun for ML_weather_forecast_pipeline to 2026-03-04 02:30:00+00:00, run_after=2026-03-05 02:30:00+00:00
[2026-03-06T00:55:50.886+0000] {processor.py:208} INFO - Processing /opt/airflow/dags/ml_forecasting_pipeline_dag.py took 0.113 seconds
[2026-03-06T00:56:21.182+0000] {processor.py:186} INFO - Started process (PID=631) to work on /opt/airflow/dags/ml_forecasting_pipeline_dag.py
[2026-03-06T00:56:21.183+0000] {processor.py:914} INFO - Processing file /opt/airflow/dags/ml_forecasting_pipeline_dag.py for tasks to queue
[2026-03-06T00:56:21.186+0000] {logging_mixin.py:190} INFO - [2026-03-06T00:56:21.185+0000] {dagbag.py:587} INFO - Filling up the DagBag from /opt/airflow/dags/ml_forecasting_pipeline_dag.py
[2026-03-06T00:56:21.220+0000] {processor.py:925} INFO - DAG(s) 'ML_weather_forecast_pipeline' retrieved from /opt/airflow/dags/ml_forecasting_pipeline_dag.py
[2026-03-06T00:56:21.248+0000] {logging_mixin.py:190} INFO - [2026-03-06T00:56:21.248+0000] {dag.py:3229} INFO - Sync 1 DAGs
[2026-03-06T00:56:21.270+0000] {logging_mixin.py:190} INFO - [2026-03-06T00:56:21.270+0000] {dag.py:4156} INFO - Setting next_dagrun for ML_weather_forecast_pipeline to 2026-03-04 02:30:00+00:00, run_after=2026-03-05 02:30:00+00:00
[2026-03-06T00:56:21.291+0000] {processor.py:208} INFO - Processing /opt/airflow/dags/ml_forecasting_pipeline_dag.py took 0.115 seconds
[2026-03-06T00:56:51.655+0000] {processor.py:186} INFO - Started process (PID=647) to work on /opt/airflow/dags/ml_forecasting_pipeline_dag.py
[2026-03-06T00:56:51.656+0000] {processor.py:914} INFO - Processing file /opt/airflow/dags/ml_forecasting_pipeline_dag.py for tasks to queue
[2026-03-06T00:56:51.658+0000] {logging_mixin.py:190} INFO - [2026-03-06T00:56:51.658+0000] {dagbag.py:587} INFO - Filling up the DagBag from /opt/airflow/dags/ml_forecasting_pipeline_dag.py
[2026-03-06T00:56:51.686+0000] {processor.py:925} INFO - DAG(s) 'ML_weather_forecast_pipeline' retrieved from /opt/airflow/dags/ml_forecasting_pipeline_dag.py
[2026-03-06T00:56:51.714+0000] {logging_mixin.py:190} INFO - [2026-03-06T00:56:51.714+0000] {dag.py:3229} INFO - Sync 1 DAGs
[2026-03-06T00:56:51.735+0000] {logging_mixin.py:190} INFO - [2026-03-06T00:56:51.735+0000] {dag.py:4156} INFO - Setting next_dagrun for ML_weather_forecast_pipeline to 2026-03-04 02:30:00+00:00, run_after=2026-03-05 02:30:00+00:00
[2026-03-06T00:56:51.752+0000] {processor.py:208} INFO - Processing /opt/airflow/dags/ml_forecasting_pipeline_dag.py took 0.103 seconds
[2026-03-06T00:57:22.030+0000] {processor.py:186} INFO - Started process (PID=663) to work on /opt/airflow/dags/ml_forecasting_pipeline_dag.py
[2026-03-06T00:57:22.032+0000] {processor.py:914} INFO - Processing file /opt/airflow/dags/ml_forecasting_pipeline_dag.py for tasks to queue
[2026-03-06T00:57:22.034+0000] {logging_mixin.py:190} INFO - [2026-03-06T00:57:22.034+0000] {dagbag.py:587} INFO - Filling up the DagBag from /opt/airflow/dags/ml_forecasting_pipeline_dag.py
[2026-03-06T00:57:22.063+0000] {processor.py:925} INFO - DAG(s) 'ML_weather_forecast_pipeline' retrieved from /opt/airflow/dags/ml_forecasting_pipeline_dag.py
[2026-03-06T00:57:22.093+0000] {logging_mixin.py:190} INFO - [2026-03-06T00:57:22.093+0000] {dag.py:3229} INFO - Sync 1 DAGs
[2026-03-06T00:57:22.117+0000] {logging_mixin.py:190} INFO - [2026-03-06T00:57:22.117+0000] {dag.py:4156} INFO - Setting next_dagrun for ML_weather_forecast_pipeline to 2026-03-04 02:30:00+00:00, run_after=2026-03-05 02:30:00+00:00
[2026-03-06T00:57:22.137+0000] {processor.py:208} INFO - Processing /opt/airflow/dags/ml_forecasting_pipeline_dag.py took 0.112 seconds
[2026-03-06T00:57:52.383+0000] {processor.py:186} INFO - Started process (PID=679) to work on /opt/airflow/dags/ml_forecasting_pipeline_dag.py
[2026-03-06T00:57:52.384+0000] {processor.py:914} INFO - Processing file /opt/airflow/dags/ml_forecasting_pipeline_dag.py for tasks to queue
[2026-03-06T00:57:52.387+0000] {logging_mixin.py:190} INFO - [2026-03-06T00:57:52.387+0000] {dagbag.py:587} INFO - Filling up the DagBag from /opt/airflow/dags/ml_forecasting_pipeline_dag.py
[2026-03-06T00:57:52.417+0000] {processor.py:925} INFO - DAG(s) 'ML_weather_forecast_pipeline' retrieved from /opt/airflow/dags/ml_forecasting_pipeline_dag.py
[2026-03-06T00:57:52.445+0000] {logging_mixin.py:190} INFO - [2026-03-06T00:57:52.445+0000] {dag.py:3229} INFO - Sync 1 DAGs
[2026-03-06T00:57:52.473+0000] {logging_mixin.py:190} INFO - [2026-03-06T00:57:52.472+0000] {dag.py:4156} INFO - Setting next_dagrun for ML_weather_forecast_pipeline to 2026-03-04 02:30:00+00:00, run_after=2026-03-05 02:30:00+00:00
[2026-03-06T00:57:52.495+0000] {processor.py:208} INFO - Processing /opt/airflow/dags/ml_forecasting_pipeline_dag.py took 0.118 seconds
[2026-03-06T00:58:22.772+0000] {processor.py:186} INFO - Started process (PID=695) to work on /opt/airflow/dags/ml_forecasting_pipeline_dag.py
[2026-03-06T00:58:22.773+0000] {processor.py:914} INFO - Processing file /opt/airflow/dags/ml_forecasting_pipeline_dag.py for tasks to queue
[2026-03-06T00:58:22.777+0000] {logging_mixin.py:190} INFO - [2026-03-06T00:58:22.776+0000] {dagbag.py:587} INFO - Filling up the DagBag from /opt/airflow/dags/ml_forecasting_pipeline_dag.py
[2026-03-06T00:58:22.805+0000] {processor.py:925} INFO - DAG(s) 'ML_weather_forecast_pipeline' retrieved from /opt/airflow/dags/ml_forecasting_pipeline_dag.py
[2026-03-06T00:58:22.833+0000] {logging_mixin.py:190} INFO - [2026-03-06T00:58:22.833+0000] {dag.py:3229} INFO - Sync 1 DAGs
[2026-03-06T00:58:22.856+0000] {logging_mixin.py:190} INFO - [2026-03-06T00:58:22.855+0000] {dag.py:4156} INFO - Setting next_dagrun for ML_weather_forecast_pipeline to 2026-03-04 02:30:00+00:00, run_after=2026-03-05 02:30:00+00:00
[2026-03-06T00:58:22.875+0000] {processor.py:208} INFO - Processing /opt/airflow/dags/ml_forecasting_pipeline_dag.py took 0.108 seconds
[2026-03-06T00:58:53.178+0000] {processor.py:186} INFO - Started process (PID=712) to work on /opt/airflow/dags/ml_forecasting_pipeline_dag.py
[2026-03-06T00:58:53.179+0000] {processor.py:914} INFO - Processing file /opt/airflow/dags/ml_forecasting_pipeline_dag.py for tasks to queue
[2026-03-06T00:58:53.182+0000] {logging_mixin.py:190} INFO - [2026-03-06T00:58:53.182+0000] {dagbag.py:587} INFO - Filling up the DagBag from /opt/airflow/dags/ml_forecasting_pipeline_dag.py
[2026-03-06T00:58:53.215+0000] {processor.py:925} INFO - DAG(s) 'ML_weather_forecast_pipeline' retrieved from /opt/airflow/dags/ml_forecasting_pipeline_dag.py
[2026-03-06T00:58:53.252+0000] {logging_mixin.py:190} INFO - [2026-03-06T00:58:53.252+0000] {dag.py:3229} INFO - Sync 1 DAGs
[2026-03-06T00:58:53.276+0000] {logging_mixin.py:190} INFO - [2026-03-06T00:58:53.276+0000] {dag.py:4156} INFO - Setting next_dagrun for ML_weather_forecast_pipeline to 2026-03-04 02:30:00+00:00, run_after=2026-03-05 02:30:00+00:00
[2026-03-06T00:58:53.299+0000] {processor.py:208} INFO - Processing /opt/airflow/dags/ml_forecasting_pipeline_dag.py took 0.126 seconds
[2026-03-06T00:59:23.654+0000] {processor.py:186} INFO - Started process (PID=728) to work on /opt/airflow/dags/ml_forecasting_pipeline_dag.py
[2026-03-06T00:59:23.655+0000] {processor.py:914} INFO - Processing file /opt/airflow/dags/ml_forecasting_pipeline_dag.py for tasks to queue
[2026-03-06T00:59:23.658+0000] {logging_mixin.py:190} INFO - [2026-03-06T00:59:23.657+0000] {dagbag.py:587} INFO - Filling up the DagBag from /opt/airflow/dags/ml_forecasting_pipeline_dag.py
[2026-03-06T00:59:23.685+0000] {processor.py:925} INFO - DAG(s) 'ML_weather_forecast_pipeline' retrieved from /opt/airflow/dags/ml_forecasting_pipeline_dag.py
[2026-03-06T00:59:23.713+0000] {logging_mixin.py:190} INFO - [2026-03-06T00:59:23.713+0000] {dag.py:3229} INFO - Sync 1 DAGs
[2026-03-06T00:59:23.737+0000] {logging_mixin.py:190} INFO - [2026-03-06T00:59:23.736+0000] {dag.py:4156} INFO - Setting next_dagrun for ML_weather_forecast_pipeline to 2026-03-04 02:30:00+00:00, run_after=2026-03-05 02:30:00+00:00
[2026-03-06T00:59:23.762+0000] {processor.py:208} INFO - Processing /opt/airflow/dags/ml_forecasting_pipeline_dag.py took 0.114 seconds
[2026-03-06T00:59:54.158+0000] {processor.py:186} INFO - Started process (PID=744) to work on /opt/airflow/dags/ml_forecasting_pipeline_dag.py
[2026-03-06T00:59:54.159+0000] {processor.py:914} INFO - Processing file /opt/airflow/dags/ml_forecasting_pipeline_dag.py for tasks to queue
[2026-03-06T00:59:54.161+0000] {logging_mixin.py:190} INFO - [2026-03-06T00:59:54.161+0000] {dagbag.py:587} INFO - Filling up the DagBag from /opt/airflow/dags/ml_forecasting_pipeline_dag.py
[2026-03-06T00:59:54.191+0000] {processor.py:925} INFO - DAG(s) 'ML_weather_forecast_pipeline' retrieved from /opt/airflow/dags/ml_forecasting_pipeline_dag.py
[2026-03-06T00:59:54.222+0000] {logging_mixin.py:190} INFO - [2026-03-06T00:59:54.222+0000] {dag.py:3229} INFO - Sync 1 DAGs
[2026-03-06T00:59:54.244+0000] {logging_mixin.py:190} INFO - [2026-03-06T00:59:54.244+0000] {dag.py:4156} INFO - Setting next_dagrun for ML_weather_forecast_pipeline to 2026-03-04 02:30:00+00:00, run_after=2026-03-05 02:30:00+00:00
[2026-03-06T00:59:54.264+0000] {processor.py:208} INFO - Processing /opt/airflow/dags/ml_forecasting_pipeline_dag.py took 0.111 seconds
[2026-03-06T01:00:24.639+0000] {processor.py:186} INFO - Started process (PID=760) to work on /opt/airflow/dags/ml_forecasting_pipeline_dag.py
[2026-03-06T01:00:24.640+0000] {processor.py:914} INFO - Processing file /opt/airflow/dags/ml_forecasting_pipeline_dag.py for tasks to queue
[2026-03-06T01:00:24.642+0000] {logging_mixin.py:190} INFO - [2026-03-06T01:00:24.642+0000] {dagbag.py:587} INFO - Filling up the DagBag from /opt/airflow/dags/ml_forecasting_pipeline_dag.py
[2026-03-06T01:00:24.670+0000] {processor.py:925} INFO - DAG(s) 'ML_weather_forecast_pipeline' retrieved from /opt/airflow/dags/ml_forecasting_pipeline_dag.py
[2026-03-06T01:00:24.699+0000] {logging_mixin.py:190} INFO - [2026-03-06T01:00:24.698+0000] {dag.py:3229} INFO - Sync 1 DAGs
[2026-03-06T01:00:24.722+0000] {logging_mixin.py:190} INFO - [2026-03-06T01:00:24.722+0000] {dag.py:4156} INFO - Setting next_dagrun for ML_weather_forecast_pipeline to 2026-03-04 02:30:00+00:00, run_after=2026-03-05 02:30:00+00:00
[2026-03-06T01:00:24.743+0000] {processor.py:208} INFO - Processing /opt/airflow/dags/ml_forecasting_pipeline_dag.py took 0.108 seconds
[2026-03-06T01:00:55.003+0000] {processor.py:186} INFO - Started process (PID=776) to work on /opt/airflow/dags/ml_forecasting_pipeline_dag.py
[2026-03-06T01:00:55.005+0000] {processor.py:914} INFO - Processing file /opt/airflow/dags/ml_forecasting_pipeline_dag.py for tasks to queue
[2026-03-06T01:00:55.008+0000] {logging_mixin.py:190} INFO - [2026-03-06T01:00:55.008+0000] {dagbag.py:587} INFO - Filling up the DagBag from /opt/airflow/dags/ml_forecasting_pipeline_dag.py
[2026-03-06T01:00:55.041+0000] {processor.py:925} INFO - DAG(s) 'ML_weather_forecast_pipeline' retrieved from /opt/airflow/dags/ml_forecasting_pipeline_dag.py
[2026-03-06T01:00:55.078+0000] {logging_mixin.py:190} INFO - [2026-03-06T01:00:55.077+0000] {dag.py:3229} INFO - Sync 1 DAGs
[2026-03-06T01:00:55.105+0000] {logging_mixin.py:190} INFO - [2026-03-06T01:00:55.105+0000] {dag.py:4156} INFO - Setting next_dagrun for ML_weather_forecast_pipeline to 2026-03-04 02:30:00+00:00, run_after=2026-03-05 02:30:00+00:00
[2026-03-06T01:00:55.126+0000] {processor.py:208} INFO - Processing /opt/airflow/dags/ml_forecasting_pipeline_dag.py took 0.129 seconds
[2026-03-06T01:01:25.466+0000] {processor.py:186} INFO - Started process (PID=792) to work on /opt/airflow/dags/ml_forecasting_pipeline_dag.py
[2026-03-06T01:01:25.467+0000] {processor.py:914} INFO - Processing file /opt/airflow/dags/ml_forecasting_pipeline_dag.py for tasks to queue
[2026-03-06T01:01:25.471+0000] {logging_mixin.py:190} INFO - [2026-03-06T01:01:25.470+0000] {dagbag.py:587} INFO - Filling up the DagBag from /opt/airflow/dags/ml_forecasting_pipeline_dag.py
[2026-03-06T01:01:25.504+0000] {processor.py:925} INFO - DAG(s) 'ML_weather_forecast_pipeline' retrieved from /opt/airflow/dags/ml_forecasting_pipeline_dag.py
[2026-03-06T01:01:25.532+0000] {logging_mixin.py:190} INFO - [2026-03-06T01:01:25.531+0000] {dag.py:3229} INFO - Sync 1 DAGs
[2026-03-06T01:01:25.553+0000] {logging_mixin.py:190} INFO - [2026-03-06T01:01:25.553+0000] {dag.py:4156} INFO - Setting next_dagrun for ML_weather_forecast_pipeline to 2026-03-04 02:30:00+00:00, run_after=2026-03-05 02:30:00+00:00
[2026-03-06T01:01:25.574+0000] {processor.py:208} INFO - Processing /opt/airflow/dags/ml_forecasting_pipeline_dag.py took 0.114 seconds
[2026-03-06T01:01:55.888+0000] {processor.py:186} INFO - Started process (PID=808) to work on /opt/airflow/dags/ml_forecasting_pipeline_dag.py
[2026-03-06T01:01:55.890+0000] {processor.py:914} INFO - Processing file /opt/airflow/dags/ml_forecasting_pipeline_dag.py for tasks to queue
[2026-03-06T01:01:55.895+0000] {logging_mixin.py:190} INFO - [2026-03-06T01:01:55.894+0000] {dagbag.py:587} INFO - Filling up the DagBag from /opt/airflow/dags/ml_forecasting_pipeline_dag.py
[2026-03-06T01:01:55.952+0000] {processor.py:925} INFO - DAG(s) 'ML_weather_forecast_pipeline' retrieved from /opt/airflow/dags/ml_forecasting_pipeline_dag.py
[2026-03-06T01:01:55.988+0000] {logging_mixin.py:190} INFO - [2026-03-06T01:01:55.988+0000] {dag.py:3229} INFO - Sync 1 DAGs
[2026-03-06T01:01:56.009+0000] {logging_mixin.py:190} INFO - [2026-03-06T01:01:56.009+0000] {dag.py:4156} INFO - Setting next_dagrun for ML_weather_forecast_pipeline to 2026-03-04 02:30:00+00:00, run_after=2026-03-05 02:30:00+00:00
[2026-03-06T01:01:56.027+0000] {processor.py:208} INFO - Processing /opt/airflow/dags/ml_forecasting_pipeline_dag.py took 0.153 seconds
[2026-03-06T01:02:26.514+0000] {processor.py:186} INFO - Started process (PID=824) to work on /opt/airflow/dags/ml_forecasting_pipeline_dag.py
[2026-03-06T01:02:26.515+0000] {processor.py:914} INFO - Processing file /opt/airflow/dags/ml_forecasting_pipeline_dag.py for tasks to queue
[2026-03-06T01:02:26.518+0000] {logging_mixin.py:190} INFO - [2026-03-06T01:02:26.517+0000] {dagbag.py:587} INFO - Filling up the DagBag from /opt/airflow/dags/ml_forecasting_pipeline_dag.py
[2026-03-06T01:02:26.562+0000] {processor.py:925} INFO - DAG(s) 'ML_weather_forecast_pipeline' retrieved from /opt/airflow/dags/ml_forecasting_pipeline_dag.py
[2026-03-06T01:02:26.590+0000] {logging_mixin.py:190} INFO - [2026-03-06T01:02:26.590+0000] {dag.py:3229} INFO - Sync 1 DAGs
[2026-03-06T01:02:26.611+0000] {logging_mixin.py:190} INFO - [2026-03-06T01:02:26.610+0000] {dag.py:4156} INFO - Setting next_dagrun for ML_weather_forecast_pipeline to 2026-03-04 02:30:00+00:00, run_after=2026-03-05 02:30:00+00:00
[2026-03-06T01:02:26.633+0000] {processor.py:208} INFO - Processing /opt/airflow/dags/ml_forecasting_pipeline_dag.py took 0.124 seconds
[2026-03-06T01:02:57.007+0000] {processor.py:186} INFO - Started process (PID=840) to work on /opt/airflow/dags/ml_forecasting_pipeline_dag.py
[2026-03-06T01:02:57.009+0000] {processor.py:914} INFO - Processing file /opt/airflow/dags/ml_forecasting_pipeline_dag.py for tasks to queue
[2026-03-06T01:02:57.012+0000] {logging_mixin.py:190} INFO - [2026-03-06T01:02:57.012+0000] {dagbag.py:587} INFO - Filling up the DagBag from /opt/airflow/dags/ml_forecasting_pipeline_dag.py
[2026-03-06T01:02:57.043+0000] {processor.py:925} INFO - DAG(s) 'ML_weather_forecast_pipeline' retrieved from /opt/airflow/dags/ml_forecasting_pipeline_dag.py
[2026-03-06T01:02:57.073+0000] {logging_mixin.py:190} INFO - [2026-03-06T01:02:57.073+0000] {dag.py:3229} INFO - Sync 1 DAGs
[2026-03-06T01:02:57.094+0000] {logging_mixin.py:190} INFO - [2026-03-06T01:02:57.094+0000] {dag.py:4156} INFO - Setting next_dagrun for ML_weather_forecast_pipeline to 2026-03-04 02:30:00+00:00, run_after=2026-03-05 02:30:00+00:00
[2026-03-06T01:02:57.111+0000] {processor.py:208} INFO - Processing /opt/airflow/dags/ml_forecasting_pipeline_dag.py took 0.110 seconds
[2026-03-06T01:03:27.696+0000] {processor.py:186} INFO - Started process (PID=856) to work on /opt/airflow/dags/ml_forecasting_pipeline_dag.py
[2026-03-06T01:03:27.698+0000] {processor.py:914} INFO - Processing file /opt/airflow/dags/ml_forecasting_pipeline_dag.py for tasks to queue
[2026-03-06T01:03:27.701+0000] {logging_mixin.py:190} INFO - [2026-03-06T01:03:27.701+0000] {dagbag.py:587} INFO - Filling up the DagBag from /opt/airflow/dags/ml_forecasting_pipeline_dag.py
[2026-03-06T01:03:27.733+0000] {processor.py:925} INFO - DAG(s) 'ML_weather_forecast_pipeline' retrieved from /opt/airflow/dags/ml_forecasting_pipeline_dag.py
[2026-03-06T01:03:27.763+0000] {logging_mixin.py:190} INFO - [2026-03-06T01:03:27.763+0000] {dag.py:3229} INFO - Sync 1 DAGs
[2026-03-06T01:03:27.788+0000] {logging_mixin.py:190} INFO - [2026-03-06T01:03:27.788+0000] {dag.py:4156} INFO - Setting next_dagrun for ML_weather_forecast_pipeline to 2026-03-04 02:30:00+00:00, run_after=2026-03-05 02:30:00+00:00
[2026-03-06T01:03:27.811+0000] {processor.py:208} INFO - Processing /opt/airflow/dags/ml_forecasting_pipeline_dag.py took 0.124 seconds
[2026-03-06T01:03:58.163+0000] {processor.py:186} INFO - Started process (PID=872) to work on /opt/airflow/dags/ml_forecasting_pipeline_dag.py
[2026-03-06T01:03:58.164+0000] {processor.py:914} INFO - Processing file /opt/airflow/dags/ml_forecasting_pipeline_dag.py for tasks to queue
[2026-03-06T01:03:58.166+0000] {logging_mixin.py:190} INFO - [2026-03-06T01:03:58.166+0000] {dagbag.py:587} INFO - Filling up the DagBag from /opt/airflow/dags/ml_forecasting_pipeline_dag.py
[2026-03-06T01:03:58.200+0000] {processor.py:925} INFO - DAG(s) 'ML_weather_forecast_pipeline' retrieved from /opt/airflow/dags/ml_forecasting_pipeline_dag.py
[2026-03-06T01:03:58.235+0000] {logging_mixin.py:190} INFO - [2026-03-06T01:03:58.235+0000] {dag.py:3229} INFO - Sync 1 DAGs
[2026-03-06T01:03:58.261+0000] {logging_mixin.py:190} INFO - [2026-03-06T01:03:58.260+0000] {dag.py:4156} INFO - Setting next_dagrun for ML_weather_forecast_pipeline to 2026-03-04 02:30:00+00:00, run_after=2026-03-05 02:30:00+00:00
[2026-03-06T01:03:58.282+0000] {processor.py:208} INFO - Processing /opt/airflow/dags/ml_forecasting_pipeline_dag.py took 0.124 seconds
[2026-03-06T01:04:28.720+0000] {processor.py:186} INFO - Started process (PID=888) to work on /opt/airflow/dags/ml_forecasting_pipeline_dag.py
[2026-03-06T01:04:28.722+0000] {processor.py:914} INFO - Processing file /opt/airflow/dags/ml_forecasting_pipeline_dag.py for tasks to queue
[2026-03-06T01:04:28.726+0000] {logging_mixin.py:190} INFO - [2026-03-06T01:04:28.725+0000] {dagbag.py:587} INFO - Filling up the DagBag from /opt/airflow/dags/ml_forecasting_pipeline_dag.py
[2026-03-06T01:04:28.764+0000] {processor.py:925} INFO - DAG(s) 'ML_weather_forecast_pipeline' retrieved from /opt/airflow/dags/ml_forecasting_pipeline_dag.py
[2026-03-06T01:04:28.793+0000] {logging_mixin.py:190} INFO - [2026-03-06T01:04:28.793+0000] {dag.py:3229} INFO - Sync 1 DAGs
[2026-03-06T01:04:28.814+0000] {logging_mixin.py:190} INFO - [2026-03-06T01:04:28.814+0000] {dag.py:4156} INFO - Setting next_dagrun for ML_weather_forecast_pipeline to 2026-03-04 02:30:00+00:00, run_after=2026-03-05 02:30:00+00:00
[2026-03-06T01:04:28.836+0000] {processor.py:208} INFO - Processing /opt/airflow/dags/ml_forecasting_pipeline_dag.py took 0.130 seconds
[2026-03-06T01:04:59.215+0000] {processor.py:186} INFO - Started process (PID=904) to work on /opt/airflow/dags/ml_forecasting_pipeline_dag.py
[2026-03-06T01:04:59.216+0000] {processor.py:914} INFO - Processing file /opt/airflow/dags/ml_forecasting_pipeline_dag.py for tasks to queue
[2026-03-06T01:04:59.222+0000] {logging_mixin.py:190} INFO - [2026-03-06T01:04:59.221+0000] {dagbag.py:587} INFO - Filling up the DagBag from /opt/airflow/dags/ml_forecasting_pipeline_dag.py
[2026-03-06T01:04:59.253+0000] {processor.py:925} INFO - DAG(s) 'ML_weather_forecast_pipeline' retrieved from /opt/airflow/dags/ml_forecasting_pipeline_dag.py
[2026-03-06T01:04:59.289+0000] {logging_mixin.py:190} INFO - [2026-03-06T01:04:59.289+0000] {dag.py:3229} INFO - Sync 1 DAGs
[2026-03-06T01:04:59.310+0000] {logging_mixin.py:190} INFO - [2026-03-06T01:04:59.310+0000] {dag.py:4156} INFO - Setting next_dagrun for ML_weather_forecast_pipeline to 2026-03-04 02:30:00+00:00, run_after=2026-03-05 02:30:00+00:00
[2026-03-06T01:04:59.329+0000] {processor.py:208} INFO - Processing /opt/airflow/dags/ml_forecasting_pipeline_dag.py took 0.119 seconds
[2026-03-06T01:05:29.750+0000] {processor.py:186} INFO - Started process (PID=920) to work on /opt/airflow/dags/ml_forecasting_pipeline_dag.py
[2026-03-06T01:05:29.752+0000] {processor.py:914} INFO - Processing file /opt/airflow/dags/ml_forecasting_pipeline_dag.py for tasks to queue
[2026-03-06T01:05:29.754+0000] {logging_mixin.py:190} INFO - [2026-03-06T01:05:29.754+0000] {dagbag.py:587} INFO - Filling up the DagBag from /opt/airflow/dags/ml_forecasting_pipeline_dag.py
[2026-03-06T01:05:29.783+0000] {processor.py:925} INFO - DAG(s) 'ML_weather_forecast_pipeline' retrieved from /opt/airflow/dags/ml_forecasting_pipeline_dag.py
[2026-03-06T01:05:29.809+0000] {logging_mixin.py:190} INFO - [2026-03-06T01:05:29.808+0000] {dag.py:3229} INFO - Sync 1 DAGs
[2026-03-06T01:05:29.829+0000] {logging_mixin.py:190} INFO - [2026-03-06T01:05:29.828+0000] {dag.py:4156} INFO - Setting next_dagrun for ML_weather_forecast_pipeline to 2026-03-04 02:30:00+00:00, run_after=2026-03-05 02:30:00+00:00
[2026-03-06T01:05:29.846+0000] {processor.py:208} INFO - Processing /opt/airflow/dags/ml_forecasting_pipeline_dag.py took 0.100 seconds
[2026-03-06T01:06:00.123+0000] {processor.py:186} INFO - Started process (PID=936) to work on /opt/airflow/dags/ml_forecasting_pipeline_dag.py
[2026-03-06T01:06:00.125+0000] {processor.py:914} INFO - Processing file /opt/airflow/dags/ml_forecasting_pipeline_dag.py for tasks to queue
[2026-03-06T01:06:00.128+0000] {logging_mixin.py:190} INFO - [2026-03-06T01:06:00.127+0000] {dagbag.py:587} INFO - Filling up the DagBag from /opt/airflow/dags/ml_forecasting_pipeline_dag.py
[2026-03-06T01:06:00.163+0000] {processor.py:925} INFO - DAG(s) 'ML_weather_forecast_pipeline' retrieved from /opt/airflow/dags/ml_forecasting_pipeline_dag.py
[2026-03-06T01:06:00.199+0000] {logging_mixin.py:190} INFO - [2026-03-06T01:06:00.198+0000] {dag.py:3229} INFO - Sync 1 DAGs
[2026-03-06T01:06:00.225+0000] {logging_mixin.py:190} INFO - [2026-03-06T01:06:00.224+0000] {dag.py:4156} INFO - Setting next_dagrun for ML_weather_forecast_pipeline to 2026-03-04 02:30:00+00:00, run_after=2026-03-05 02:30:00+00:00
[2026-03-06T01:06:00.248+0000] {processor.py:208} INFO - Processing /opt/airflow/dags/ml_forecasting_pipeline_dag.py took 0.129 seconds
[2026-03-06T01:06:30.570+0000] {processor.py:186} INFO - Started process (PID=952) to work on /opt/airflow/dags/ml_forecasting_pipeline_dag.py
[2026-03-06T01:06:30.571+0000] {processor.py:914} INFO - Processing file /opt/airflow/dags/ml_forecasting_pipeline_dag.py for tasks to queue
[2026-03-06T01:06:30.574+0000] {logging_mixin.py:190} INFO - [2026-03-06T01:06:30.574+0000] {dagbag.py:587} INFO - Filling up the DagBag from /opt/airflow/dags/ml_forecasting_pipeline_dag.py
[2026-03-06T01:06:30.604+0000] {processor.py:925} INFO - DAG(s) 'ML_weather_forecast_pipeline' retrieved from /opt/airflow/dags/ml_forecasting_pipeline_dag.py
[2026-03-06T01:06:30.630+0000] {logging_mixin.py:190} INFO - [2026-03-06T01:06:30.630+0000] {dag.py:3229} INFO - Sync 1 DAGs
[2026-03-06T01:06:30.651+0000] {logging_mixin.py:190} INFO - [2026-03-06T01:06:30.651+0000] {dag.py:4156} INFO - Setting next_dagrun for ML_weather_forecast_pipeline to 2026-03-04 02:30:00+00:00, run_after=2026-03-05 02:30:00+00:00
[2026-03-06T01:06:30.672+0000] {processor.py:208} INFO - Processing /opt/airflow/dags/ml_forecasting_pipeline_dag.py took 0.107 seconds
[2026-03-06T01:07:01.053+0000] {processor.py:186} INFO - Started process (PID=968) to work on /opt/airflow/dags/ml_forecasting_pipeline_dag.py
[2026-03-06T01:07:01.054+0000] {processor.py:914} INFO - Processing file /opt/airflow/dags/ml_forecasting_pipeline_dag.py for tasks to queue
[2026-03-06T01:07:01.057+0000] {logging_mixin.py:190} INFO - [2026-03-06T01:07:01.057+0000] {dagbag.py:587} INFO - Filling up the DagBag from /opt/airflow/dags/ml_forecasting_pipeline_dag.py
[2026-03-06T01:07:01.092+0000] {processor.py:925} INFO - DAG(s) 'ML_weather_forecast_pipeline' retrieved from /opt/airflow/dags/ml_forecasting_pipeline_dag.py
[2026-03-06T01:07:01.120+0000] {logging_mixin.py:190} INFO - [2026-03-06T01:07:01.120+0000] {dag.py:3229} INFO - Sync 1 DAGs
[2026-03-06T01:07:01.142+0000] {logging_mixin.py:190} INFO - [2026-03-06T01:07:01.142+0000] {dag.py:4156} INFO - Setting next_dagrun for ML_weather_forecast_pipeline to 2026-03-04 02:30:00+00:00, run_after=2026-03-05 02:30:00+00:00
[2026-03-06T01:07:01.161+0000] {processor.py:208} INFO - Processing /opt/airflow/dags/ml_forecasting_pipeline_dag.py took 0.114 seconds
[2026-03-06T01:07:31.566+0000] {processor.py:186} INFO - Started process (PID=984) to work on /opt/airflow/dags/ml_forecasting_pipeline_dag.py
[2026-03-06T01:07:31.568+0000] {processor.py:914} INFO - Processing file /opt/airflow/dags/ml_forecasting_pipeline_dag.py for tasks to queue
[2026-03-06T01:07:31.575+0000] {logging_mixin.py:190} INFO - [2026-03-06T01:07:31.575+0000] {dagbag.py:587} INFO - Filling up the DagBag from /opt/airflow/dags/ml_forecasting_pipeline_dag.py
[2026-03-06T01:07:31.614+0000] {processor.py:925} INFO - DAG(s) 'ML_weather_forecast_pipeline' retrieved from /opt/airflow/dags/ml_forecasting_pipeline_dag.py
[2026-03-06T01:07:31.647+0000] {logging_mixin.py:190} INFO - [2026-03-06T01:07:31.646+0000] {dag.py:3229} INFO - Sync 1 DAGs
[2026-03-06T01:07:31.670+0000] {logging_mixin.py:190} INFO - [2026-03-06T01:07:31.670+0000] {dag.py:4156} INFO - Setting next_dagrun for ML_weather_forecast_pipeline to 2026-03-04 02:30:00+00:00, run_after=2026-03-05 02:30:00+00:00
[2026-03-06T01:07:31.694+0000] {processor.py:208} INFO - Processing /opt/airflow/dags/ml_forecasting_pipeline_dag.py took 0.136 seconds
[2026-03-06T01:08:02.065+0000] {processor.py:186} INFO - Started process (PID=1000) to work on /opt/airflow/dags/ml_forecasting_pipeline_dag.py
[2026-03-06T01:08:02.066+0000] {processor.py:914} INFO - Processing file /opt/airflow/dags/ml_forecasting_pipeline_dag.py for tasks to queue
[2026-03-06T01:08:02.069+0000] {logging_mixin.py:190} INFO - [2026-03-06T01:08:02.068+0000] {dagbag.py:587} INFO - Filling up the DagBag from /opt/airflow/dags/ml_forecasting_pipeline_dag.py
[2026-03-06T01:08:02.113+0000] {processor.py:925} INFO - DAG(s) 'ML_weather_forecast_pipeline' retrieved from /opt/airflow/dags/ml_forecasting_pipeline_dag.py
[2026-03-06T01:08:02.139+0000] {logging_mixin.py:190} INFO - [2026-03-06T01:08:02.139+0000] {dag.py:3229} INFO - Sync 1 DAGs
[2026-03-06T01:08:02.160+0000] {logging_mixin.py:190} INFO - [2026-03-06T01:08:02.160+0000] {dag.py:4156} INFO - Setting next_dagrun for ML_weather_forecast_pipeline to 2026-03-04 02:30:00+00:00, run_after=2026-03-05 02:30:00+00:00
[2026-03-06T01:08:02.177+0000] {processor.py:208} INFO - Processing /opt/airflow/dags/ml_forecasting_pipeline_dag.py took 0.118 seconds
[2026-03-06T01:08:32.604+0000] {processor.py:186} INFO - Started process (PID=1016) to work on /opt/airflow/dags/ml_forecasting_pipeline_dag.py
[2026-03-06T01:08:32.605+0000] {processor.py:914} INFO - Processing file /opt/airflow/dags/ml_forecasting_pipeline_dag.py for tasks to queue
[2026-03-06T01:08:32.609+0000] {logging_mixin.py:190} INFO - [2026-03-06T01:08:32.608+0000] {dagbag.py:587} INFO - Filling up the DagBag from /opt/airflow/dags/ml_forecasting_pipeline_dag.py
[2026-03-06T01:08:32.641+0000] {processor.py:925} INFO - DAG(s) 'ML_weather_forecast_pipeline' retrieved from /opt/airflow/dags/ml_forecasting_pipeline_dag.py
[2026-03-06T01:08:32.671+0000] {logging_mixin.py:190} INFO - [2026-03-06T01:08:32.670+0000] {dag.py:3229} INFO - Sync 1 DAGs
[2026-03-06T01:08:32.697+0000] {logging_mixin.py:190} INFO - [2026-03-06T01:08:32.697+0000] {dag.py:4156} INFO - Setting next_dagrun for ML_weather_forecast_pipeline to 2026-03-04 02:30:00+00:00, run_after=2026-03-05 02:30:00+00:00
[2026-03-06T01:08:32.721+0000] {processor.py:208} INFO - Processing /opt/airflow/dags/ml_forecasting_pipeline_dag.py took 0.123 seconds
[2026-03-06T01:09:03.022+0000] {processor.py:186} INFO - Started process (PID=1032) to work on /opt/airflow/dags/ml_forecasting_pipeline_dag.py
[2026-03-06T01:09:03.023+0000] {processor.py:914} INFO - Processing file /opt/airflow/dags/ml_forecasting_pipeline_dag.py for tasks to queue
[2026-03-06T01:09:03.025+0000] {logging_mixin.py:190} INFO - [2026-03-06T01:09:03.025+0000] {dagbag.py:587} INFO - Filling up the DagBag from /opt/airflow/dags/ml_forecasting_pipeline_dag.py
[2026-03-06T01:09:03.057+0000] {processor.py:925} INFO - DAG(s) 'ML_weather_forecast_pipeline' retrieved from /opt/airflow/dags/ml_forecasting_pipeline_dag.py
[2026-03-06T01:09:03.087+0000] {logging_mixin.py:190} INFO - [2026-03-06T01:09:03.086+0000] {dag.py:3229} INFO - Sync 1 DAGs
[2026-03-06T01:09:03.108+0000] {logging_mixin.py:190} INFO - [2026-03-06T01:09:03.108+0000] {dag.py:4156} INFO - Setting next_dagrun for ML_weather_forecast_pipeline to 2026-03-04 02:30:00+00:00, run_after=2026-03-05 02:30:00+00:00
[2026-03-06T01:09:03.128+0000] {processor.py:208} INFO - Processing /opt/airflow/dags/ml_forecasting_pipeline_dag.py took 0.112 seconds
[2026-03-06T01:09:33.594+0000] {processor.py:186} INFO - Started process (PID=1048) to work on /opt/airflow/dags/ml_forecasting_pipeline_dag.py
[2026-03-06T01:09:33.595+0000] {processor.py:914} INFO - Processing file /opt/airflow/dags/ml_forecasting_pipeline_dag.py for tasks to queue
[2026-03-06T01:09:33.599+0000] {logging_mixin.py:190} INFO - [2026-03-06T01:09:33.598+0000] {dagbag.py:587} INFO - Filling up the DagBag from /opt/airflow/dags/ml_forecasting_pipeline_dag.py
[2026-03-06T01:09:33.633+0000] {processor.py:925} INFO - DAG(s) 'ML_weather_forecast_pipeline' retrieved from /opt/airflow/dags/ml_forecasting_pipeline_dag.py
[2026-03-06T01:09:33.663+0000] {logging_mixin.py:190} INFO - [2026-03-06T01:09:33.662+0000] {dag.py:3229} INFO - Sync 1 DAGs
[2026-03-06T01:09:33.686+0000] {logging_mixin.py:190} INFO - [2026-03-06T01:09:33.686+0000] {dag.py:4156} INFO - Setting next_dagrun for ML_weather_forecast_pipeline to 2026-03-04 02:30:00+00:00, run_after=2026-03-05 02:30:00+00:00
[2026-03-06T01:09:33.707+0000] {processor.py:208} INFO - Processing /opt/airflow/dags/ml_forecasting_pipeline_dag.py took 0.118 seconds
[2026-03-06T01:10:04.028+0000] {processor.py:186} INFO - Started process (PID=1064) to work on /opt/airflow/dags/ml_forecasting_pipeline_dag.py
[2026-03-06T01:10:04.029+0000] {processor.py:914} INFO - Processing file /opt/airflow/dags/ml_forecasting_pipeline_dag.py for tasks to queue
[2026-03-06T01:10:04.033+0000] {logging_mixin.py:190} INFO - [2026-03-06T01:10:04.032+0000] {dagbag.py:587} INFO - Filling up the DagBag from /opt/airflow/dags/ml_forecasting_pipeline_dag.py
[2026-03-06T01:10:04.067+0000] {processor.py:925} INFO - DAG(s) 'ML_weather_forecast_pipeline' retrieved from /opt/airflow/dags/ml_forecasting_pipeline_dag.py
[2026-03-06T01:10:04.102+0000] {logging_mixin.py:190} INFO - [2026-03-06T01:10:04.102+0000] {dag.py:3229} INFO - Sync 1 DAGs
[2026-03-06T01:10:04.130+0000] {logging_mixin.py:190} INFO - [2026-03-06T01:10:04.130+0000] {dag.py:4156} INFO - Setting next_dagrun for ML_weather_forecast_pipeline to 2026-03-04 02:30:00+00:00, run_after=2026-03-05 02:30:00+00:00
[2026-03-06T01:10:04.158+0000] {processor.py:208} INFO - Processing /opt/airflow/dags/ml_forecasting_pipeline_dag.py took 0.136 seconds
[2026-03-06T01:10:34.584+0000] {processor.py:186} INFO - Started process (PID=1081) to work on /opt/airflow/dags/ml_forecasting_pipeline_dag.py
[2026-03-06T01:10:34.586+0000] {processor.py:914} INFO - Processing file /opt/airflow/dags/ml_forecasting_pipeline_dag.py for tasks to queue
[2026-03-06T01:10:34.589+0000] {logging_mixin.py:190} INFO - [2026-03-06T01:10:34.589+0000] {dagbag.py:587} INFO - Filling up the DagBag from /opt/airflow/dags/ml_forecasting_pipeline_dag.py
[2026-03-06T01:10:34.628+0000] {processor.py:925} INFO - DAG(s) 'ML_weather_forecast_pipeline' retrieved from /opt/airflow/dags/ml_forecasting_pipeline_dag.py
[2026-03-06T01:10:34.657+0000] {logging_mixin.py:190} INFO - [2026-03-06T01:10:34.656+0000] {dag.py:3229} INFO - Sync 1 DAGs
[2026-03-06T01:10:34.680+0000] {logging_mixin.py:190} INFO - [2026-03-06T01:10:34.680+0000] {dag.py:4156} INFO - Setting next_dagrun for ML_weather_forecast_pipeline to 2026-03-04 02:30:00+00:00, run_after=2026-03-05 02:30:00+00:00
[2026-03-06T01:10:34.701+0000] {processor.py:208} INFO - Processing /opt/airflow/dags/ml_forecasting_pipeline_dag.py took 0.125 seconds
[2026-03-06T01:11:05.062+0000] {processor.py:186} INFO - Started process (PID=1097) to work on /opt/airflow/dags/ml_forecasting_pipeline_dag.py
[2026-03-06T01:11:05.063+0000] {processor.py:914} INFO - Processing file /opt/airflow/dags/ml_forecasting_pipeline_dag.py for tasks to queue
[2026-03-06T01:11:05.065+0000] {logging_mixin.py:190} INFO - [2026-03-06T01:11:05.065+0000] {dagbag.py:587} INFO - Filling up the DagBag from /opt/airflow/dags/ml_forecasting_pipeline_dag.py
[2026-03-06T01:11:05.096+0000] {processor.py:925} INFO - DAG(s) 'ML_weather_forecast_pipeline' retrieved from /opt/airflow/dags/ml_forecasting_pipeline_dag.py
[2026-03-06T01:11:05.134+0000] {logging_mixin.py:190} INFO - [2026-03-06T01:11:05.133+0000] {dag.py:3229} INFO - Sync 1 DAGs
[2026-03-06T01:11:05.157+0000] {logging_mixin.py:190} INFO - [2026-03-06T01:11:05.157+0000] {dag.py:4156} INFO - Setting next_dagrun for ML_weather_forecast_pipeline to 2026-03-04 02:30:00+00:00, run_after=2026-03-05 02:30:00+00:00
[2026-03-06T01:11:05.175+0000] {processor.py:208} INFO - Processing /opt/airflow/dags/ml_forecasting_pipeline_dag.py took 0.118 seconds
