[2026-03-06T00:00:19.947+0000] {processor.py:186} INFO - Started process (PID=2023) to work on /opt/airflow/dags/weather_etl_dag.py
[2026-03-06T00:00:19.948+0000] {processor.py:914} INFO - Processing file /opt/airflow/dags/weather_etl_dag.py for tasks to queue
[2026-03-06T00:00:19.951+0000] {logging_mixin.py:190} INFO - [2026-03-06T00:00:19.951+0000] {dagbag.py:587} INFO - Filling up the DagBag from /opt/airflow/dags/weather_etl_dag.py
[2026-03-06T00:00:19.977+0000] {processor.py:925} INFO - DAG(s) 'Weather_to_Snowflake_v1' retrieved from /opt/airflow/dags/weather_etl_dag.py
[2026-03-06T00:00:20.005+0000] {logging_mixin.py:190} INFO - [2026-03-06T00:00:20.005+0000] {dag.py:3229} INFO - Sync 1 DAGs
[2026-03-06T00:00:20.027+0000] {logging_mixin.py:190} INFO - [2026-03-06T00:00:20.027+0000] {dag.py:4156} INFO - Setting next_dagrun for Weather_to_Snowflake_v1 to 2026-03-05 02:30:00+00:00, run_after=2026-03-06 02:30:00+00:00
[2026-03-06T00:00:20.048+0000] {processor.py:208} INFO - Processing /opt/airflow/dags/weather_etl_dag.py took 0.106 seconds
[2026-03-06T00:00:50.387+0000] {processor.py:186} INFO - Started process (PID=2036) to work on /opt/airflow/dags/weather_etl_dag.py
[2026-03-06T00:00:50.389+0000] {processor.py:914} INFO - Processing file /opt/airflow/dags/weather_etl_dag.py for tasks to queue
[2026-03-06T00:00:50.392+0000] {logging_mixin.py:190} INFO - [2026-03-06T00:00:50.391+0000] {dagbag.py:587} INFO - Filling up the DagBag from /opt/airflow/dags/weather_etl_dag.py
[2026-03-06T00:00:50.421+0000] {processor.py:925} INFO - DAG(s) 'Weather_to_Snowflake_v1' retrieved from /opt/airflow/dags/weather_etl_dag.py
[2026-03-06T00:00:50.453+0000] {logging_mixin.py:190} INFO - [2026-03-06T00:00:50.452+0000] {dag.py:3229} INFO - Sync 1 DAGs
[2026-03-06T00:00:50.477+0000] {logging_mixin.py:190} INFO - [2026-03-06T00:00:50.477+0000] {dag.py:4156} INFO - Setting next_dagrun for Weather_to_Snowflake_v1 to 2026-03-05 02:30:00+00:00, run_after=2026-03-06 02:30:00+00:00
[2026-03-06T00:00:50.501+0000] {processor.py:208} INFO - Processing /opt/airflow/dags/weather_etl_dag.py took 0.118 seconds
[2026-03-06T00:01:20.574+0000] {processor.py:186} INFO - Started process (PID=2056) to work on /opt/airflow/dags/weather_etl_dag.py
[2026-03-06T00:01:20.575+0000] {processor.py:914} INFO - Processing file /opt/airflow/dags/weather_etl_dag.py for tasks to queue
[2026-03-06T00:01:20.578+0000] {logging_mixin.py:190} INFO - [2026-03-06T00:01:20.578+0000] {dagbag.py:587} INFO - Filling up the DagBag from /opt/airflow/dags/weather_etl_dag.py
[2026-03-06T00:01:20.607+0000] {processor.py:925} INFO - DAG(s) 'Weather_to_Snowflake_v1' retrieved from /opt/airflow/dags/weather_etl_dag.py
[2026-03-06T00:01:20.632+0000] {logging_mixin.py:190} INFO - [2026-03-06T00:01:20.631+0000] {dag.py:3229} INFO - Sync 1 DAGs
[2026-03-06T00:01:20.654+0000] {logging_mixin.py:190} INFO - [2026-03-06T00:01:20.654+0000] {dag.py:4156} INFO - Setting next_dagrun for Weather_to_Snowflake_v1 to 2026-03-05 02:30:00+00:00, run_after=2026-03-06 02:30:00+00:00
[2026-03-06T00:01:20.675+0000] {processor.py:208} INFO - Processing /opt/airflow/dags/weather_etl_dag.py took 0.109 seconds
[2026-03-06T00:01:34.345+0000] {processor.py:186} INFO - Started process (PID=2077) to work on /opt/airflow/dags/weather_etl_dag.py
[2026-03-06T00:01:34.347+0000] {processor.py:914} INFO - Processing file /opt/airflow/dags/weather_etl_dag.py for tasks to queue
[2026-03-06T00:01:34.350+0000] {logging_mixin.py:190} INFO - [2026-03-06T00:01:34.349+0000] {dagbag.py:587} INFO - Filling up the DagBag from /opt/airflow/dags/weather_etl_dag.py
[2026-03-06T00:01:34.380+0000] {processor.py:925} INFO - DAG(s) 'weather_to_snowflake_pipeline' retrieved from /opt/airflow/dags/weather_etl_dag.py
[2026-03-06T00:01:34.469+0000] {logging_mixin.py:190} INFO - [2026-03-06T00:01:34.468+0000] {override.py:1900} INFO - Created Permission View: can edit on DAG:weather_to_snowflake_pipeline
[2026-03-06T00:01:34.479+0000] {logging_mixin.py:190} INFO - [2026-03-06T00:01:34.478+0000] {override.py:1900} INFO - Created Permission View: can delete on DAG:weather_to_snowflake_pipeline
[2026-03-06T00:01:34.485+0000] {logging_mixin.py:190} INFO - [2026-03-06T00:01:34.485+0000] {override.py:1900} INFO - Created Permission View: can read on DAG:weather_to_snowflake_pipeline
[2026-03-06T00:01:34.494+0000] {logging_mixin.py:190} INFO - [2026-03-06T00:01:34.494+0000] {override.py:1900} INFO - Created Permission View: menu access on DAG Run:weather_to_snowflake_pipeline
[2026-03-06T00:01:34.502+0000] {logging_mixin.py:190} INFO - [2026-03-06T00:01:34.502+0000] {override.py:1900} INFO - Created Permission View: can delete on DAG Run:weather_to_snowflake_pipeline
[2026-03-06T00:01:34.508+0000] {logging_mixin.py:190} INFO - [2026-03-06T00:01:34.508+0000] {override.py:1900} INFO - Created Permission View: can create on DAG Run:weather_to_snowflake_pipeline
[2026-03-06T00:01:34.517+0000] {logging_mixin.py:190} INFO - [2026-03-06T00:01:34.516+0000] {override.py:1900} INFO - Created Permission View: can read on DAG Run:weather_to_snowflake_pipeline
[2026-03-06T00:01:34.518+0000] {logging_mixin.py:190} INFO - [2026-03-06T00:01:34.517+0000] {dag.py:3229} INFO - Sync 1 DAGs
[2026-03-06T00:01:34.531+0000] {logging_mixin.py:190} INFO - [2026-03-06T00:01:34.530+0000] {dag.py:3252} INFO - Creating ORM DAG for weather_to_snowflake_pipeline
[2026-03-06T00:01:34.539+0000] {logging_mixin.py:190} INFO - [2026-03-06T00:01:34.539+0000] {dag.py:4156} INFO - Setting next_dagrun for weather_to_snowflake_pipeline to 2026-03-04 02:30:00+00:00, run_after=2026-03-05 02:30:00+00:00
[2026-03-06T00:01:34.563+0000] {processor.py:208} INFO - Processing /opt/airflow/dags/weather_etl_dag.py took 0.226 seconds
[2026-03-06T00:02:04.869+0000] {processor.py:186} INFO - Started process (PID=2126) to work on /opt/airflow/dags/weather_etl_dag.py
[2026-03-06T00:02:04.874+0000] {processor.py:914} INFO - Processing file /opt/airflow/dags/weather_etl_dag.py for tasks to queue
[2026-03-06T00:02:04.890+0000] {logging_mixin.py:190} INFO - [2026-03-06T00:02:04.888+0000] {dagbag.py:587} INFO - Filling up the DagBag from /opt/airflow/dags/weather_etl_dag.py
[2026-03-06T00:02:05.096+0000] {processor.py:925} INFO - DAG(s) 'weather_to_snowflake_pipeline' retrieved from /opt/airflow/dags/weather_etl_dag.py
[2026-03-06T00:02:05.170+0000] {logging_mixin.py:190} INFO - [2026-03-06T00:02:05.168+0000] {dag.py:3229} INFO - Sync 1 DAGs
[2026-03-06T00:02:05.249+0000] {logging_mixin.py:190} INFO - [2026-03-06T00:02:05.248+0000] {dag.py:4156} INFO - Setting next_dagrun for weather_to_snowflake_pipeline to 2026-03-05 02:30:00+00:00, run_after=2026-03-06 02:30:00+00:00
[2026-03-06T00:02:05.350+0000] {processor.py:208} INFO - Processing /opt/airflow/dags/weather_etl_dag.py took 0.503 seconds
[2026-03-06T00:02:35.813+0000] {processor.py:186} INFO - Started process (PID=2164) to work on /opt/airflow/dags/weather_etl_dag.py
[2026-03-06T00:02:35.815+0000] {processor.py:914} INFO - Processing file /opt/airflow/dags/weather_etl_dag.py for tasks to queue
[2026-03-06T00:02:35.818+0000] {logging_mixin.py:190} INFO - [2026-03-06T00:02:35.817+0000] {dagbag.py:587} INFO - Filling up the DagBag from /opt/airflow/dags/weather_etl_dag.py
[2026-03-06T00:02:35.848+0000] {processor.py:925} INFO - DAG(s) 'weather_to_snowflake_pipeline' retrieved from /opt/airflow/dags/weather_etl_dag.py
[2026-03-06T00:02:35.873+0000] {logging_mixin.py:190} INFO - [2026-03-06T00:02:35.873+0000] {dag.py:3229} INFO - Sync 1 DAGs
[2026-03-06T00:02:35.898+0000] {logging_mixin.py:190} INFO - [2026-03-06T00:02:35.897+0000] {dag.py:4156} INFO - Setting next_dagrun for weather_to_snowflake_pipeline to 2026-03-05 02:30:00+00:00, run_after=2026-03-06 02:30:00+00:00
[2026-03-06T00:02:35.920+0000] {processor.py:208} INFO - Processing /opt/airflow/dags/weather_etl_dag.py took 0.115 seconds
[2026-03-06T00:03:06.185+0000] {processor.py:186} INFO - Started process (PID=2180) to work on /opt/airflow/dags/weather_etl_dag.py
[2026-03-06T00:03:06.186+0000] {processor.py:914} INFO - Processing file /opt/airflow/dags/weather_etl_dag.py for tasks to queue
[2026-03-06T00:03:06.191+0000] {logging_mixin.py:190} INFO - [2026-03-06T00:03:06.190+0000] {dagbag.py:587} INFO - Filling up the DagBag from /opt/airflow/dags/weather_etl_dag.py
[2026-03-06T00:03:06.226+0000] {processor.py:925} INFO - DAG(s) 'weather_to_snowflake_pipeline' retrieved from /opt/airflow/dags/weather_etl_dag.py
[2026-03-06T00:03:06.274+0000] {logging_mixin.py:190} INFO - [2026-03-06T00:03:06.274+0000] {dag.py:3229} INFO - Sync 1 DAGs
[2026-03-06T00:03:06.311+0000] {logging_mixin.py:190} INFO - [2026-03-06T00:03:06.309+0000] {dag.py:4156} INFO - Setting next_dagrun for weather_to_snowflake_pipeline to 2026-03-05 02:30:00+00:00, run_after=2026-03-06 02:30:00+00:00
[2026-03-06T00:03:06.357+0000] {processor.py:208} INFO - Processing /opt/airflow/dags/weather_etl_dag.py took 0.180 seconds
[2026-03-06T00:03:36.936+0000] {processor.py:186} INFO - Started process (PID=2196) to work on /opt/airflow/dags/weather_etl_dag.py
[2026-03-06T00:03:36.938+0000] {processor.py:914} INFO - Processing file /opt/airflow/dags/weather_etl_dag.py for tasks to queue
[2026-03-06T00:03:36.942+0000] {logging_mixin.py:190} INFO - [2026-03-06T00:03:36.941+0000] {dagbag.py:587} INFO - Filling up the DagBag from /opt/airflow/dags/weather_etl_dag.py
[2026-03-06T00:03:36.976+0000] {processor.py:925} INFO - DAG(s) 'weather_to_snowflake_pipeline' retrieved from /opt/airflow/dags/weather_etl_dag.py
[2026-03-06T00:03:37.006+0000] {logging_mixin.py:190} INFO - [2026-03-06T00:03:37.005+0000] {dag.py:3229} INFO - Sync 1 DAGs
[2026-03-06T00:03:37.032+0000] {logging_mixin.py:190} INFO - [2026-03-06T00:03:37.032+0000] {dag.py:4156} INFO - Setting next_dagrun for weather_to_snowflake_pipeline to 2026-03-05 02:30:00+00:00, run_after=2026-03-06 02:30:00+00:00
[2026-03-06T00:03:37.054+0000] {processor.py:208} INFO - Processing /opt/airflow/dags/weather_etl_dag.py took 0.126 seconds
[2026-03-06T00:04:07.288+0000] {processor.py:186} INFO - Started process (PID=2237) to work on /opt/airflow/dags/weather_etl_dag.py
[2026-03-06T00:04:07.289+0000] {processor.py:914} INFO - Processing file /opt/airflow/dags/weather_etl_dag.py for tasks to queue
[2026-03-06T00:04:07.293+0000] {logging_mixin.py:190} INFO - [2026-03-06T00:04:07.292+0000] {dagbag.py:587} INFO - Filling up the DagBag from /opt/airflow/dags/weather_etl_dag.py
[2026-03-06T00:04:07.328+0000] {processor.py:925} INFO - DAG(s) 'weather_to_snowflake_pipeline' retrieved from /opt/airflow/dags/weather_etl_dag.py
[2026-03-06T00:04:07.368+0000] {logging_mixin.py:190} INFO - [2026-03-06T00:04:07.367+0000] {dag.py:3229} INFO - Sync 1 DAGs
[2026-03-06T00:04:07.402+0000] {logging_mixin.py:190} INFO - [2026-03-06T00:04:07.401+0000] {dag.py:4156} INFO - Setting next_dagrun for weather_to_snowflake_pipeline to 2026-03-05 02:30:00+00:00, run_after=2026-03-06 02:30:00+00:00
[2026-03-06T00:04:07.427+0000] {processor.py:208} INFO - Processing /opt/airflow/dags/weather_etl_dag.py took 0.145 seconds
[2026-03-06T00:04:37.714+0000] {processor.py:186} INFO - Started process (PID=2263) to work on /opt/airflow/dags/weather_etl_dag.py
[2026-03-06T00:04:37.715+0000] {processor.py:914} INFO - Processing file /opt/airflow/dags/weather_etl_dag.py for tasks to queue
[2026-03-06T00:04:37.718+0000] {logging_mixin.py:190} INFO - [2026-03-06T00:04:37.717+0000] {dagbag.py:587} INFO - Filling up the DagBag from /opt/airflow/dags/weather_etl_dag.py
[2026-03-06T00:04:37.749+0000] {processor.py:925} INFO - DAG(s) 'weather_to_snowflake_pipeline' retrieved from /opt/airflow/dags/weather_etl_dag.py
[2026-03-06T00:04:37.778+0000] {logging_mixin.py:190} INFO - [2026-03-06T00:04:37.777+0000] {dag.py:3229} INFO - Sync 1 DAGs
[2026-03-06T00:04:37.807+0000] {logging_mixin.py:190} INFO - [2026-03-06T00:04:37.807+0000] {dag.py:4156} INFO - Setting next_dagrun for weather_to_snowflake_pipeline to 2026-03-05 02:30:00+00:00, run_after=2026-03-06 02:30:00+00:00
[2026-03-06T00:04:37.837+0000] {processor.py:208} INFO - Processing /opt/airflow/dags/weather_etl_dag.py took 0.130 seconds
[2026-03-06T00:05:08.339+0000] {processor.py:186} INFO - Started process (PID=2279) to work on /opt/airflow/dags/weather_etl_dag.py
[2026-03-06T00:05:08.341+0000] {processor.py:914} INFO - Processing file /opt/airflow/dags/weather_etl_dag.py for tasks to queue
[2026-03-06T00:05:08.344+0000] {logging_mixin.py:190} INFO - [2026-03-06T00:05:08.343+0000] {dagbag.py:587} INFO - Filling up the DagBag from /opt/airflow/dags/weather_etl_dag.py
[2026-03-06T00:05:08.373+0000] {processor.py:925} INFO - DAG(s) 'weather_to_snowflake_pipeline' retrieved from /opt/airflow/dags/weather_etl_dag.py
[2026-03-06T00:05:08.405+0000] {logging_mixin.py:190} INFO - [2026-03-06T00:05:08.404+0000] {dag.py:3229} INFO - Sync 1 DAGs
[2026-03-06T00:05:08.430+0000] {logging_mixin.py:190} INFO - [2026-03-06T00:05:08.430+0000] {dag.py:4156} INFO - Setting next_dagrun for weather_to_snowflake_pipeline to 2026-03-05 02:30:00+00:00, run_after=2026-03-06 02:30:00+00:00
[2026-03-06T00:05:08.456+0000] {processor.py:208} INFO - Processing /opt/airflow/dags/weather_etl_dag.py took 0.122 seconds
[2026-03-06T00:05:38.948+0000] {processor.py:186} INFO - Started process (PID=2295) to work on /opt/airflow/dags/weather_etl_dag.py
[2026-03-06T00:05:38.950+0000] {processor.py:914} INFO - Processing file /opt/airflow/dags/weather_etl_dag.py for tasks to queue
[2026-03-06T00:05:38.954+0000] {logging_mixin.py:190} INFO - [2026-03-06T00:05:38.954+0000] {dagbag.py:587} INFO - Filling up the DagBag from /opt/airflow/dags/weather_etl_dag.py
[2026-03-06T00:05:38.996+0000] {processor.py:925} INFO - DAG(s) 'weather_to_snowflake_pipeline' retrieved from /opt/airflow/dags/weather_etl_dag.py
[2026-03-06T00:05:39.025+0000] {logging_mixin.py:190} INFO - [2026-03-06T00:05:39.024+0000] {dag.py:3229} INFO - Sync 1 DAGs
[2026-03-06T00:05:39.051+0000] {logging_mixin.py:190} INFO - [2026-03-06T00:05:39.051+0000] {dag.py:4156} INFO - Setting next_dagrun for weather_to_snowflake_pipeline to 2026-03-05 02:30:00+00:00, run_after=2026-03-06 02:30:00+00:00
[2026-03-06T00:05:39.072+0000] {processor.py:208} INFO - Processing /opt/airflow/dags/weather_etl_dag.py took 0.132 seconds
[2026-03-06T00:06:09.500+0000] {processor.py:186} INFO - Started process (PID=2311) to work on /opt/airflow/dags/weather_etl_dag.py
[2026-03-06T00:06:09.501+0000] {processor.py:914} INFO - Processing file /opt/airflow/dags/weather_etl_dag.py for tasks to queue
[2026-03-06T00:06:09.505+0000] {logging_mixin.py:190} INFO - [2026-03-06T00:06:09.505+0000] {dagbag.py:587} INFO - Filling up the DagBag from /opt/airflow/dags/weather_etl_dag.py
[2026-03-06T00:06:09.539+0000] {processor.py:925} INFO - DAG(s) 'weather_to_snowflake_pipeline' retrieved from /opt/airflow/dags/weather_etl_dag.py
[2026-03-06T00:06:09.571+0000] {logging_mixin.py:190} INFO - [2026-03-06T00:06:09.570+0000] {dag.py:3229} INFO - Sync 1 DAGs
[2026-03-06T00:06:09.601+0000] {logging_mixin.py:190} INFO - [2026-03-06T00:06:09.601+0000] {dag.py:4156} INFO - Setting next_dagrun for weather_to_snowflake_pipeline to 2026-03-05 02:30:00+00:00, run_after=2026-03-06 02:30:00+00:00
[2026-03-06T00:06:09.627+0000] {processor.py:208} INFO - Processing /opt/airflow/dags/weather_etl_dag.py took 0.134 seconds
[2026-03-06T00:06:39.962+0000] {processor.py:186} INFO - Started process (PID=2328) to work on /opt/airflow/dags/weather_etl_dag.py
[2026-03-06T00:06:39.969+0000] {processor.py:914} INFO - Processing file /opt/airflow/dags/weather_etl_dag.py for tasks to queue
[2026-03-06T00:06:39.992+0000] {logging_mixin.py:190} INFO - [2026-03-06T00:06:39.989+0000] {dagbag.py:587} INFO - Filling up the DagBag from /opt/airflow/dags/weather_etl_dag.py
[2026-03-06T00:06:40.039+0000] {processor.py:925} INFO - DAG(s) 'weather_to_snowflake_pipeline' retrieved from /opt/airflow/dags/weather_etl_dag.py
[2026-03-06T00:06:40.088+0000] {logging_mixin.py:190} INFO - [2026-03-06T00:06:40.088+0000] {dag.py:3229} INFO - Sync 1 DAGs
[2026-03-06T00:06:40.135+0000] {logging_mixin.py:190} INFO - [2026-03-06T00:06:40.135+0000] {dag.py:4156} INFO - Setting next_dagrun for weather_to_snowflake_pipeline to 2026-03-05 02:30:00+00:00, run_after=2026-03-06 02:30:00+00:00
[2026-03-06T00:06:40.170+0000] {processor.py:208} INFO - Processing /opt/airflow/dags/weather_etl_dag.py took 0.251 seconds
[2026-03-06T00:07:10.740+0000] {processor.py:186} INFO - Started process (PID=2349) to work on /opt/airflow/dags/weather_etl_dag.py
[2026-03-06T00:07:10.757+0000] {processor.py:914} INFO - Processing file /opt/airflow/dags/weather_etl_dag.py for tasks to queue
[2026-03-06T00:07:10.764+0000] {logging_mixin.py:190} INFO - [2026-03-06T00:07:10.764+0000] {dagbag.py:587} INFO - Filling up the DagBag from /opt/airflow/dags/weather_etl_dag.py
[2026-03-06T00:07:10.820+0000] {processor.py:925} INFO - DAG(s) 'weather_to_snowflake_pipeline' retrieved from /opt/airflow/dags/weather_etl_dag.py
[2026-03-06T00:07:10.855+0000] {logging_mixin.py:190} INFO - [2026-03-06T00:07:10.855+0000] {dag.py:3229} INFO - Sync 1 DAGs
[2026-03-06T00:07:10.876+0000] {logging_mixin.py:190} INFO - [2026-03-06T00:07:10.876+0000] {dag.py:4156} INFO - Setting next_dagrun for weather_to_snowflake_pipeline to 2026-03-05 02:30:00+00:00, run_after=2026-03-06 02:30:00+00:00
[2026-03-06T00:07:10.897+0000] {processor.py:208} INFO - Processing /opt/airflow/dags/weather_etl_dag.py took 0.169 seconds
[2026-03-06T00:07:41.416+0000] {processor.py:186} INFO - Started process (PID=2365) to work on /opt/airflow/dags/weather_etl_dag.py
[2026-03-06T00:07:41.418+0000] {processor.py:914} INFO - Processing file /opt/airflow/dags/weather_etl_dag.py for tasks to queue
[2026-03-06T00:07:41.420+0000] {logging_mixin.py:190} INFO - [2026-03-06T00:07:41.420+0000] {dagbag.py:587} INFO - Filling up the DagBag from /opt/airflow/dags/weather_etl_dag.py
[2026-03-06T00:07:41.456+0000] {processor.py:925} INFO - DAG(s) 'weather_to_snowflake_pipeline' retrieved from /opt/airflow/dags/weather_etl_dag.py
[2026-03-06T00:07:41.482+0000] {logging_mixin.py:190} INFO - [2026-03-06T00:07:41.481+0000] {dag.py:3229} INFO - Sync 1 DAGs
[2026-03-06T00:07:41.508+0000] {logging_mixin.py:190} INFO - [2026-03-06T00:07:41.507+0000] {dag.py:4156} INFO - Setting next_dagrun for weather_to_snowflake_pipeline to 2026-03-05 02:30:00+00:00, run_after=2026-03-06 02:30:00+00:00
[2026-03-06T00:07:41.533+0000] {processor.py:208} INFO - Processing /opt/airflow/dags/weather_etl_dag.py took 0.121 seconds
[2026-03-06T00:08:11.996+0000] {processor.py:186} INFO - Started process (PID=2382) to work on /opt/airflow/dags/weather_etl_dag.py
[2026-03-06T00:08:11.997+0000] {processor.py:914} INFO - Processing file /opt/airflow/dags/weather_etl_dag.py for tasks to queue
[2026-03-06T00:08:11.999+0000] {logging_mixin.py:190} INFO - [2026-03-06T00:08:11.999+0000] {dagbag.py:587} INFO - Filling up the DagBag from /opt/airflow/dags/weather_etl_dag.py
[2026-03-06T00:08:12.041+0000] {processor.py:925} INFO - DAG(s) 'weather_to_snowflake_pipeline' retrieved from /opt/airflow/dags/weather_etl_dag.py
[2026-03-06T00:08:12.073+0000] {logging_mixin.py:190} INFO - [2026-03-06T00:08:12.072+0000] {dag.py:3229} INFO - Sync 1 DAGs
[2026-03-06T00:08:12.104+0000] {logging_mixin.py:190} INFO - [2026-03-06T00:08:12.103+0000] {dag.py:4156} INFO - Setting next_dagrun for weather_to_snowflake_pipeline to 2026-03-05 02:30:00+00:00, run_after=2026-03-06 02:30:00+00:00
[2026-03-06T00:08:12.129+0000] {processor.py:208} INFO - Processing /opt/airflow/dags/weather_etl_dag.py took 0.140 seconds
[2026-03-06T00:08:42.708+0000] {processor.py:186} INFO - Started process (PID=2403) to work on /opt/airflow/dags/weather_etl_dag.py
[2026-03-06T00:08:42.710+0000] {processor.py:914} INFO - Processing file /opt/airflow/dags/weather_etl_dag.py for tasks to queue
[2026-03-06T00:08:42.712+0000] {logging_mixin.py:190} INFO - [2026-03-06T00:08:42.712+0000] {dagbag.py:587} INFO - Filling up the DagBag from /opt/airflow/dags/weather_etl_dag.py
[2026-03-06T00:08:42.744+0000] {processor.py:925} INFO - DAG(s) 'weather_to_snowflake_pipeline' retrieved from /opt/airflow/dags/weather_etl_dag.py
[2026-03-06T00:08:42.776+0000] {logging_mixin.py:190} INFO - [2026-03-06T00:08:42.775+0000] {dag.py:3229} INFO - Sync 1 DAGs
[2026-03-06T00:08:42.801+0000] {logging_mixin.py:190} INFO - [2026-03-06T00:08:42.801+0000] {dag.py:4156} INFO - Setting next_dagrun for weather_to_snowflake_pipeline to 2026-03-05 02:30:00+00:00, run_after=2026-03-06 02:30:00+00:00
[2026-03-06T00:08:42.825+0000] {processor.py:208} INFO - Processing /opt/airflow/dags/weather_etl_dag.py took 0.122 seconds
[2026-03-06T00:09:13.262+0000] {processor.py:186} INFO - Started process (PID=2424) to work on /opt/airflow/dags/weather_etl_dag.py
[2026-03-06T00:09:13.263+0000] {processor.py:914} INFO - Processing file /opt/airflow/dags/weather_etl_dag.py for tasks to queue
[2026-03-06T00:09:13.266+0000] {logging_mixin.py:190} INFO - [2026-03-06T00:09:13.266+0000] {dagbag.py:587} INFO - Filling up the DagBag from /opt/airflow/dags/weather_etl_dag.py
[2026-03-06T00:09:13.302+0000] {processor.py:925} INFO - DAG(s) 'weather_to_snowflake_pipeline' retrieved from /opt/airflow/dags/weather_etl_dag.py
[2026-03-06T00:09:13.328+0000] {logging_mixin.py:190} INFO - [2026-03-06T00:09:13.328+0000] {dag.py:3229} INFO - Sync 1 DAGs
[2026-03-06T00:09:13.346+0000] {logging_mixin.py:190} INFO - [2026-03-06T00:09:13.346+0000] {dag.py:4156} INFO - Setting next_dagrun for weather_to_snowflake_pipeline to 2026-03-05 02:30:00+00:00, run_after=2026-03-06 02:30:00+00:00
[2026-03-06T00:09:13.361+0000] {processor.py:208} INFO - Processing /opt/airflow/dags/weather_etl_dag.py took 0.104 seconds
[2026-03-06T00:09:43.793+0000] {processor.py:186} INFO - Started process (PID=2445) to work on /opt/airflow/dags/weather_etl_dag.py
[2026-03-06T00:09:43.794+0000] {processor.py:914} INFO - Processing file /opt/airflow/dags/weather_etl_dag.py for tasks to queue
[2026-03-06T00:09:43.797+0000] {logging_mixin.py:190} INFO - [2026-03-06T00:09:43.797+0000] {dagbag.py:587} INFO - Filling up the DagBag from /opt/airflow/dags/weather_etl_dag.py
[2026-03-06T00:09:43.832+0000] {processor.py:925} INFO - DAG(s) 'weather_to_snowflake_pipeline' retrieved from /opt/airflow/dags/weather_etl_dag.py
[2026-03-06T00:09:43.862+0000] {logging_mixin.py:190} INFO - [2026-03-06T00:09:43.861+0000] {dag.py:3229} INFO - Sync 1 DAGs
[2026-03-06T00:09:43.888+0000] {logging_mixin.py:190} INFO - [2026-03-06T00:09:43.888+0000] {dag.py:4156} INFO - Setting next_dagrun for weather_to_snowflake_pipeline to 2026-03-05 02:30:00+00:00, run_after=2026-03-06 02:30:00+00:00
[2026-03-06T00:09:43.911+0000] {processor.py:208} INFO - Processing /opt/airflow/dags/weather_etl_dag.py took 0.123 seconds
[2026-03-06T00:10:14.357+0000] {processor.py:186} INFO - Started process (PID=2461) to work on /opt/airflow/dags/weather_etl_dag.py
[2026-03-06T00:10:14.358+0000] {processor.py:914} INFO - Processing file /opt/airflow/dags/weather_etl_dag.py for tasks to queue
[2026-03-06T00:10:14.361+0000] {logging_mixin.py:190} INFO - [2026-03-06T00:10:14.361+0000] {dagbag.py:587} INFO - Filling up the DagBag from /opt/airflow/dags/weather_etl_dag.py
[2026-03-06T00:10:14.431+0000] {processor.py:925} INFO - DAG(s) 'weather_to_snowflake_pipeline' retrieved from /opt/airflow/dags/weather_etl_dag.py
[2026-03-06T00:10:14.468+0000] {logging_mixin.py:190} INFO - [2026-03-06T00:10:14.467+0000] {dag.py:3229} INFO - Sync 1 DAGs
[2026-03-06T00:10:14.492+0000] {logging_mixin.py:190} INFO - [2026-03-06T00:10:14.492+0000] {dag.py:4156} INFO - Setting next_dagrun for weather_to_snowflake_pipeline to 2026-03-05 02:30:00+00:00, run_after=2026-03-06 02:30:00+00:00
[2026-03-06T00:10:14.507+0000] {processor.py:208} INFO - Processing /opt/airflow/dags/weather_etl_dag.py took 0.158 seconds
[2026-03-06T00:10:44.903+0000] {processor.py:186} INFO - Started process (PID=2477) to work on /opt/airflow/dags/weather_etl_dag.py
[2026-03-06T00:10:44.904+0000] {processor.py:914} INFO - Processing file /opt/airflow/dags/weather_etl_dag.py for tasks to queue
[2026-03-06T00:10:44.907+0000] {logging_mixin.py:190} INFO - [2026-03-06T00:10:44.907+0000] {dagbag.py:587} INFO - Filling up the DagBag from /opt/airflow/dags/weather_etl_dag.py
[2026-03-06T00:10:44.942+0000] {processor.py:925} INFO - DAG(s) 'weather_to_snowflake_pipeline' retrieved from /opt/airflow/dags/weather_etl_dag.py
[2026-03-06T00:10:44.975+0000] {logging_mixin.py:190} INFO - [2026-03-06T00:10:44.975+0000] {dag.py:3229} INFO - Sync 1 DAGs
[2026-03-06T00:10:45.010+0000] {logging_mixin.py:190} INFO - [2026-03-06T00:10:45.010+0000] {dag.py:4156} INFO - Setting next_dagrun for weather_to_snowflake_pipeline to 2026-03-05 02:30:00+00:00, run_after=2026-03-06 02:30:00+00:00
[2026-03-06T00:10:45.040+0000] {processor.py:208} INFO - Processing /opt/airflow/dags/weather_etl_dag.py took 0.142 seconds
[2026-03-06T00:11:06.315+0000] {processor.py:186} INFO - Started process (PID=2488) to work on /opt/airflow/dags/weather_etl_dag.py
[2026-03-06T00:11:06.317+0000] {processor.py:914} INFO - Processing file /opt/airflow/dags/weather_etl_dag.py for tasks to queue
[2026-03-06T00:11:06.321+0000] {logging_mixin.py:190} INFO - [2026-03-06T00:11:06.321+0000] {dagbag.py:587} INFO - Filling up the DagBag from /opt/airflow/dags/weather_etl_dag.py
[2026-03-06T00:11:06.364+0000] {processor.py:925} INFO - DAG(s) 'weather_to_snowflake_pipeline' retrieved from /opt/airflow/dags/weather_etl_dag.py
[2026-03-06T00:11:06.396+0000] {logging_mixin.py:190} INFO - [2026-03-06T00:11:06.395+0000] {dag.py:3229} INFO - Sync 1 DAGs
[2026-03-06T00:11:06.422+0000] {logging_mixin.py:190} INFO - [2026-03-06T00:11:06.422+0000] {dag.py:4156} INFO - Setting next_dagrun for weather_to_snowflake_pipeline to 2026-03-05 02:30:00+00:00, run_after=2026-03-06 02:30:00+00:00
[2026-03-06T00:11:06.446+0000] {processor.py:208} INFO - Processing /opt/airflow/dags/weather_etl_dag.py took 0.138 seconds
[2026-03-06T00:11:36.721+0000] {processor.py:186} INFO - Started process (PID=2504) to work on /opt/airflow/dags/weather_etl_dag.py
[2026-03-06T00:11:36.722+0000] {processor.py:914} INFO - Processing file /opt/airflow/dags/weather_etl_dag.py for tasks to queue
[2026-03-06T00:11:36.724+0000] {logging_mixin.py:190} INFO - [2026-03-06T00:11:36.724+0000] {dagbag.py:587} INFO - Filling up the DagBag from /opt/airflow/dags/weather_etl_dag.py
[2026-03-06T00:11:36.753+0000] {processor.py:925} INFO - DAG(s) 'weather_to_snowflake_pipeline' retrieved from /opt/airflow/dags/weather_etl_dag.py
[2026-03-06T00:11:36.781+0000] {logging_mixin.py:190} INFO - [2026-03-06T00:11:36.781+0000] {dag.py:3229} INFO - Sync 1 DAGs
[2026-03-06T00:11:36.807+0000] {logging_mixin.py:190} INFO - [2026-03-06T00:11:36.807+0000] {dag.py:4156} INFO - Setting next_dagrun for weather_to_snowflake_pipeline to 2026-03-05 02:30:00+00:00, run_after=2026-03-06 02:30:00+00:00
[2026-03-06T00:11:36.830+0000] {processor.py:208} INFO - Processing /opt/airflow/dags/weather_etl_dag.py took 0.114 seconds
[2026-03-06T00:12:07.215+0000] {processor.py:186} INFO - Started process (PID=2520) to work on /opt/airflow/dags/weather_etl_dag.py
[2026-03-06T00:12:07.216+0000] {processor.py:914} INFO - Processing file /opt/airflow/dags/weather_etl_dag.py for tasks to queue
[2026-03-06T00:12:07.219+0000] {logging_mixin.py:190} INFO - [2026-03-06T00:12:07.218+0000] {dagbag.py:587} INFO - Filling up the DagBag from /opt/airflow/dags/weather_etl_dag.py
[2026-03-06T00:12:07.246+0000] {processor.py:925} INFO - DAG(s) 'weather_to_snowflake_pipeline' retrieved from /opt/airflow/dags/weather_etl_dag.py
[2026-03-06T00:12:07.273+0000] {logging_mixin.py:190} INFO - [2026-03-06T00:12:07.273+0000] {dag.py:3229} INFO - Sync 1 DAGs
[2026-03-06T00:12:07.293+0000] {logging_mixin.py:190} INFO - [2026-03-06T00:12:07.293+0000] {dag.py:4156} INFO - Setting next_dagrun for weather_to_snowflake_pipeline to 2026-03-05 02:30:00+00:00, run_after=2026-03-06 02:30:00+00:00
[2026-03-06T00:12:07.313+0000] {processor.py:208} INFO - Processing /opt/airflow/dags/weather_etl_dag.py took 0.103 seconds
[2026-03-06T00:12:37.642+0000] {processor.py:186} INFO - Started process (PID=2536) to work on /opt/airflow/dags/weather_etl_dag.py
[2026-03-06T00:12:37.643+0000] {processor.py:914} INFO - Processing file /opt/airflow/dags/weather_etl_dag.py for tasks to queue
[2026-03-06T00:12:37.646+0000] {logging_mixin.py:190} INFO - [2026-03-06T00:12:37.646+0000] {dagbag.py:587} INFO - Filling up the DagBag from /opt/airflow/dags/weather_etl_dag.py
[2026-03-06T00:12:37.679+0000] {processor.py:925} INFO - DAG(s) 'weather_to_snowflake_pipeline' retrieved from /opt/airflow/dags/weather_etl_dag.py
[2026-03-06T00:12:37.716+0000] {logging_mixin.py:190} INFO - [2026-03-06T00:12:37.715+0000] {dag.py:3229} INFO - Sync 1 DAGs
[2026-03-06T00:12:37.742+0000] {logging_mixin.py:190} INFO - [2026-03-06T00:12:37.742+0000] {dag.py:4156} INFO - Setting next_dagrun for weather_to_snowflake_pipeline to 2026-03-05 02:30:00+00:00, run_after=2026-03-06 02:30:00+00:00
[2026-03-06T00:12:37.763+0000] {processor.py:208} INFO - Processing /opt/airflow/dags/weather_etl_dag.py took 0.126 seconds
[2026-03-06T00:13:08.259+0000] {processor.py:186} INFO - Started process (PID=2572) to work on /opt/airflow/dags/weather_etl_dag.py
[2026-03-06T00:13:08.260+0000] {processor.py:914} INFO - Processing file /opt/airflow/dags/weather_etl_dag.py for tasks to queue
[2026-03-06T00:13:08.264+0000] {logging_mixin.py:190} INFO - [2026-03-06T00:13:08.263+0000] {dagbag.py:587} INFO - Filling up the DagBag from /opt/airflow/dags/weather_etl_dag.py
[2026-03-06T00:13:08.295+0000] {processor.py:925} INFO - DAG(s) 'weather_to_snowflake_pipeline' retrieved from /opt/airflow/dags/weather_etl_dag.py
[2026-03-06T00:13:08.324+0000] {logging_mixin.py:190} INFO - [2026-03-06T00:13:08.324+0000] {dag.py:3229} INFO - Sync 1 DAGs
[2026-03-06T00:13:08.347+0000] {logging_mixin.py:190} INFO - [2026-03-06T00:13:08.346+0000] {dag.py:4156} INFO - Setting next_dagrun for weather_to_snowflake_pipeline to 2026-03-05 02:30:00+00:00, run_after=2026-03-06 02:30:00+00:00
[2026-03-06T00:13:08.374+0000] {processor.py:208} INFO - Processing /opt/airflow/dags/weather_etl_dag.py took 0.122 seconds
[2026-03-06T00:13:38.765+0000] {processor.py:186} INFO - Started process (PID=2588) to work on /opt/airflow/dags/weather_etl_dag.py
[2026-03-06T00:13:38.766+0000] {processor.py:914} INFO - Processing file /opt/airflow/dags/weather_etl_dag.py for tasks to queue
[2026-03-06T00:13:38.770+0000] {logging_mixin.py:190} INFO - [2026-03-06T00:13:38.769+0000] {dagbag.py:587} INFO - Filling up the DagBag from /opt/airflow/dags/weather_etl_dag.py
[2026-03-06T00:13:38.806+0000] {processor.py:925} INFO - DAG(s) 'weather_to_snowflake_pipeline' retrieved from /opt/airflow/dags/weather_etl_dag.py
[2026-03-06T00:13:38.844+0000] {logging_mixin.py:190} INFO - [2026-03-06T00:13:38.843+0000] {dag.py:3229} INFO - Sync 1 DAGs
[2026-03-06T00:13:38.870+0000] {logging_mixin.py:190} INFO - [2026-03-06T00:13:38.870+0000] {dag.py:4156} INFO - Setting next_dagrun for weather_to_snowflake_pipeline to 2026-03-05 02:30:00+00:00, run_after=2026-03-06 02:30:00+00:00
[2026-03-06T00:13:38.899+0000] {processor.py:208} INFO - Processing /opt/airflow/dags/weather_etl_dag.py took 0.142 seconds
[2026-03-06T00:14:09.172+0000] {processor.py:186} INFO - Started process (PID=2624) to work on /opt/airflow/dags/weather_etl_dag.py
[2026-03-06T00:14:09.173+0000] {processor.py:914} INFO - Processing file /opt/airflow/dags/weather_etl_dag.py for tasks to queue
[2026-03-06T00:14:09.176+0000] {logging_mixin.py:190} INFO - [2026-03-06T00:14:09.176+0000] {dagbag.py:587} INFO - Filling up the DagBag from /opt/airflow/dags/weather_etl_dag.py
[2026-03-06T00:14:09.202+0000] {processor.py:925} INFO - DAG(s) 'weather_to_snowflake_pipeline' retrieved from /opt/airflow/dags/weather_etl_dag.py
[2026-03-06T00:14:09.227+0000] {logging_mixin.py:190} INFO - [2026-03-06T00:14:09.226+0000] {dag.py:3229} INFO - Sync 1 DAGs
[2026-03-06T00:14:09.248+0000] {logging_mixin.py:190} INFO - [2026-03-06T00:14:09.248+0000] {dag.py:4156} INFO - Setting next_dagrun for weather_to_snowflake_pipeline to 2026-03-05 02:30:00+00:00, run_after=2026-03-06 02:30:00+00:00
[2026-03-06T00:14:09.266+0000] {processor.py:208} INFO - Processing /opt/airflow/dags/weather_etl_dag.py took 0.101 seconds
[2026-03-06T00:14:39.703+0000] {processor.py:186} INFO - Started process (PID=2640) to work on /opt/airflow/dags/weather_etl_dag.py
[2026-03-06T00:14:39.704+0000] {processor.py:914} INFO - Processing file /opt/airflow/dags/weather_etl_dag.py for tasks to queue
[2026-03-06T00:14:39.707+0000] {logging_mixin.py:190} INFO - [2026-03-06T00:14:39.707+0000] {dagbag.py:587} INFO - Filling up the DagBag from /opt/airflow/dags/weather_etl_dag.py
[2026-03-06T00:14:39.737+0000] {processor.py:925} INFO - DAG(s) 'weather_to_snowflake_pipeline' retrieved from /opt/airflow/dags/weather_etl_dag.py
[2026-03-06T00:14:39.762+0000] {logging_mixin.py:190} INFO - [2026-03-06T00:14:39.761+0000] {dag.py:3229} INFO - Sync 1 DAGs
[2026-03-06T00:14:39.784+0000] {logging_mixin.py:190} INFO - [2026-03-06T00:14:39.784+0000] {dag.py:4156} INFO - Setting next_dagrun for weather_to_snowflake_pipeline to 2026-03-05 02:30:00+00:00, run_after=2026-03-06 02:30:00+00:00
[2026-03-06T00:14:39.803+0000] {processor.py:208} INFO - Processing /opt/airflow/dags/weather_etl_dag.py took 0.107 seconds
[2026-03-06T00:15:10.216+0000] {processor.py:186} INFO - Started process (PID=2656) to work on /opt/airflow/dags/weather_etl_dag.py
[2026-03-06T00:15:10.218+0000] {processor.py:914} INFO - Processing file /opt/airflow/dags/weather_etl_dag.py for tasks to queue
[2026-03-06T00:15:10.221+0000] {logging_mixin.py:190} INFO - [2026-03-06T00:15:10.221+0000] {dagbag.py:587} INFO - Filling up the DagBag from /opt/airflow/dags/weather_etl_dag.py
[2026-03-06T00:15:10.265+0000] {processor.py:925} INFO - DAG(s) 'weather_to_snowflake_pipeline' retrieved from /opt/airflow/dags/weather_etl_dag.py
[2026-03-06T00:15:10.293+0000] {logging_mixin.py:190} INFO - [2026-03-06T00:15:10.293+0000] {dag.py:3229} INFO - Sync 1 DAGs
[2026-03-06T00:15:10.314+0000] {logging_mixin.py:190} INFO - [2026-03-06T00:15:10.314+0000] {dag.py:4156} INFO - Setting next_dagrun for weather_to_snowflake_pipeline to 2026-03-05 02:30:00+00:00, run_after=2026-03-06 02:30:00+00:00
[2026-03-06T00:15:10.333+0000] {processor.py:208} INFO - Processing /opt/airflow/dags/weather_etl_dag.py took 0.125 seconds
[2026-03-06T00:15:40.694+0000] {processor.py:186} INFO - Started process (PID=2672) to work on /opt/airflow/dags/weather_etl_dag.py
[2026-03-06T00:15:40.696+0000] {processor.py:914} INFO - Processing file /opt/airflow/dags/weather_etl_dag.py for tasks to queue
[2026-03-06T00:15:40.698+0000] {logging_mixin.py:190} INFO - [2026-03-06T00:15:40.698+0000] {dagbag.py:587} INFO - Filling up the DagBag from /opt/airflow/dags/weather_etl_dag.py
[2026-03-06T00:15:40.723+0000] {processor.py:925} INFO - DAG(s) 'weather_to_snowflake_pipeline' retrieved from /opt/airflow/dags/weather_etl_dag.py
[2026-03-06T00:15:40.748+0000] {logging_mixin.py:190} INFO - [2026-03-06T00:15:40.748+0000] {dag.py:3229} INFO - Sync 1 DAGs
[2026-03-06T00:15:40.771+0000] {logging_mixin.py:190} INFO - [2026-03-06T00:15:40.771+0000] {dag.py:4156} INFO - Setting next_dagrun for weather_to_snowflake_pipeline to 2026-03-05 02:30:00+00:00, run_after=2026-03-06 02:30:00+00:00
[2026-03-06T00:15:40.790+0000] {processor.py:208} INFO - Processing /opt/airflow/dags/weather_etl_dag.py took 0.100 seconds
[2026-03-06T00:16:11.222+0000] {processor.py:186} INFO - Started process (PID=2688) to work on /opt/airflow/dags/weather_etl_dag.py
[2026-03-06T00:16:11.224+0000] {processor.py:914} INFO - Processing file /opt/airflow/dags/weather_etl_dag.py for tasks to queue
[2026-03-06T00:16:11.227+0000] {logging_mixin.py:190} INFO - [2026-03-06T00:16:11.226+0000] {dagbag.py:587} INFO - Filling up the DagBag from /opt/airflow/dags/weather_etl_dag.py
[2026-03-06T00:16:11.257+0000] {processor.py:925} INFO - DAG(s) 'weather_to_snowflake_pipeline' retrieved from /opt/airflow/dags/weather_etl_dag.py
[2026-03-06T00:16:11.285+0000] {logging_mixin.py:190} INFO - [2026-03-06T00:16:11.284+0000] {dag.py:3229} INFO - Sync 1 DAGs
[2026-03-06T00:16:11.305+0000] {logging_mixin.py:190} INFO - [2026-03-06T00:16:11.305+0000] {dag.py:4156} INFO - Setting next_dagrun for weather_to_snowflake_pipeline to 2026-03-05 02:30:00+00:00, run_after=2026-03-06 02:30:00+00:00
[2026-03-06T00:16:11.323+0000] {processor.py:208} INFO - Processing /opt/airflow/dags/weather_etl_dag.py took 0.107 seconds
[2026-03-06T00:16:41.919+0000] {processor.py:186} INFO - Started process (PID=2704) to work on /opt/airflow/dags/weather_etl_dag.py
[2026-03-06T00:16:41.921+0000] {processor.py:914} INFO - Processing file /opt/airflow/dags/weather_etl_dag.py for tasks to queue
[2026-03-06T00:16:41.923+0000] {logging_mixin.py:190} INFO - [2026-03-06T00:16:41.923+0000] {dagbag.py:587} INFO - Filling up the DagBag from /opt/airflow/dags/weather_etl_dag.py
[2026-03-06T00:16:41.958+0000] {processor.py:925} INFO - DAG(s) 'weather_to_snowflake_pipeline' retrieved from /opt/airflow/dags/weather_etl_dag.py
[2026-03-06T00:16:41.981+0000] {logging_mixin.py:190} INFO - [2026-03-06T00:16:41.981+0000] {dag.py:3229} INFO - Sync 1 DAGs
[2026-03-06T00:16:41.999+0000] {logging_mixin.py:190} INFO - [2026-03-06T00:16:41.998+0000] {dag.py:4156} INFO - Setting next_dagrun for weather_to_snowflake_pipeline to 2026-03-05 02:30:00+00:00, run_after=2026-03-06 02:30:00+00:00
[2026-03-06T00:16:42.026+0000] {processor.py:208} INFO - Processing /opt/airflow/dags/weather_etl_dag.py took 0.114 seconds
[2026-03-06T00:17:12.488+0000] {processor.py:186} INFO - Started process (PID=2720) to work on /opt/airflow/dags/weather_etl_dag.py
[2026-03-06T00:17:12.490+0000] {processor.py:914} INFO - Processing file /opt/airflow/dags/weather_etl_dag.py for tasks to queue
[2026-03-06T00:17:12.494+0000] {logging_mixin.py:190} INFO - [2026-03-06T00:17:12.493+0000] {dagbag.py:587} INFO - Filling up the DagBag from /opt/airflow/dags/weather_etl_dag.py
[2026-03-06T00:17:12.538+0000] {processor.py:925} INFO - DAG(s) 'weather_to_snowflake_pipeline' retrieved from /opt/airflow/dags/weather_etl_dag.py
[2026-03-06T00:17:12.563+0000] {logging_mixin.py:190} INFO - [2026-03-06T00:17:12.563+0000] {dag.py:3229} INFO - Sync 1 DAGs
[2026-03-06T00:17:12.583+0000] {logging_mixin.py:190} INFO - [2026-03-06T00:17:12.583+0000] {dag.py:4156} INFO - Setting next_dagrun for weather_to_snowflake_pipeline to 2026-03-05 02:30:00+00:00, run_after=2026-03-06 02:30:00+00:00
[2026-03-06T00:17:12.618+0000] {processor.py:208} INFO - Processing /opt/airflow/dags/weather_etl_dag.py took 0.139 seconds
[2026-03-06T00:17:43.106+0000] {processor.py:186} INFO - Started process (PID=2736) to work on /opt/airflow/dags/weather_etl_dag.py
[2026-03-06T00:17:43.107+0000] {processor.py:914} INFO - Processing file /opt/airflow/dags/weather_etl_dag.py for tasks to queue
[2026-03-06T00:17:43.111+0000] {logging_mixin.py:190} INFO - [2026-03-06T00:17:43.110+0000] {dagbag.py:587} INFO - Filling up the DagBag from /opt/airflow/dags/weather_etl_dag.py
[2026-03-06T00:17:43.152+0000] {processor.py:925} INFO - DAG(s) 'weather_to_snowflake_pipeline' retrieved from /opt/airflow/dags/weather_etl_dag.py
[2026-03-06T00:17:43.181+0000] {logging_mixin.py:190} INFO - [2026-03-06T00:17:43.181+0000] {dag.py:3229} INFO - Sync 1 DAGs
[2026-03-06T00:17:43.205+0000] {logging_mixin.py:190} INFO - [2026-03-06T00:17:43.205+0000] {dag.py:4156} INFO - Setting next_dagrun for weather_to_snowflake_pipeline to 2026-03-05 02:30:00+00:00, run_after=2026-03-06 02:30:00+00:00
[2026-03-06T00:17:43.233+0000] {processor.py:208} INFO - Processing /opt/airflow/dags/weather_etl_dag.py took 0.133 seconds
[2026-03-06T00:18:13.701+0000] {processor.py:186} INFO - Started process (PID=2787) to work on /opt/airflow/dags/weather_etl_dag.py
[2026-03-06T00:18:13.703+0000] {processor.py:914} INFO - Processing file /opt/airflow/dags/weather_etl_dag.py for tasks to queue
[2026-03-06T00:18:13.705+0000] {logging_mixin.py:190} INFO - [2026-03-06T00:18:13.705+0000] {dagbag.py:587} INFO - Filling up the DagBag from /opt/airflow/dags/weather_etl_dag.py
[2026-03-06T00:18:13.733+0000] {processor.py:925} INFO - DAG(s) 'weather_to_snowflake_pipeline' retrieved from /opt/airflow/dags/weather_etl_dag.py
[2026-03-06T00:18:13.761+0000] {logging_mixin.py:190} INFO - [2026-03-06T00:18:13.761+0000] {dag.py:3229} INFO - Sync 1 DAGs
[2026-03-06T00:18:13.785+0000] {logging_mixin.py:190} INFO - [2026-03-06T00:18:13.785+0000] {dag.py:4156} INFO - Setting next_dagrun for weather_to_snowflake_pipeline to 2026-03-05 02:30:00+00:00, run_after=2026-03-06 02:30:00+00:00
[2026-03-06T00:18:13.808+0000] {processor.py:208} INFO - Processing /opt/airflow/dags/weather_etl_dag.py took 0.112 seconds
[2026-03-06T00:18:44.162+0000] {processor.py:186} INFO - Started process (PID=2808) to work on /opt/airflow/dags/weather_etl_dag.py
[2026-03-06T00:18:44.163+0000] {processor.py:914} INFO - Processing file /opt/airflow/dags/weather_etl_dag.py for tasks to queue
[2026-03-06T00:18:44.167+0000] {logging_mixin.py:190} INFO - [2026-03-06T00:18:44.167+0000] {dagbag.py:587} INFO - Filling up the DagBag from /opt/airflow/dags/weather_etl_dag.py
[2026-03-06T00:18:44.208+0000] {processor.py:925} INFO - DAG(s) 'weather_to_snowflake_pipeline' retrieved from /opt/airflow/dags/weather_etl_dag.py
[2026-03-06T00:18:44.236+0000] {logging_mixin.py:190} INFO - [2026-03-06T00:18:44.235+0000] {dag.py:3229} INFO - Sync 1 DAGs
[2026-03-06T00:18:44.255+0000] {logging_mixin.py:190} INFO - [2026-03-06T00:18:44.254+0000] {dag.py:4156} INFO - Setting next_dagrun for weather_to_snowflake_pipeline to 2026-03-05 02:30:00+00:00, run_after=2026-03-06 02:30:00+00:00
[2026-03-06T00:18:44.274+0000] {processor.py:208} INFO - Processing /opt/airflow/dags/weather_etl_dag.py took 0.120 seconds
[2026-03-06T00:19:14.793+0000] {processor.py:186} INFO - Started process (PID=2824) to work on /opt/airflow/dags/weather_etl_dag.py
[2026-03-06T00:19:14.794+0000] {processor.py:914} INFO - Processing file /opt/airflow/dags/weather_etl_dag.py for tasks to queue
[2026-03-06T00:19:14.800+0000] {logging_mixin.py:190} INFO - [2026-03-06T00:19:14.799+0000] {dagbag.py:587} INFO - Filling up the DagBag from /opt/airflow/dags/weather_etl_dag.py
[2026-03-06T00:19:14.868+0000] {processor.py:925} INFO - DAG(s) 'weather_to_snowflake_pipeline' retrieved from /opt/airflow/dags/weather_etl_dag.py
[2026-03-06T00:19:14.899+0000] {logging_mixin.py:190} INFO - [2026-03-06T00:19:14.899+0000] {dag.py:3229} INFO - Sync 1 DAGs
[2026-03-06T00:19:14.924+0000] {logging_mixin.py:190} INFO - [2026-03-06T00:19:14.924+0000] {dag.py:4156} INFO - Setting next_dagrun for weather_to_snowflake_pipeline to 2026-03-05 02:30:00+00:00, run_after=2026-03-06 02:30:00+00:00
[2026-03-06T00:19:14.947+0000] {processor.py:208} INFO - Processing /opt/airflow/dags/weather_etl_dag.py took 0.163 seconds
[2026-03-06T00:19:45.242+0000] {processor.py:186} INFO - Started process (PID=2860) to work on /opt/airflow/dags/weather_etl_dag.py
[2026-03-06T00:19:45.246+0000] {processor.py:914} INFO - Processing file /opt/airflow/dags/weather_etl_dag.py for tasks to queue
[2026-03-06T00:19:45.251+0000] {logging_mixin.py:190} INFO - [2026-03-06T00:19:45.250+0000] {dagbag.py:587} INFO - Filling up the DagBag from /opt/airflow/dags/weather_etl_dag.py
[2026-03-06T00:19:45.302+0000] {processor.py:925} INFO - DAG(s) 'weather_to_snowflake_pipeline' retrieved from /opt/airflow/dags/weather_etl_dag.py
[2026-03-06T00:19:45.325+0000] {logging_mixin.py:190} INFO - [2026-03-06T00:19:45.325+0000] {dag.py:3229} INFO - Sync 1 DAGs
[2026-03-06T00:19:45.343+0000] {logging_mixin.py:190} INFO - [2026-03-06T00:19:45.343+0000] {dag.py:4156} INFO - Setting next_dagrun for weather_to_snowflake_pipeline to 2026-03-05 02:30:00+00:00, run_after=2026-03-06 02:30:00+00:00
[2026-03-06T00:19:45.361+0000] {processor.py:208} INFO - Processing /opt/airflow/dags/weather_etl_dag.py took 0.127 seconds
[2026-03-06T00:20:15.893+0000] {processor.py:186} INFO - Started process (PID=2876) to work on /opt/airflow/dags/weather_etl_dag.py
[2026-03-06T00:20:15.895+0000] {processor.py:914} INFO - Processing file /opt/airflow/dags/weather_etl_dag.py for tasks to queue
[2026-03-06T00:20:15.899+0000] {logging_mixin.py:190} INFO - [2026-03-06T00:20:15.898+0000] {dagbag.py:587} INFO - Filling up the DagBag from /opt/airflow/dags/weather_etl_dag.py
[2026-03-06T00:20:15.949+0000] {processor.py:925} INFO - DAG(s) 'weather_to_snowflake_pipeline' retrieved from /opt/airflow/dags/weather_etl_dag.py
[2026-03-06T00:20:15.984+0000] {logging_mixin.py:190} INFO - [2026-03-06T00:20:15.984+0000] {dag.py:3229} INFO - Sync 1 DAGs
[2026-03-06T00:20:16.014+0000] {logging_mixin.py:190} INFO - [2026-03-06T00:20:16.014+0000] {dag.py:4156} INFO - Setting next_dagrun for weather_to_snowflake_pipeline to 2026-03-05 02:30:00+00:00, run_after=2026-03-06 02:30:00+00:00
[2026-03-06T00:20:16.040+0000] {processor.py:208} INFO - Processing /opt/airflow/dags/weather_etl_dag.py took 0.157 seconds
[2026-03-06T00:20:46.558+0000] {processor.py:186} INFO - Started process (PID=2892) to work on /opt/airflow/dags/weather_etl_dag.py
[2026-03-06T00:20:46.560+0000] {processor.py:914} INFO - Processing file /opt/airflow/dags/weather_etl_dag.py for tasks to queue
[2026-03-06T00:20:46.563+0000] {logging_mixin.py:190} INFO - [2026-03-06T00:20:46.562+0000] {dagbag.py:587} INFO - Filling up the DagBag from /opt/airflow/dags/weather_etl_dag.py
[2026-03-06T00:20:46.599+0000] {processor.py:925} INFO - DAG(s) 'weather_to_snowflake_pipeline' retrieved from /opt/airflow/dags/weather_etl_dag.py
[2026-03-06T00:20:46.627+0000] {logging_mixin.py:190} INFO - [2026-03-06T00:20:46.626+0000] {dag.py:3229} INFO - Sync 1 DAGs
[2026-03-06T00:20:46.656+0000] {logging_mixin.py:190} INFO - [2026-03-06T00:20:46.655+0000] {dag.py:4156} INFO - Setting next_dagrun for weather_to_snowflake_pipeline to 2026-03-05 02:30:00+00:00, run_after=2026-03-06 02:30:00+00:00
[2026-03-06T00:20:46.680+0000] {processor.py:208} INFO - Processing /opt/airflow/dags/weather_etl_dag.py took 0.126 seconds
[2026-03-06T00:21:17.006+0000] {processor.py:186} INFO - Started process (PID=2908) to work on /opt/airflow/dags/weather_etl_dag.py
[2026-03-06T00:21:17.009+0000] {processor.py:914} INFO - Processing file /opt/airflow/dags/weather_etl_dag.py for tasks to queue
[2026-03-06T00:21:17.013+0000] {logging_mixin.py:190} INFO - [2026-03-06T00:21:17.012+0000] {dagbag.py:587} INFO - Filling up the DagBag from /opt/airflow/dags/weather_etl_dag.py
[2026-03-06T00:21:17.068+0000] {processor.py:925} INFO - DAG(s) 'weather_to_snowflake_pipeline' retrieved from /opt/airflow/dags/weather_etl_dag.py
[2026-03-06T00:21:17.102+0000] {logging_mixin.py:190} INFO - [2026-03-06T00:21:17.102+0000] {dag.py:3229} INFO - Sync 1 DAGs
[2026-03-06T00:21:17.123+0000] {logging_mixin.py:190} INFO - [2026-03-06T00:21:17.123+0000] {dag.py:4156} INFO - Setting next_dagrun for weather_to_snowflake_pipeline to 2026-03-05 02:30:00+00:00, run_after=2026-03-06 02:30:00+00:00
[2026-03-06T00:21:17.140+0000] {processor.py:208} INFO - Processing /opt/airflow/dags/weather_etl_dag.py took 0.144 seconds
[2026-03-06T00:21:47.682+0000] {processor.py:186} INFO - Started process (PID=2924) to work on /opt/airflow/dags/weather_etl_dag.py
[2026-03-06T00:21:47.683+0000] {processor.py:914} INFO - Processing file /opt/airflow/dags/weather_etl_dag.py for tasks to queue
[2026-03-06T00:21:47.685+0000] {logging_mixin.py:190} INFO - [2026-03-06T00:21:47.685+0000] {dagbag.py:587} INFO - Filling up the DagBag from /opt/airflow/dags/weather_etl_dag.py
[2026-03-06T00:21:47.713+0000] {processor.py:925} INFO - DAG(s) 'weather_to_snowflake_pipeline' retrieved from /opt/airflow/dags/weather_etl_dag.py
[2026-03-06T00:21:47.736+0000] {logging_mixin.py:190} INFO - [2026-03-06T00:21:47.736+0000] {dag.py:3229} INFO - Sync 1 DAGs
[2026-03-06T00:21:47.762+0000] {logging_mixin.py:190} INFO - [2026-03-06T00:21:47.761+0000] {dag.py:4156} INFO - Setting next_dagrun for weather_to_snowflake_pipeline to 2026-03-05 02:30:00+00:00, run_after=2026-03-06 02:30:00+00:00
[2026-03-06T00:21:47.779+0000] {processor.py:208} INFO - Processing /opt/airflow/dags/weather_etl_dag.py took 0.102 seconds
[2026-03-06T00:22:18.348+0000] {processor.py:186} INFO - Started process (PID=2940) to work on /opt/airflow/dags/weather_etl_dag.py
[2026-03-06T00:22:18.354+0000] {processor.py:914} INFO - Processing file /opt/airflow/dags/weather_etl_dag.py for tasks to queue
[2026-03-06T00:22:18.357+0000] {logging_mixin.py:190} INFO - [2026-03-06T00:22:18.357+0000] {dagbag.py:587} INFO - Filling up the DagBag from /opt/airflow/dags/weather_etl_dag.py
[2026-03-06T00:22:18.389+0000] {processor.py:925} INFO - DAG(s) 'weather_to_snowflake_pipeline' retrieved from /opt/airflow/dags/weather_etl_dag.py
[2026-03-06T00:22:18.418+0000] {logging_mixin.py:190} INFO - [2026-03-06T00:22:18.418+0000] {dag.py:3229} INFO - Sync 1 DAGs
[2026-03-06T00:22:18.442+0000] {logging_mixin.py:190} INFO - [2026-03-06T00:22:18.441+0000] {dag.py:4156} INFO - Setting next_dagrun for weather_to_snowflake_pipeline to 2026-03-05 02:30:00+00:00, run_after=2026-03-06 02:30:00+00:00
[2026-03-06T00:22:18.458+0000] {processor.py:208} INFO - Processing /opt/airflow/dags/weather_etl_dag.py took 0.120 seconds
[2026-03-06T00:22:48.898+0000] {processor.py:186} INFO - Started process (PID=2956) to work on /opt/airflow/dags/weather_etl_dag.py
[2026-03-06T00:22:48.899+0000] {processor.py:914} INFO - Processing file /opt/airflow/dags/weather_etl_dag.py for tasks to queue
[2026-03-06T00:22:48.901+0000] {logging_mixin.py:190} INFO - [2026-03-06T00:22:48.901+0000] {dagbag.py:587} INFO - Filling up the DagBag from /opt/airflow/dags/weather_etl_dag.py
[2026-03-06T00:22:48.930+0000] {processor.py:925} INFO - DAG(s) 'weather_to_snowflake_pipeline' retrieved from /opt/airflow/dags/weather_etl_dag.py
[2026-03-06T00:22:48.954+0000] {logging_mixin.py:190} INFO - [2026-03-06T00:22:48.954+0000] {dag.py:3229} INFO - Sync 1 DAGs
[2026-03-06T00:22:48.976+0000] {logging_mixin.py:190} INFO - [2026-03-06T00:22:48.976+0000] {dag.py:4156} INFO - Setting next_dagrun for weather_to_snowflake_pipeline to 2026-03-05 02:30:00+00:00, run_after=2026-03-06 02:30:00+00:00
[2026-03-06T00:22:49.000+0000] {processor.py:208} INFO - Processing /opt/airflow/dags/weather_etl_dag.py took 0.107 seconds
[2026-03-06T00:23:19.515+0000] {processor.py:186} INFO - Started process (PID=2972) to work on /opt/airflow/dags/weather_etl_dag.py
[2026-03-06T00:23:19.516+0000] {processor.py:914} INFO - Processing file /opt/airflow/dags/weather_etl_dag.py for tasks to queue
[2026-03-06T00:23:19.519+0000] {logging_mixin.py:190} INFO - [2026-03-06T00:23:19.518+0000] {dagbag.py:587} INFO - Filling up the DagBag from /opt/airflow/dags/weather_etl_dag.py
[2026-03-06T00:23:19.554+0000] {processor.py:925} INFO - DAG(s) 'weather_to_snowflake_pipeline' retrieved from /opt/airflow/dags/weather_etl_dag.py
[2026-03-06T00:23:19.579+0000] {logging_mixin.py:190} INFO - [2026-03-06T00:23:19.579+0000] {dag.py:3229} INFO - Sync 1 DAGs
[2026-03-06T00:23:19.598+0000] {logging_mixin.py:190} INFO - [2026-03-06T00:23:19.598+0000] {dag.py:4156} INFO - Setting next_dagrun for weather_to_snowflake_pipeline to 2026-03-05 02:30:00+00:00, run_after=2026-03-06 02:30:00+00:00
[2026-03-06T00:23:19.617+0000] {processor.py:208} INFO - Processing /opt/airflow/dags/weather_etl_dag.py took 0.107 seconds
[2026-03-06T00:23:50.048+0000] {processor.py:186} INFO - Started process (PID=2988) to work on /opt/airflow/dags/weather_etl_dag.py
[2026-03-06T00:23:50.050+0000] {processor.py:914} INFO - Processing file /opt/airflow/dags/weather_etl_dag.py for tasks to queue
[2026-03-06T00:23:50.054+0000] {logging_mixin.py:190} INFO - [2026-03-06T00:23:50.053+0000] {dagbag.py:587} INFO - Filling up the DagBag from /opt/airflow/dags/weather_etl_dag.py
[2026-03-06T00:23:50.103+0000] {processor.py:925} INFO - DAG(s) 'weather_to_snowflake_pipeline' retrieved from /opt/airflow/dags/weather_etl_dag.py
[2026-03-06T00:23:50.130+0000] {logging_mixin.py:190} INFO - [2026-03-06T00:23:50.129+0000] {dag.py:3229} INFO - Sync 1 DAGs
[2026-03-06T00:23:50.151+0000] {logging_mixin.py:190} INFO - [2026-03-06T00:23:50.150+0000] {dag.py:4156} INFO - Setting next_dagrun for weather_to_snowflake_pipeline to 2026-03-05 02:30:00+00:00, run_after=2026-03-06 02:30:00+00:00
[2026-03-06T00:23:50.170+0000] {processor.py:208} INFO - Processing /opt/airflow/dags/weather_etl_dag.py took 0.128 seconds
[2026-03-06T00:25:17.397+0000] {processor.py:186} INFO - Started process (PID=216) to work on /opt/airflow/dags/weather_etl_dag.py
[2026-03-06T00:25:17.399+0000] {processor.py:914} INFO - Processing file /opt/airflow/dags/weather_etl_dag.py for tasks to queue
[2026-03-06T00:25:17.404+0000] {logging_mixin.py:190} INFO - [2026-03-06T00:25:17.403+0000] {dagbag.py:587} INFO - Filling up the DagBag from /opt/airflow/dags/weather_etl_dag.py
[2026-03-06T00:25:17.435+0000] {processor.py:925} INFO - DAG(s) 'weather_to_snowflake_pipeline' retrieved from /opt/airflow/dags/weather_etl_dag.py
[2026-03-06T00:25:17.491+0000] {logging_mixin.py:190} INFO - [2026-03-06T00:25:17.491+0000] {dag.py:3229} INFO - Sync 1 DAGs
[2026-03-06T00:25:17.523+0000] {logging_mixin.py:190} INFO - [2026-03-06T00:25:17.522+0000] {dag.py:4156} INFO - Setting next_dagrun for weather_to_snowflake_pipeline to 2026-03-05 02:30:00+00:00, run_after=2026-03-06 02:30:00+00:00
[2026-03-06T00:25:17.567+0000] {processor.py:208} INFO - Processing /opt/airflow/dags/weather_etl_dag.py took 0.178 seconds
[2026-03-06T00:25:47.950+0000] {processor.py:186} INFO - Started process (PID=254) to work on /opt/airflow/dags/weather_etl_dag.py
[2026-03-06T00:25:47.952+0000] {processor.py:914} INFO - Processing file /opt/airflow/dags/weather_etl_dag.py for tasks to queue
[2026-03-06T00:25:47.961+0000] {logging_mixin.py:190} INFO - [2026-03-06T00:25:47.960+0000] {dagbag.py:587} INFO - Filling up the DagBag from /opt/airflow/dags/weather_etl_dag.py
[2026-03-06T00:25:48.033+0000] {processor.py:925} INFO - DAG(s) 'weather_to_snowflake_pipeline' retrieved from /opt/airflow/dags/weather_etl_dag.py
[2026-03-06T00:25:48.124+0000] {logging_mixin.py:190} INFO - [2026-03-06T00:25:48.122+0000] {dag.py:3229} INFO - Sync 1 DAGs
[2026-03-06T00:25:48.265+0000] {logging_mixin.py:190} INFO - [2026-03-06T00:25:48.264+0000] {dag.py:4156} INFO - Setting next_dagrun for weather_to_snowflake_pipeline to 2026-03-05 02:30:00+00:00, run_after=2026-03-06 02:30:00+00:00
[2026-03-06T00:25:48.348+0000] {processor.py:208} INFO - Processing /opt/airflow/dags/weather_etl_dag.py took 0.419 seconds
[2026-03-06T00:26:18.879+0000] {processor.py:186} INFO - Started process (PID=270) to work on /opt/airflow/dags/weather_etl_dag.py
[2026-03-06T00:26:18.880+0000] {processor.py:914} INFO - Processing file /opt/airflow/dags/weather_etl_dag.py for tasks to queue
[2026-03-06T00:26:18.883+0000] {logging_mixin.py:190} INFO - [2026-03-06T00:26:18.883+0000] {dagbag.py:587} INFO - Filling up the DagBag from /opt/airflow/dags/weather_etl_dag.py
[2026-03-06T00:26:18.913+0000] {processor.py:925} INFO - DAG(s) 'weather_to_snowflake_pipeline' retrieved from /opt/airflow/dags/weather_etl_dag.py
[2026-03-06T00:26:18.945+0000] {logging_mixin.py:190} INFO - [2026-03-06T00:26:18.944+0000] {dag.py:3229} INFO - Sync 1 DAGs
[2026-03-06T00:26:18.970+0000] {logging_mixin.py:190} INFO - [2026-03-06T00:26:18.970+0000] {dag.py:4156} INFO - Setting next_dagrun for weather_to_snowflake_pipeline to 2026-03-05 02:30:00+00:00, run_after=2026-03-06 02:30:00+00:00
[2026-03-06T00:26:18.990+0000] {processor.py:208} INFO - Processing /opt/airflow/dags/weather_etl_dag.py took 0.118 seconds
[2026-03-06T00:26:49.295+0000] {processor.py:186} INFO - Started process (PID=286) to work on /opt/airflow/dags/weather_etl_dag.py
[2026-03-06T00:26:49.296+0000] {processor.py:914} INFO - Processing file /opt/airflow/dags/weather_etl_dag.py for tasks to queue
[2026-03-06T00:26:49.299+0000] {logging_mixin.py:190} INFO - [2026-03-06T00:26:49.299+0000] {dagbag.py:587} INFO - Filling up the DagBag from /opt/airflow/dags/weather_etl_dag.py
[2026-03-06T00:26:49.331+0000] {processor.py:925} INFO - DAG(s) 'weather_to_snowflake_pipeline' retrieved from /opt/airflow/dags/weather_etl_dag.py
[2026-03-06T00:26:49.364+0000] {logging_mixin.py:190} INFO - [2026-03-06T00:26:49.363+0000] {dag.py:3229} INFO - Sync 1 DAGs
[2026-03-06T00:26:49.392+0000] {logging_mixin.py:190} INFO - [2026-03-06T00:26:49.391+0000] {dag.py:4156} INFO - Setting next_dagrun for weather_to_snowflake_pipeline to 2026-03-05 02:30:00+00:00, run_after=2026-03-06 02:30:00+00:00
[2026-03-06T00:26:49.415+0000] {processor.py:208} INFO - Processing /opt/airflow/dags/weather_etl_dag.py took 0.128 seconds
[2026-03-06T00:27:19.764+0000] {processor.py:186} INFO - Started process (PID=302) to work on /opt/airflow/dags/weather_etl_dag.py
[2026-03-06T00:27:19.765+0000] {processor.py:914} INFO - Processing file /opt/airflow/dags/weather_etl_dag.py for tasks to queue
[2026-03-06T00:27:19.768+0000] {logging_mixin.py:190} INFO - [2026-03-06T00:27:19.768+0000] {dagbag.py:587} INFO - Filling up the DagBag from /opt/airflow/dags/weather_etl_dag.py
[2026-03-06T00:27:19.798+0000] {processor.py:925} INFO - DAG(s) 'weather_to_snowflake_pipeline' retrieved from /opt/airflow/dags/weather_etl_dag.py
[2026-03-06T00:27:19.827+0000] {logging_mixin.py:190} INFO - [2026-03-06T00:27:19.826+0000] {dag.py:3229} INFO - Sync 1 DAGs
[2026-03-06T00:27:19.850+0000] {logging_mixin.py:190} INFO - [2026-03-06T00:27:19.850+0000] {dag.py:4156} INFO - Setting next_dagrun for weather_to_snowflake_pipeline to 2026-03-05 02:30:00+00:00, run_after=2026-03-06 02:30:00+00:00
[2026-03-06T00:27:19.872+0000] {processor.py:208} INFO - Processing /opt/airflow/dags/weather_etl_dag.py took 0.114 seconds
[2026-03-06T00:27:50.228+0000] {processor.py:186} INFO - Started process (PID=319) to work on /opt/airflow/dags/weather_etl_dag.py
[2026-03-06T00:27:50.229+0000] {processor.py:914} INFO - Processing file /opt/airflow/dags/weather_etl_dag.py for tasks to queue
[2026-03-06T00:27:50.232+0000] {logging_mixin.py:190} INFO - [2026-03-06T00:27:50.231+0000] {dagbag.py:587} INFO - Filling up the DagBag from /opt/airflow/dags/weather_etl_dag.py
[2026-03-06T00:27:50.264+0000] {processor.py:925} INFO - DAG(s) 'weather_to_snowflake_pipeline' retrieved from /opt/airflow/dags/weather_etl_dag.py
[2026-03-06T00:27:50.293+0000] {logging_mixin.py:190} INFO - [2026-03-06T00:27:50.292+0000] {dag.py:3229} INFO - Sync 1 DAGs
[2026-03-06T00:27:50.316+0000] {logging_mixin.py:190} INFO - [2026-03-06T00:27:50.316+0000] {dag.py:4156} INFO - Setting next_dagrun for weather_to_snowflake_pipeline to 2026-03-05 02:30:00+00:00, run_after=2026-03-06 02:30:00+00:00
[2026-03-06T00:27:50.336+0000] {processor.py:208} INFO - Processing /opt/airflow/dags/weather_etl_dag.py took 0.113 seconds
[2026-03-06T00:28:20.650+0000] {processor.py:186} INFO - Started process (PID=335) to work on /opt/airflow/dags/weather_etl_dag.py
[2026-03-06T00:28:20.651+0000] {processor.py:914} INFO - Processing file /opt/airflow/dags/weather_etl_dag.py for tasks to queue
[2026-03-06T00:28:20.656+0000] {logging_mixin.py:190} INFO - [2026-03-06T00:28:20.655+0000] {dagbag.py:587} INFO - Filling up the DagBag from /opt/airflow/dags/weather_etl_dag.py
[2026-03-06T00:28:20.701+0000] {processor.py:925} INFO - DAG(s) 'weather_to_snowflake_pipeline' retrieved from /opt/airflow/dags/weather_etl_dag.py
[2026-03-06T00:28:20.733+0000] {logging_mixin.py:190} INFO - [2026-03-06T00:28:20.732+0000] {dag.py:3229} INFO - Sync 1 DAGs
[2026-03-06T00:28:20.756+0000] {logging_mixin.py:190} INFO - [2026-03-06T00:28:20.756+0000] {dag.py:4156} INFO - Setting next_dagrun for weather_to_snowflake_pipeline to 2026-03-05 02:30:00+00:00, run_after=2026-03-06 02:30:00+00:00
[2026-03-06T00:28:20.781+0000] {processor.py:208} INFO - Processing /opt/airflow/dags/weather_etl_dag.py took 0.147 seconds
[2026-03-06T00:28:51.208+0000] {processor.py:186} INFO - Started process (PID=353) to work on /opt/airflow/dags/weather_etl_dag.py
[2026-03-06T00:28:51.210+0000] {processor.py:914} INFO - Processing file /opt/airflow/dags/weather_etl_dag.py for tasks to queue
[2026-03-06T00:28:51.213+0000] {logging_mixin.py:190} INFO - [2026-03-06T00:28:51.213+0000] {dagbag.py:587} INFO - Filling up the DagBag from /opt/airflow/dags/weather_etl_dag.py
[2026-03-06T00:28:51.241+0000] {processor.py:925} INFO - DAG(s) 'weather_to_snowflake_pipeline' retrieved from /opt/airflow/dags/weather_etl_dag.py
[2026-03-06T00:28:51.270+0000] {logging_mixin.py:190} INFO - [2026-03-06T00:28:51.269+0000] {dag.py:3229} INFO - Sync 1 DAGs
[2026-03-06T00:28:51.293+0000] {logging_mixin.py:190} INFO - [2026-03-06T00:28:51.293+0000] {dag.py:4156} INFO - Setting next_dagrun for weather_to_snowflake_pipeline to 2026-03-05 02:30:00+00:00, run_after=2026-03-06 02:30:00+00:00
[2026-03-06T00:28:51.312+0000] {processor.py:208} INFO - Processing /opt/airflow/dags/weather_etl_dag.py took 0.110 seconds
[2026-03-06T00:30:21.525+0000] {processor.py:186} INFO - Started process (PID=216) to work on /opt/airflow/dags/weather_etl_dag.py
[2026-03-06T00:30:21.528+0000] {processor.py:914} INFO - Processing file /opt/airflow/dags/weather_etl_dag.py for tasks to queue
[2026-03-06T00:30:21.530+0000] {logging_mixin.py:190} INFO - [2026-03-06T00:30:21.530+0000] {dagbag.py:587} INFO - Filling up the DagBag from /opt/airflow/dags/weather_etl_dag.py
[2026-03-06T00:30:21.579+0000] {processor.py:925} INFO - DAG(s) 'weather_to_snowflake_pipeline' retrieved from /opt/airflow/dags/weather_etl_dag.py
[2026-03-06T00:30:21.710+0000] {logging_mixin.py:190} INFO - [2026-03-06T00:30:21.709+0000] {override.py:1900} INFO - Created Permission View: can edit on DAG:weather_to_snowflake_pipeline
[2026-03-06T00:30:21.721+0000] {logging_mixin.py:190} INFO - [2026-03-06T00:30:21.721+0000] {override.py:1900} INFO - Created Permission View: can delete on DAG:weather_to_snowflake_pipeline
[2026-03-06T00:30:21.730+0000] {logging_mixin.py:190} INFO - [2026-03-06T00:30:21.729+0000] {override.py:1900} INFO - Created Permission View: can read on DAG:weather_to_snowflake_pipeline
[2026-03-06T00:30:21.739+0000] {logging_mixin.py:190} INFO - [2026-03-06T00:30:21.738+0000] {override.py:1900} INFO - Created Permission View: menu access on DAG Run:weather_to_snowflake_pipeline
[2026-03-06T00:30:21.746+0000] {logging_mixin.py:190} INFO - [2026-03-06T00:30:21.746+0000] {override.py:1900} INFO - Created Permission View: can delete on DAG Run:weather_to_snowflake_pipeline
[2026-03-06T00:30:21.755+0000] {logging_mixin.py:190} INFO - [2026-03-06T00:30:21.755+0000] {override.py:1900} INFO - Created Permission View: can read on DAG Run:weather_to_snowflake_pipeline
[2026-03-06T00:30:21.763+0000] {logging_mixin.py:190} INFO - [2026-03-06T00:30:21.762+0000] {override.py:1900} INFO - Created Permission View: can create on DAG Run:weather_to_snowflake_pipeline
[2026-03-06T00:30:21.764+0000] {logging_mixin.py:190} INFO - [2026-03-06T00:30:21.763+0000] {dag.py:3229} INFO - Sync 1 DAGs
[2026-03-06T00:30:21.778+0000] {logging_mixin.py:190} INFO - [2026-03-06T00:30:21.777+0000] {dag.py:3252} INFO - Creating ORM DAG for weather_to_snowflake_pipeline
[2026-03-06T00:30:21.792+0000] {logging_mixin.py:190} INFO - [2026-03-06T00:30:21.792+0000] {dag.py:4156} INFO - Setting next_dagrun for weather_to_snowflake_pipeline to 2026-03-04 02:30:00+00:00, run_after=2026-03-05 02:30:00+00:00
[2026-03-06T00:30:21.813+0000] {processor.py:208} INFO - Processing /opt/airflow/dags/weather_etl_dag.py took 0.296 seconds
[2026-03-06T00:30:51.964+0000] {processor.py:186} INFO - Started process (PID=254) to work on /opt/airflow/dags/weather_etl_dag.py
[2026-03-06T00:30:51.965+0000] {processor.py:914} INFO - Processing file /opt/airflow/dags/weather_etl_dag.py for tasks to queue
[2026-03-06T00:30:51.967+0000] {logging_mixin.py:190} INFO - [2026-03-06T00:30:51.967+0000] {dagbag.py:587} INFO - Filling up the DagBag from /opt/airflow/dags/weather_etl_dag.py
[2026-03-06T00:30:51.992+0000] {processor.py:925} INFO - DAG(s) 'weather_to_snowflake_pipeline' retrieved from /opt/airflow/dags/weather_etl_dag.py
[2026-03-06T00:30:52.020+0000] {logging_mixin.py:190} INFO - [2026-03-06T00:30:52.019+0000] {dag.py:3229} INFO - Sync 1 DAGs
[2026-03-06T00:30:52.041+0000] {logging_mixin.py:190} INFO - [2026-03-06T00:30:52.041+0000] {dag.py:4156} INFO - Setting next_dagrun for weather_to_snowflake_pipeline to 2026-03-04 02:30:00+00:00, run_after=2026-03-05 02:30:00+00:00
[2026-03-06T00:30:52.059+0000] {processor.py:208} INFO - Processing /opt/airflow/dags/weather_etl_dag.py took 0.101 seconds
[2026-03-06T00:31:22.436+0000] {processor.py:186} INFO - Started process (PID=270) to work on /opt/airflow/dags/weather_etl_dag.py
[2026-03-06T00:31:22.437+0000] {processor.py:914} INFO - Processing file /opt/airflow/dags/weather_etl_dag.py for tasks to queue
[2026-03-06T00:31:22.440+0000] {logging_mixin.py:190} INFO - [2026-03-06T00:31:22.440+0000] {dagbag.py:587} INFO - Filling up the DagBag from /opt/airflow/dags/weather_etl_dag.py
[2026-03-06T00:31:22.464+0000] {processor.py:925} INFO - DAG(s) 'weather_to_snowflake_pipeline' retrieved from /opt/airflow/dags/weather_etl_dag.py
[2026-03-06T00:31:22.490+0000] {logging_mixin.py:190} INFO - [2026-03-06T00:31:22.489+0000] {dag.py:3229} INFO - Sync 1 DAGs
[2026-03-06T00:31:22.511+0000] {logging_mixin.py:190} INFO - [2026-03-06T00:31:22.511+0000] {dag.py:4156} INFO - Setting next_dagrun for weather_to_snowflake_pipeline to 2026-03-04 02:30:00+00:00, run_after=2026-03-05 02:30:00+00:00
[2026-03-06T00:31:22.534+0000] {processor.py:208} INFO - Processing /opt/airflow/dags/weather_etl_dag.py took 0.104 seconds
[2026-03-06T00:31:52.990+0000] {processor.py:186} INFO - Started process (PID=286) to work on /opt/airflow/dags/weather_etl_dag.py
[2026-03-06T00:31:52.991+0000] {processor.py:914} INFO - Processing file /opt/airflow/dags/weather_etl_dag.py for tasks to queue
[2026-03-06T00:31:52.995+0000] {logging_mixin.py:190} INFO - [2026-03-06T00:31:52.994+0000] {dagbag.py:587} INFO - Filling up the DagBag from /opt/airflow/dags/weather_etl_dag.py
[2026-03-06T00:31:53.020+0000] {processor.py:925} INFO - DAG(s) 'weather_to_snowflake_pipeline' retrieved from /opt/airflow/dags/weather_etl_dag.py
[2026-03-06T00:31:53.048+0000] {logging_mixin.py:190} INFO - [2026-03-06T00:31:53.048+0000] {dag.py:3229} INFO - Sync 1 DAGs
[2026-03-06T00:31:53.070+0000] {logging_mixin.py:190} INFO - [2026-03-06T00:31:53.070+0000] {dag.py:4156} INFO - Setting next_dagrun for weather_to_snowflake_pipeline to 2026-03-04 02:30:00+00:00, run_after=2026-03-05 02:30:00+00:00
[2026-03-06T00:31:53.089+0000] {processor.py:208} INFO - Processing /opt/airflow/dags/weather_etl_dag.py took 0.105 seconds
[2026-03-06T00:32:23.491+0000] {processor.py:186} INFO - Started process (PID=302) to work on /opt/airflow/dags/weather_etl_dag.py
[2026-03-06T00:32:23.492+0000] {processor.py:914} INFO - Processing file /opt/airflow/dags/weather_etl_dag.py for tasks to queue
[2026-03-06T00:32:23.495+0000] {logging_mixin.py:190} INFO - [2026-03-06T00:32:23.495+0000] {dagbag.py:587} INFO - Filling up the DagBag from /opt/airflow/dags/weather_etl_dag.py
[2026-03-06T00:32:23.522+0000] {processor.py:925} INFO - DAG(s) 'weather_to_snowflake_pipeline' retrieved from /opt/airflow/dags/weather_etl_dag.py
[2026-03-06T00:32:23.550+0000] {logging_mixin.py:190} INFO - [2026-03-06T00:32:23.550+0000] {dag.py:3229} INFO - Sync 1 DAGs
[2026-03-06T00:32:23.573+0000] {logging_mixin.py:190} INFO - [2026-03-06T00:32:23.573+0000] {dag.py:4156} INFO - Setting next_dagrun for weather_to_snowflake_pipeline to 2026-03-04 02:30:00+00:00, run_after=2026-03-05 02:30:00+00:00
[2026-03-06T00:32:23.592+0000] {processor.py:208} INFO - Processing /opt/airflow/dags/weather_etl_dag.py took 0.107 seconds
[2026-03-06T00:32:53.945+0000] {processor.py:186} INFO - Started process (PID=319) to work on /opt/airflow/dags/weather_etl_dag.py
[2026-03-06T00:32:53.946+0000] {processor.py:914} INFO - Processing file /opt/airflow/dags/weather_etl_dag.py for tasks to queue
[2026-03-06T00:32:53.949+0000] {logging_mixin.py:190} INFO - [2026-03-06T00:32:53.948+0000] {dagbag.py:587} INFO - Filling up the DagBag from /opt/airflow/dags/weather_etl_dag.py
[2026-03-06T00:32:53.983+0000] {processor.py:925} INFO - DAG(s) 'weather_to_snowflake_pipeline' retrieved from /opt/airflow/dags/weather_etl_dag.py
[2026-03-06T00:32:54.015+0000] {logging_mixin.py:190} INFO - [2026-03-06T00:32:54.015+0000] {dag.py:3229} INFO - Sync 1 DAGs
[2026-03-06T00:32:54.039+0000] {logging_mixin.py:190} INFO - [2026-03-06T00:32:54.039+0000] {dag.py:4156} INFO - Setting next_dagrun for weather_to_snowflake_pipeline to 2026-03-04 02:30:00+00:00, run_after=2026-03-05 02:30:00+00:00
[2026-03-06T00:32:54.063+0000] {processor.py:208} INFO - Processing /opt/airflow/dags/weather_etl_dag.py took 0.124 seconds
[2026-03-06T00:33:24.339+0000] {processor.py:186} INFO - Started process (PID=335) to work on /opt/airflow/dags/weather_etl_dag.py
[2026-03-06T00:33:24.340+0000] {processor.py:914} INFO - Processing file /opt/airflow/dags/weather_etl_dag.py for tasks to queue
[2026-03-06T00:33:24.343+0000] {logging_mixin.py:190} INFO - [2026-03-06T00:33:24.343+0000] {dagbag.py:587} INFO - Filling up the DagBag from /opt/airflow/dags/weather_etl_dag.py
[2026-03-06T00:33:24.371+0000] {processor.py:925} INFO - DAG(s) 'weather_to_snowflake_pipeline' retrieved from /opt/airflow/dags/weather_etl_dag.py
[2026-03-06T00:33:24.401+0000] {logging_mixin.py:190} INFO - [2026-03-06T00:33:24.401+0000] {dag.py:3229} INFO - Sync 1 DAGs
[2026-03-06T00:33:24.428+0000] {logging_mixin.py:190} INFO - [2026-03-06T00:33:24.428+0000] {dag.py:4156} INFO - Setting next_dagrun for weather_to_snowflake_pipeline to 2026-03-04 02:30:00+00:00, run_after=2026-03-05 02:30:00+00:00
[2026-03-06T00:33:24.455+0000] {processor.py:208} INFO - Processing /opt/airflow/dags/weather_etl_dag.py took 0.121 seconds
[2026-03-06T00:33:54.810+0000] {processor.py:186} INFO - Started process (PID=351) to work on /opt/airflow/dags/weather_etl_dag.py
[2026-03-06T00:33:54.812+0000] {processor.py:914} INFO - Processing file /opt/airflow/dags/weather_etl_dag.py for tasks to queue
[2026-03-06T00:33:54.814+0000] {logging_mixin.py:190} INFO - [2026-03-06T00:33:54.814+0000] {dagbag.py:587} INFO - Filling up the DagBag from /opt/airflow/dags/weather_etl_dag.py
[2026-03-06T00:33:54.847+0000] {processor.py:925} INFO - DAG(s) 'weather_to_snowflake_pipeline' retrieved from /opt/airflow/dags/weather_etl_dag.py
[2026-03-06T00:33:54.891+0000] {logging_mixin.py:190} INFO - [2026-03-06T00:33:54.891+0000] {dag.py:3229} INFO - Sync 1 DAGs
[2026-03-06T00:33:54.922+0000] {logging_mixin.py:190} INFO - [2026-03-06T00:33:54.922+0000] {dag.py:4156} INFO - Setting next_dagrun for weather_to_snowflake_pipeline to 2026-03-04 02:30:00+00:00, run_after=2026-03-05 02:30:00+00:00
[2026-03-06T00:33:54.946+0000] {processor.py:208} INFO - Processing /opt/airflow/dags/weather_etl_dag.py took 0.142 seconds
[2026-03-06T00:34:25.247+0000] {processor.py:186} INFO - Started process (PID=367) to work on /opt/airflow/dags/weather_etl_dag.py
[2026-03-06T00:34:25.249+0000] {processor.py:914} INFO - Processing file /opt/airflow/dags/weather_etl_dag.py for tasks to queue
[2026-03-06T00:34:25.252+0000] {logging_mixin.py:190} INFO - [2026-03-06T00:34:25.251+0000] {dagbag.py:587} INFO - Filling up the DagBag from /opt/airflow/dags/weather_etl_dag.py
[2026-03-06T00:34:25.279+0000] {processor.py:925} INFO - DAG(s) 'weather_to_snowflake_pipeline' retrieved from /opt/airflow/dags/weather_etl_dag.py
[2026-03-06T00:34:25.313+0000] {logging_mixin.py:190} INFO - [2026-03-06T00:34:25.313+0000] {dag.py:3229} INFO - Sync 1 DAGs
[2026-03-06T00:34:25.341+0000] {logging_mixin.py:190} INFO - [2026-03-06T00:34:25.341+0000] {dag.py:4156} INFO - Setting next_dagrun for weather_to_snowflake_pipeline to 2026-03-04 02:30:00+00:00, run_after=2026-03-05 02:30:00+00:00
[2026-03-06T00:34:25.366+0000] {processor.py:208} INFO - Processing /opt/airflow/dags/weather_etl_dag.py took 0.126 seconds
[2026-03-06T00:34:55.722+0000] {processor.py:186} INFO - Started process (PID=383) to work on /opt/airflow/dags/weather_etl_dag.py
[2026-03-06T00:34:55.723+0000] {processor.py:914} INFO - Processing file /opt/airflow/dags/weather_etl_dag.py for tasks to queue
[2026-03-06T00:34:55.727+0000] {logging_mixin.py:190} INFO - [2026-03-06T00:34:55.726+0000] {dagbag.py:587} INFO - Filling up the DagBag from /opt/airflow/dags/weather_etl_dag.py
[2026-03-06T00:34:55.754+0000] {processor.py:925} INFO - DAG(s) 'weather_to_snowflake_pipeline' retrieved from /opt/airflow/dags/weather_etl_dag.py
[2026-03-06T00:34:55.782+0000] {logging_mixin.py:190} INFO - [2026-03-06T00:34:55.782+0000] {dag.py:3229} INFO - Sync 1 DAGs
[2026-03-06T00:34:55.808+0000] {logging_mixin.py:190} INFO - [2026-03-06T00:34:55.808+0000] {dag.py:4156} INFO - Setting next_dagrun for weather_to_snowflake_pipeline to 2026-03-04 02:30:00+00:00, run_after=2026-03-05 02:30:00+00:00
[2026-03-06T00:34:55.831+0000] {processor.py:208} INFO - Processing /opt/airflow/dags/weather_etl_dag.py took 0.116 seconds
[2026-03-06T00:35:26.314+0000] {processor.py:186} INFO - Started process (PID=400) to work on /opt/airflow/dags/weather_etl_dag.py
[2026-03-06T00:35:26.315+0000] {processor.py:914} INFO - Processing file /opt/airflow/dags/weather_etl_dag.py for tasks to queue
[2026-03-06T00:35:26.318+0000] {logging_mixin.py:190} INFO - [2026-03-06T00:35:26.318+0000] {dagbag.py:587} INFO - Filling up the DagBag from /opt/airflow/dags/weather_etl_dag.py
[2026-03-06T00:35:26.348+0000] {processor.py:925} INFO - DAG(s) 'weather_to_snowflake_pipeline' retrieved from /opt/airflow/dags/weather_etl_dag.py
[2026-03-06T00:35:26.376+0000] {logging_mixin.py:190} INFO - [2026-03-06T00:35:26.376+0000] {dag.py:3229} INFO - Sync 1 DAGs
[2026-03-06T00:35:26.403+0000] {logging_mixin.py:190} INFO - [2026-03-06T00:35:26.402+0000] {dag.py:4156} INFO - Setting next_dagrun for weather_to_snowflake_pipeline to 2026-03-04 02:30:00+00:00, run_after=2026-03-05 02:30:00+00:00
[2026-03-06T00:35:26.427+0000] {processor.py:208} INFO - Processing /opt/airflow/dags/weather_etl_dag.py took 0.120 seconds
[2026-03-06T00:35:56.649+0000] {processor.py:186} INFO - Started process (PID=416) to work on /opt/airflow/dags/weather_etl_dag.py
[2026-03-06T00:35:56.650+0000] {processor.py:914} INFO - Processing file /opt/airflow/dags/weather_etl_dag.py for tasks to queue
[2026-03-06T00:35:56.654+0000] {logging_mixin.py:190} INFO - [2026-03-06T00:35:56.653+0000] {dagbag.py:587} INFO - Filling up the DagBag from /opt/airflow/dags/weather_etl_dag.py
[2026-03-06T00:35:56.687+0000] {processor.py:925} INFO - DAG(s) 'weather_to_snowflake_pipeline' retrieved from /opt/airflow/dags/weather_etl_dag.py
[2026-03-06T00:35:56.723+0000] {logging_mixin.py:190} INFO - [2026-03-06T00:35:56.723+0000] {dag.py:3229} INFO - Sync 1 DAGs
[2026-03-06T00:35:56.754+0000] {logging_mixin.py:190} INFO - [2026-03-06T00:35:56.753+0000] {dag.py:4156} INFO - Setting next_dagrun for weather_to_snowflake_pipeline to 2026-03-04 02:30:00+00:00, run_after=2026-03-05 02:30:00+00:00
[2026-03-06T00:35:56.779+0000] {processor.py:208} INFO - Processing /opt/airflow/dags/weather_etl_dag.py took 0.139 seconds
[2026-03-06T00:36:27.261+0000] {processor.py:186} INFO - Started process (PID=432) to work on /opt/airflow/dags/weather_etl_dag.py
[2026-03-06T00:36:27.262+0000] {processor.py:914} INFO - Processing file /opt/airflow/dags/weather_etl_dag.py for tasks to queue
[2026-03-06T00:36:27.265+0000] {logging_mixin.py:190} INFO - [2026-03-06T00:36:27.265+0000] {dagbag.py:587} INFO - Filling up the DagBag from /opt/airflow/dags/weather_etl_dag.py
[2026-03-06T00:36:27.295+0000] {processor.py:925} INFO - DAG(s) 'weather_to_snowflake_pipeline' retrieved from /opt/airflow/dags/weather_etl_dag.py
[2026-03-06T00:36:27.322+0000] {logging_mixin.py:190} INFO - [2026-03-06T00:36:27.321+0000] {dag.py:3229} INFO - Sync 1 DAGs
[2026-03-06T00:36:27.347+0000] {logging_mixin.py:190} INFO - [2026-03-06T00:36:27.347+0000] {dag.py:4156} INFO - Setting next_dagrun for weather_to_snowflake_pipeline to 2026-03-04 02:30:00+00:00, run_after=2026-03-05 02:30:00+00:00
[2026-03-06T00:36:27.370+0000] {processor.py:208} INFO - Processing /opt/airflow/dags/weather_etl_dag.py took 0.115 seconds
[2026-03-06T00:36:57.689+0000] {processor.py:186} INFO - Started process (PID=448) to work on /opt/airflow/dags/weather_etl_dag.py
[2026-03-06T00:36:57.690+0000] {processor.py:914} INFO - Processing file /opt/airflow/dags/weather_etl_dag.py for tasks to queue
[2026-03-06T00:36:57.693+0000] {logging_mixin.py:190} INFO - [2026-03-06T00:36:57.693+0000] {dagbag.py:587} INFO - Filling up the DagBag from /opt/airflow/dags/weather_etl_dag.py
[2026-03-06T00:36:57.718+0000] {processor.py:925} INFO - DAG(s) 'weather_to_snowflake_pipeline' retrieved from /opt/airflow/dags/weather_etl_dag.py
[2026-03-06T00:36:57.746+0000] {logging_mixin.py:190} INFO - [2026-03-06T00:36:57.746+0000] {dag.py:3229} INFO - Sync 1 DAGs
[2026-03-06T00:36:57.769+0000] {logging_mixin.py:190} INFO - [2026-03-06T00:36:57.769+0000] {dag.py:4156} INFO - Setting next_dagrun for weather_to_snowflake_pipeline to 2026-03-04 02:30:00+00:00, run_after=2026-03-05 02:30:00+00:00
[2026-03-06T00:36:57.789+0000] {processor.py:208} INFO - Processing /opt/airflow/dags/weather_etl_dag.py took 0.106 seconds
[2026-03-06T00:37:31.561+0000] {processor.py:186} INFO - Started process (PID=216) to work on /opt/airflow/dags/weather_etl_dag.py
[2026-03-06T00:37:31.564+0000] {processor.py:914} INFO - Processing file /opt/airflow/dags/weather_etl_dag.py for tasks to queue
[2026-03-06T00:37:31.570+0000] {logging_mixin.py:190} INFO - [2026-03-06T00:37:31.569+0000] {dagbag.py:587} INFO - Filling up the DagBag from /opt/airflow/dags/weather_etl_dag.py
[2026-03-06T00:37:31.608+0000] {processor.py:925} INFO - DAG(s) 'weather_to_snowflake_pipeline' retrieved from /opt/airflow/dags/weather_etl_dag.py
[2026-03-06T00:37:31.675+0000] {logging_mixin.py:190} INFO - [2026-03-06T00:37:31.674+0000] {dag.py:3229} INFO - Sync 1 DAGs
[2026-03-06T00:37:31.711+0000] {logging_mixin.py:190} INFO - [2026-03-06T00:37:31.711+0000] {dag.py:4156} INFO - Setting next_dagrun for weather_to_snowflake_pipeline to 2026-03-04 02:30:00+00:00, run_after=2026-03-05 02:30:00+00:00
[2026-03-06T00:37:31.738+0000] {processor.py:208} INFO - Processing /opt/airflow/dags/weather_etl_dag.py took 0.185 seconds
[2026-03-06T00:38:02.047+0000] {processor.py:186} INFO - Started process (PID=254) to work on /opt/airflow/dags/weather_etl_dag.py
[2026-03-06T00:38:02.049+0000] {processor.py:914} INFO - Processing file /opt/airflow/dags/weather_etl_dag.py for tasks to queue
[2026-03-06T00:38:02.054+0000] {logging_mixin.py:190} INFO - [2026-03-06T00:38:02.053+0000] {dagbag.py:587} INFO - Filling up the DagBag from /opt/airflow/dags/weather_etl_dag.py
[2026-03-06T00:38:02.098+0000] {processor.py:925} INFO - DAG(s) 'weather_to_snowflake_pipeline' retrieved from /opt/airflow/dags/weather_etl_dag.py
[2026-03-06T00:38:02.128+0000] {logging_mixin.py:190} INFO - [2026-03-06T00:38:02.127+0000] {dag.py:3229} INFO - Sync 1 DAGs
[2026-03-06T00:38:02.149+0000] {logging_mixin.py:190} INFO - [2026-03-06T00:38:02.149+0000] {dag.py:4156} INFO - Setting next_dagrun for weather_to_snowflake_pipeline to 2026-03-04 02:30:00+00:00, run_after=2026-03-05 02:30:00+00:00
[2026-03-06T00:38:02.167+0000] {processor.py:208} INFO - Processing /opt/airflow/dags/weather_etl_dag.py took 0.137 seconds
[2026-03-06T00:38:32.672+0000] {processor.py:186} INFO - Started process (PID=270) to work on /opt/airflow/dags/weather_etl_dag.py
[2026-03-06T00:38:32.673+0000] {processor.py:914} INFO - Processing file /opt/airflow/dags/weather_etl_dag.py for tasks to queue
[2026-03-06T00:38:32.676+0000] {logging_mixin.py:190} INFO - [2026-03-06T00:38:32.676+0000] {dagbag.py:587} INFO - Filling up the DagBag from /opt/airflow/dags/weather_etl_dag.py
[2026-03-06T00:38:32.705+0000] {processor.py:925} INFO - DAG(s) 'weather_to_snowflake_pipeline' retrieved from /opt/airflow/dags/weather_etl_dag.py
[2026-03-06T00:38:32.733+0000] {logging_mixin.py:190} INFO - [2026-03-06T00:38:32.732+0000] {dag.py:3229} INFO - Sync 1 DAGs
[2026-03-06T00:38:32.758+0000] {logging_mixin.py:190} INFO - [2026-03-06T00:38:32.758+0000] {dag.py:4156} INFO - Setting next_dagrun for weather_to_snowflake_pipeline to 2026-03-04 02:30:00+00:00, run_after=2026-03-05 02:30:00+00:00
[2026-03-06T00:38:32.779+0000] {processor.py:208} INFO - Processing /opt/airflow/dags/weather_etl_dag.py took 0.112 seconds
[2026-03-06T00:39:03.162+0000] {processor.py:186} INFO - Started process (PID=286) to work on /opt/airflow/dags/weather_etl_dag.py
[2026-03-06T00:39:03.163+0000] {processor.py:914} INFO - Processing file /opt/airflow/dags/weather_etl_dag.py for tasks to queue
[2026-03-06T00:39:03.166+0000] {logging_mixin.py:190} INFO - [2026-03-06T00:39:03.165+0000] {dagbag.py:587} INFO - Filling up the DagBag from /opt/airflow/dags/weather_etl_dag.py
[2026-03-06T00:39:03.191+0000] {processor.py:925} INFO - DAG(s) 'weather_to_snowflake_pipeline' retrieved from /opt/airflow/dags/weather_etl_dag.py
[2026-03-06T00:39:03.215+0000] {logging_mixin.py:190} INFO - [2026-03-06T00:39:03.215+0000] {dag.py:3229} INFO - Sync 1 DAGs
[2026-03-06T00:39:03.239+0000] {logging_mixin.py:190} INFO - [2026-03-06T00:39:03.239+0000] {dag.py:4156} INFO - Setting next_dagrun for weather_to_snowflake_pipeline to 2026-03-04 02:30:00+00:00, run_after=2026-03-05 02:30:00+00:00
[2026-03-06T00:39:03.260+0000] {processor.py:208} INFO - Processing /opt/airflow/dags/weather_etl_dag.py took 0.104 seconds
[2026-03-06T00:39:33.778+0000] {processor.py:186} INFO - Started process (PID=302) to work on /opt/airflow/dags/weather_etl_dag.py
[2026-03-06T00:39:33.779+0000] {processor.py:914} INFO - Processing file /opt/airflow/dags/weather_etl_dag.py for tasks to queue
[2026-03-06T00:39:33.786+0000] {logging_mixin.py:190} INFO - [2026-03-06T00:39:33.785+0000] {dagbag.py:587} INFO - Filling up the DagBag from /opt/airflow/dags/weather_etl_dag.py
[2026-03-06T00:39:33.829+0000] {processor.py:925} INFO - DAG(s) 'weather_to_snowflake_pipeline' retrieved from /opt/airflow/dags/weather_etl_dag.py
[2026-03-06T00:39:33.860+0000] {logging_mixin.py:190} INFO - [2026-03-06T00:39:33.860+0000] {dag.py:3229} INFO - Sync 1 DAGs
[2026-03-06T00:39:33.889+0000] {logging_mixin.py:190} INFO - [2026-03-06T00:39:33.889+0000] {dag.py:4156} INFO - Setting next_dagrun for weather_to_snowflake_pipeline to 2026-03-04 02:30:00+00:00, run_after=2026-03-05 02:30:00+00:00
[2026-03-06T00:39:33.910+0000] {processor.py:208} INFO - Processing /opt/airflow/dags/weather_etl_dag.py took 0.139 seconds
[2026-03-06T00:40:04.208+0000] {processor.py:186} INFO - Started process (PID=318) to work on /opt/airflow/dags/weather_etl_dag.py
[2026-03-06T00:40:04.209+0000] {processor.py:914} INFO - Processing file /opt/airflow/dags/weather_etl_dag.py for tasks to queue
[2026-03-06T00:40:04.211+0000] {logging_mixin.py:190} INFO - [2026-03-06T00:40:04.211+0000] {dagbag.py:587} INFO - Filling up the DagBag from /opt/airflow/dags/weather_etl_dag.py
[2026-03-06T00:40:04.234+0000] {processor.py:925} INFO - DAG(s) 'weather_to_snowflake_pipeline' retrieved from /opt/airflow/dags/weather_etl_dag.py
[2026-03-06T00:40:04.262+0000] {logging_mixin.py:190} INFO - [2026-03-06T00:40:04.261+0000] {dag.py:3229} INFO - Sync 1 DAGs
[2026-03-06T00:40:04.284+0000] {logging_mixin.py:190} INFO - [2026-03-06T00:40:04.284+0000] {dag.py:4156} INFO - Setting next_dagrun for weather_to_snowflake_pipeline to 2026-03-04 02:30:00+00:00, run_after=2026-03-05 02:30:00+00:00
[2026-03-06T00:40:04.305+0000] {processor.py:208} INFO - Processing /opt/airflow/dags/weather_etl_dag.py took 0.103 seconds
[2026-03-06T00:40:34.652+0000] {processor.py:186} INFO - Started process (PID=346) to work on /opt/airflow/dags/weather_etl_dag.py
[2026-03-06T00:40:34.653+0000] {processor.py:914} INFO - Processing file /opt/airflow/dags/weather_etl_dag.py for tasks to queue
[2026-03-06T00:40:34.656+0000] {logging_mixin.py:190} INFO - [2026-03-06T00:40:34.656+0000] {dagbag.py:587} INFO - Filling up the DagBag from /opt/airflow/dags/weather_etl_dag.py
[2026-03-06T00:40:34.681+0000] {processor.py:925} INFO - DAG(s) 'weather_to_snowflake_pipeline' retrieved from /opt/airflow/dags/weather_etl_dag.py
[2026-03-06T00:40:34.711+0000] {logging_mixin.py:190} INFO - [2026-03-06T00:40:34.711+0000] {dag.py:3229} INFO - Sync 1 DAGs
[2026-03-06T00:40:34.738+0000] {logging_mixin.py:190} INFO - [2026-03-06T00:40:34.737+0000] {dag.py:4156} INFO - Setting next_dagrun for weather_to_snowflake_pipeline to 2026-03-04 02:30:00+00:00, run_after=2026-03-05 02:30:00+00:00
[2026-03-06T00:40:34.762+0000] {processor.py:208} INFO - Processing /opt/airflow/dags/weather_etl_dag.py took 0.116 seconds
[2026-03-06T00:41:05.082+0000] {processor.py:186} INFO - Started process (PID=362) to work on /opt/airflow/dags/weather_etl_dag.py
[2026-03-06T00:41:05.083+0000] {processor.py:914} INFO - Processing file /opt/airflow/dags/weather_etl_dag.py for tasks to queue
[2026-03-06T00:41:05.086+0000] {logging_mixin.py:190} INFO - [2026-03-06T00:41:05.086+0000] {dagbag.py:587} INFO - Filling up the DagBag from /opt/airflow/dags/weather_etl_dag.py
[2026-03-06T00:41:05.109+0000] {processor.py:925} INFO - DAG(s) 'weather_to_snowflake_pipeline' retrieved from /opt/airflow/dags/weather_etl_dag.py
[2026-03-06T00:41:05.133+0000] {logging_mixin.py:190} INFO - [2026-03-06T00:41:05.133+0000] {dag.py:3229} INFO - Sync 1 DAGs
[2026-03-06T00:41:05.154+0000] {logging_mixin.py:190} INFO - [2026-03-06T00:41:05.154+0000] {dag.py:4156} INFO - Setting next_dagrun for weather_to_snowflake_pipeline to 2026-03-04 02:30:00+00:00, run_after=2026-03-05 02:30:00+00:00
[2026-03-06T00:41:05.180+0000] {processor.py:208} INFO - Processing /opt/airflow/dags/weather_etl_dag.py took 0.104 seconds
[2026-03-06T00:41:19.449+0000] {processor.py:186} INFO - Started process (PID=539) to work on /opt/airflow/dags/weather_etl_dag.py
[2026-03-06T00:41:19.450+0000] {processor.py:914} INFO - Processing file /opt/airflow/dags/weather_etl_dag.py for tasks to queue
[2026-03-06T00:41:19.452+0000] {logging_mixin.py:190} INFO - [2026-03-06T00:41:19.452+0000] {dagbag.py:587} INFO - Filling up the DagBag from /opt/airflow/dags/weather_etl_dag.py
[2026-03-06T00:41:19.477+0000] {processor.py:925} INFO - DAG(s) 'weather_to_snowflake_pipeline' retrieved from /opt/airflow/dags/weather_etl_dag.py
[2026-03-06T00:41:19.506+0000] {logging_mixin.py:190} INFO - [2026-03-06T00:41:19.505+0000] {dag.py:3229} INFO - Sync 1 DAGs
[2026-03-06T00:41:19.528+0000] {logging_mixin.py:190} INFO - [2026-03-06T00:41:19.528+0000] {dag.py:4156} INFO - Setting next_dagrun for weather_to_snowflake_pipeline to 2026-03-04 02:30:00+00:00, run_after=2026-03-05 02:30:00+00:00
[2026-03-06T00:41:19.550+0000] {processor.py:208} INFO - Processing /opt/airflow/dags/weather_etl_dag.py took 0.108 seconds
[2026-03-06T00:41:35.524+0000] {processor.py:186} INFO - Started process (PID=549) to work on /opt/airflow/dags/weather_etl_dag.py
[2026-03-06T00:41:35.525+0000] {processor.py:914} INFO - Processing file /opt/airflow/dags/weather_etl_dag.py for tasks to queue
[2026-03-06T00:41:35.528+0000] {logging_mixin.py:190} INFO - [2026-03-06T00:41:35.527+0000] {dagbag.py:587} INFO - Filling up the DagBag from /opt/airflow/dags/weather_etl_dag.py
[2026-03-06T00:41:35.556+0000] {processor.py:925} INFO - DAG(s) 'weather_to_snowflake_pipeline' retrieved from /opt/airflow/dags/weather_etl_dag.py
[2026-03-06T00:41:35.581+0000] {logging_mixin.py:190} INFO - [2026-03-06T00:41:35.581+0000] {dag.py:3229} INFO - Sync 1 DAGs
[2026-03-06T00:41:35.603+0000] {logging_mixin.py:190} INFO - [2026-03-06T00:41:35.603+0000] {dag.py:4156} INFO - Setting next_dagrun for weather_to_snowflake_pipeline to 2026-03-04 02:30:00+00:00, run_after=2026-03-05 02:30:00+00:00
[2026-03-06T00:41:35.628+0000] {processor.py:208} INFO - Processing /opt/airflow/dags/weather_etl_dag.py took 0.109 seconds
[2026-03-06T00:41:49.954+0000] {processor.py:186} INFO - Started process (PID=565) to work on /opt/airflow/dags/weather_etl_dag.py
[2026-03-06T00:41:49.955+0000] {processor.py:914} INFO - Processing file /opt/airflow/dags/weather_etl_dag.py for tasks to queue
[2026-03-06T00:41:49.957+0000] {logging_mixin.py:190} INFO - [2026-03-06T00:41:49.956+0000] {dagbag.py:587} INFO - Filling up the DagBag from /opt/airflow/dags/weather_etl_dag.py
[2026-03-06T00:41:49.980+0000] {processor.py:925} INFO - DAG(s) 'weather_to_snowflake_pipeline' retrieved from /opt/airflow/dags/weather_etl_dag.py
[2026-03-06T00:41:50.005+0000] {logging_mixin.py:190} INFO - [2026-03-06T00:41:50.005+0000] {dag.py:3229} INFO - Sync 1 DAGs
[2026-03-06T00:41:50.026+0000] {logging_mixin.py:190} INFO - [2026-03-06T00:41:50.026+0000] {dag.py:4156} INFO - Setting next_dagrun for weather_to_snowflake_pipeline to 2026-03-04 02:30:00+00:00, run_after=2026-03-05 02:30:00+00:00
[2026-03-06T00:41:50.046+0000] {processor.py:208} INFO - Processing /opt/airflow/dags/weather_etl_dag.py took 0.097 seconds
[2026-03-06T00:42:06.119+0000] {processor.py:186} INFO - Started process (PID=575) to work on /opt/airflow/dags/weather_etl_dag.py
[2026-03-06T00:42:06.120+0000] {processor.py:914} INFO - Processing file /opt/airflow/dags/weather_etl_dag.py for tasks to queue
[2026-03-06T00:42:06.123+0000] {logging_mixin.py:190} INFO - [2026-03-06T00:42:06.123+0000] {dagbag.py:587} INFO - Filling up the DagBag from /opt/airflow/dags/weather_etl_dag.py
[2026-03-06T00:42:06.159+0000] {processor.py:925} INFO - DAG(s) 'weather_to_snowflake_pipeline' retrieved from /opt/airflow/dags/weather_etl_dag.py
[2026-03-06T00:42:06.187+0000] {logging_mixin.py:190} INFO - [2026-03-06T00:42:06.186+0000] {dag.py:3229} INFO - Sync 1 DAGs
[2026-03-06T00:42:06.209+0000] {logging_mixin.py:190} INFO - [2026-03-06T00:42:06.208+0000] {dag.py:4156} INFO - Setting next_dagrun for weather_to_snowflake_pipeline to 2026-03-04 02:30:00+00:00, run_after=2026-03-05 02:30:00+00:00
[2026-03-06T00:42:06.229+0000] {processor.py:208} INFO - Processing /opt/airflow/dags/weather_etl_dag.py took 0.119 seconds
[2026-03-06T00:42:36.588+0000] {processor.py:186} INFO - Started process (PID=660) to work on /opt/airflow/dags/weather_etl_dag.py
[2026-03-06T00:42:36.589+0000] {processor.py:914} INFO - Processing file /opt/airflow/dags/weather_etl_dag.py for tasks to queue
[2026-03-06T00:42:36.591+0000] {logging_mixin.py:190} INFO - [2026-03-06T00:42:36.591+0000] {dagbag.py:587} INFO - Filling up the DagBag from /opt/airflow/dags/weather_etl_dag.py
[2026-03-06T00:42:36.616+0000] {processor.py:925} INFO - DAG(s) 'weather_to_snowflake_pipeline' retrieved from /opt/airflow/dags/weather_etl_dag.py
[2026-03-06T00:42:36.639+0000] {logging_mixin.py:190} INFO - [2026-03-06T00:42:36.639+0000] {dag.py:3229} INFO - Sync 1 DAGs
[2026-03-06T00:42:36.660+0000] {logging_mixin.py:190} INFO - [2026-03-06T00:42:36.660+0000] {dag.py:4156} INFO - Setting next_dagrun for weather_to_snowflake_pipeline to 2026-03-04 02:30:00+00:00, run_after=2026-03-05 02:30:00+00:00
[2026-03-06T00:42:36.681+0000] {processor.py:208} INFO - Processing /opt/airflow/dags/weather_etl_dag.py took 0.098 seconds
[2026-03-06T00:43:09.667+0000] {processor.py:186} INFO - Started process (PID=193) to work on /opt/airflow/dags/weather_etl_dag.py
[2026-03-06T00:43:09.669+0000] {processor.py:914} INFO - Processing file /opt/airflow/dags/weather_etl_dag.py for tasks to queue
[2026-03-06T00:43:09.673+0000] {logging_mixin.py:190} INFO - [2026-03-06T00:43:09.673+0000] {dagbag.py:587} INFO - Filling up the DagBag from /opt/airflow/dags/weather_etl_dag.py
[2026-03-06T00:43:09.699+0000] {processor.py:925} INFO - DAG(s) 'weather_to_snowflake_pipeline' retrieved from /opt/airflow/dags/weather_etl_dag.py
[2026-03-06T00:43:09.731+0000] {logging_mixin.py:190} INFO - [2026-03-06T00:43:09.730+0000] {dag.py:3229} INFO - Sync 1 DAGs
[2026-03-06T00:43:09.757+0000] {logging_mixin.py:190} INFO - [2026-03-06T00:43:09.757+0000] {dag.py:4156} INFO - Setting next_dagrun for weather_to_snowflake_pipeline to 2026-03-04 02:30:00+00:00, run_after=2026-03-05 02:30:00+00:00
[2026-03-06T00:43:09.786+0000] {processor.py:208} INFO - Processing /opt/airflow/dags/weather_etl_dag.py took 0.125 seconds
[2026-03-06T00:43:40.069+0000] {processor.py:186} INFO - Started process (PID=232) to work on /opt/airflow/dags/weather_etl_dag.py
[2026-03-06T00:43:40.070+0000] {processor.py:914} INFO - Processing file /opt/airflow/dags/weather_etl_dag.py for tasks to queue
[2026-03-06T00:43:40.073+0000] {logging_mixin.py:190} INFO - [2026-03-06T00:43:40.073+0000] {dagbag.py:587} INFO - Filling up the DagBag from /opt/airflow/dags/weather_etl_dag.py
[2026-03-06T00:43:40.102+0000] {processor.py:925} INFO - DAG(s) 'weather_to_snowflake_pipeline' retrieved from /opt/airflow/dags/weather_etl_dag.py
[2026-03-06T00:43:40.136+0000] {logging_mixin.py:190} INFO - [2026-03-06T00:43:40.135+0000] {dag.py:3229} INFO - Sync 1 DAGs
[2026-03-06T00:43:40.158+0000] {logging_mixin.py:190} INFO - [2026-03-06T00:43:40.158+0000] {dag.py:4156} INFO - Setting next_dagrun for weather_to_snowflake_pipeline to 2026-03-04 02:30:00+00:00, run_after=2026-03-05 02:30:00+00:00
[2026-03-06T00:43:40.179+0000] {processor.py:208} INFO - Processing /opt/airflow/dags/weather_etl_dag.py took 0.115 seconds
[2026-03-06T00:44:10.387+0000] {processor.py:186} INFO - Started process (PID=248) to work on /opt/airflow/dags/weather_etl_dag.py
[2026-03-06T00:44:10.388+0000] {processor.py:914} INFO - Processing file /opt/airflow/dags/weather_etl_dag.py for tasks to queue
[2026-03-06T00:44:10.390+0000] {logging_mixin.py:190} INFO - [2026-03-06T00:44:10.390+0000] {dagbag.py:587} INFO - Filling up the DagBag from /opt/airflow/dags/weather_etl_dag.py
[2026-03-06T00:44:10.419+0000] {processor.py:925} INFO - DAG(s) 'weather_to_snowflake_pipeline' retrieved from /opt/airflow/dags/weather_etl_dag.py
[2026-03-06T00:44:10.450+0000] {logging_mixin.py:190} INFO - [2026-03-06T00:44:10.449+0000] {dag.py:3229} INFO - Sync 1 DAGs
[2026-03-06T00:44:10.474+0000] {logging_mixin.py:190} INFO - [2026-03-06T00:44:10.473+0000] {dag.py:4156} INFO - Setting next_dagrun for weather_to_snowflake_pipeline to 2026-03-04 02:30:00+00:00, run_after=2026-03-05 02:30:00+00:00
[2026-03-06T00:44:10.495+0000] {processor.py:208} INFO - Processing /opt/airflow/dags/weather_etl_dag.py took 0.115 seconds
[2026-03-06T00:44:40.764+0000] {processor.py:186} INFO - Started process (PID=264) to work on /opt/airflow/dags/weather_etl_dag.py
[2026-03-06T00:44:40.764+0000] {processor.py:914} INFO - Processing file /opt/airflow/dags/weather_etl_dag.py for tasks to queue
[2026-03-06T00:44:40.767+0000] {logging_mixin.py:190} INFO - [2026-03-06T00:44:40.766+0000] {dagbag.py:587} INFO - Filling up the DagBag from /opt/airflow/dags/weather_etl_dag.py
[2026-03-06T00:44:40.790+0000] {processor.py:925} INFO - DAG(s) 'weather_to_snowflake_pipeline' retrieved from /opt/airflow/dags/weather_etl_dag.py
[2026-03-06T00:44:40.817+0000] {logging_mixin.py:190} INFO - [2026-03-06T00:44:40.816+0000] {dag.py:3229} INFO - Sync 1 DAGs
[2026-03-06T00:44:40.838+0000] {logging_mixin.py:190} INFO - [2026-03-06T00:44:40.838+0000] {dag.py:4156} INFO - Setting next_dagrun for weather_to_snowflake_pipeline to 2026-03-04 02:30:00+00:00, run_after=2026-03-05 02:30:00+00:00
[2026-03-06T00:44:40.859+0000] {processor.py:208} INFO - Processing /opt/airflow/dags/weather_etl_dag.py took 0.102 seconds
[2026-03-06T00:45:11.170+0000] {processor.py:186} INFO - Started process (PID=280) to work on /opt/airflow/dags/weather_etl_dag.py
[2026-03-06T00:45:11.171+0000] {processor.py:914} INFO - Processing file /opt/airflow/dags/weather_etl_dag.py for tasks to queue
[2026-03-06T00:45:11.174+0000] {logging_mixin.py:190} INFO - [2026-03-06T00:45:11.174+0000] {dagbag.py:587} INFO - Filling up the DagBag from /opt/airflow/dags/weather_etl_dag.py
[2026-03-06T00:45:11.202+0000] {processor.py:925} INFO - DAG(s) 'weather_to_snowflake_pipeline' retrieved from /opt/airflow/dags/weather_etl_dag.py
[2026-03-06T00:45:11.231+0000] {logging_mixin.py:190} INFO - [2026-03-06T00:45:11.231+0000] {dag.py:3229} INFO - Sync 1 DAGs
[2026-03-06T00:45:11.255+0000] {logging_mixin.py:190} INFO - [2026-03-06T00:45:11.255+0000] {dag.py:4156} INFO - Setting next_dagrun for weather_to_snowflake_pipeline to 2026-03-04 02:30:00+00:00, run_after=2026-03-05 02:30:00+00:00
[2026-03-06T00:45:11.284+0000] {processor.py:208} INFO - Processing /opt/airflow/dags/weather_etl_dag.py took 0.120 seconds
[2026-03-06T00:45:41.674+0000] {processor.py:186} INFO - Started process (PID=296) to work on /opt/airflow/dags/weather_etl_dag.py
[2026-03-06T00:45:41.675+0000] {processor.py:914} INFO - Processing file /opt/airflow/dags/weather_etl_dag.py for tasks to queue
[2026-03-06T00:45:41.678+0000] {logging_mixin.py:190} INFO - [2026-03-06T00:45:41.678+0000] {dagbag.py:587} INFO - Filling up the DagBag from /opt/airflow/dags/weather_etl_dag.py
[2026-03-06T00:45:41.703+0000] {processor.py:925} INFO - DAG(s) 'weather_to_snowflake_pipeline' retrieved from /opt/airflow/dags/weather_etl_dag.py
[2026-03-06T00:45:41.729+0000] {logging_mixin.py:190} INFO - [2026-03-06T00:45:41.729+0000] {dag.py:3229} INFO - Sync 1 DAGs
[2026-03-06T00:45:41.750+0000] {logging_mixin.py:190} INFO - [2026-03-06T00:45:41.750+0000] {dag.py:4156} INFO - Setting next_dagrun for weather_to_snowflake_pipeline to 2026-03-04 02:30:00+00:00, run_after=2026-03-05 02:30:00+00:00
[2026-03-06T00:45:41.774+0000] {processor.py:208} INFO - Processing /opt/airflow/dags/weather_etl_dag.py took 0.105 seconds
[2026-03-06T00:46:12.153+0000] {processor.py:186} INFO - Started process (PID=312) to work on /opt/airflow/dags/weather_etl_dag.py
[2026-03-06T00:46:12.154+0000] {processor.py:914} INFO - Processing file /opt/airflow/dags/weather_etl_dag.py for tasks to queue
[2026-03-06T00:46:12.158+0000] {logging_mixin.py:190} INFO - [2026-03-06T00:46:12.157+0000] {dagbag.py:587} INFO - Filling up the DagBag from /opt/airflow/dags/weather_etl_dag.py
[2026-03-06T00:46:12.187+0000] {processor.py:925} INFO - DAG(s) 'weather_to_snowflake_pipeline' retrieved from /opt/airflow/dags/weather_etl_dag.py
[2026-03-06T00:46:12.213+0000] {logging_mixin.py:190} INFO - [2026-03-06T00:46:12.212+0000] {dag.py:3229} INFO - Sync 1 DAGs
[2026-03-06T00:46:12.235+0000] {logging_mixin.py:190} INFO - [2026-03-06T00:46:12.235+0000] {dag.py:4156} INFO - Setting next_dagrun for weather_to_snowflake_pipeline to 2026-03-04 02:30:00+00:00, run_after=2026-03-05 02:30:00+00:00
[2026-03-06T00:46:12.255+0000] {processor.py:208} INFO - Processing /opt/airflow/dags/weather_etl_dag.py took 0.109 seconds
[2026-03-06T00:46:42.654+0000] {processor.py:186} INFO - Started process (PID=329) to work on /opt/airflow/dags/weather_etl_dag.py
[2026-03-06T00:46:42.655+0000] {processor.py:914} INFO - Processing file /opt/airflow/dags/weather_etl_dag.py for tasks to queue
[2026-03-06T00:46:42.659+0000] {logging_mixin.py:190} INFO - [2026-03-06T00:46:42.658+0000] {dagbag.py:587} INFO - Filling up the DagBag from /opt/airflow/dags/weather_etl_dag.py
[2026-03-06T00:46:42.702+0000] {processor.py:925} INFO - DAG(s) 'weather_to_snowflake_pipeline' retrieved from /opt/airflow/dags/weather_etl_dag.py
[2026-03-06T00:46:42.751+0000] {logging_mixin.py:190} INFO - [2026-03-06T00:46:42.750+0000] {dag.py:3229} INFO - Sync 1 DAGs
[2026-03-06T00:46:42.795+0000] {logging_mixin.py:190} INFO - [2026-03-06T00:46:42.795+0000] {dag.py:4156} INFO - Setting next_dagrun for weather_to_snowflake_pipeline to 2026-03-04 02:30:00+00:00, run_after=2026-03-05 02:30:00+00:00
[2026-03-06T00:46:42.821+0000] {processor.py:208} INFO - Processing /opt/airflow/dags/weather_etl_dag.py took 0.177 seconds
[2026-03-06T00:47:13.151+0000] {processor.py:186} INFO - Started process (PID=345) to work on /opt/airflow/dags/weather_etl_dag.py
[2026-03-06T00:47:13.152+0000] {processor.py:914} INFO - Processing file /opt/airflow/dags/weather_etl_dag.py for tasks to queue
[2026-03-06T00:47:13.155+0000] {logging_mixin.py:190} INFO - [2026-03-06T00:47:13.155+0000] {dagbag.py:587} INFO - Filling up the DagBag from /opt/airflow/dags/weather_etl_dag.py
[2026-03-06T00:47:13.184+0000] {processor.py:925} INFO - DAG(s) 'weather_to_snowflake_pipeline' retrieved from /opt/airflow/dags/weather_etl_dag.py
[2026-03-06T00:47:13.214+0000] {logging_mixin.py:190} INFO - [2026-03-06T00:47:13.213+0000] {dag.py:3229} INFO - Sync 1 DAGs
[2026-03-06T00:47:13.235+0000] {logging_mixin.py:190} INFO - [2026-03-06T00:47:13.235+0000] {dag.py:4156} INFO - Setting next_dagrun for weather_to_snowflake_pipeline to 2026-03-04 02:30:00+00:00, run_after=2026-03-05 02:30:00+00:00
[2026-03-06T00:47:13.254+0000] {processor.py:208} INFO - Processing /opt/airflow/dags/weather_etl_dag.py took 0.111 seconds
[2026-03-06T00:47:43.632+0000] {processor.py:186} INFO - Started process (PID=361) to work on /opt/airflow/dags/weather_etl_dag.py
[2026-03-06T00:47:43.633+0000] {processor.py:914} INFO - Processing file /opt/airflow/dags/weather_etl_dag.py for tasks to queue
[2026-03-06T00:47:43.636+0000] {logging_mixin.py:190} INFO - [2026-03-06T00:47:43.635+0000] {dagbag.py:587} INFO - Filling up the DagBag from /opt/airflow/dags/weather_etl_dag.py
[2026-03-06T00:47:43.660+0000] {processor.py:925} INFO - DAG(s) 'weather_to_snowflake_pipeline' retrieved from /opt/airflow/dags/weather_etl_dag.py
[2026-03-06T00:47:43.690+0000] {logging_mixin.py:190} INFO - [2026-03-06T00:47:43.689+0000] {dag.py:3229} INFO - Sync 1 DAGs
[2026-03-06T00:47:43.713+0000] {logging_mixin.py:190} INFO - [2026-03-06T00:47:43.713+0000] {dag.py:4156} INFO - Setting next_dagrun for weather_to_snowflake_pipeline to 2026-03-04 02:30:00+00:00, run_after=2026-03-05 02:30:00+00:00
[2026-03-06T00:47:43.732+0000] {processor.py:208} INFO - Processing /opt/airflow/dags/weather_etl_dag.py took 0.107 seconds
[2026-03-06T00:48:13.948+0000] {processor.py:186} INFO - Started process (PID=377) to work on /opt/airflow/dags/weather_etl_dag.py
[2026-03-06T00:48:13.949+0000] {processor.py:914} INFO - Processing file /opt/airflow/dags/weather_etl_dag.py for tasks to queue
[2026-03-06T00:48:13.951+0000] {logging_mixin.py:190} INFO - [2026-03-06T00:48:13.951+0000] {dagbag.py:587} INFO - Filling up the DagBag from /opt/airflow/dags/weather_etl_dag.py
[2026-03-06T00:48:13.976+0000] {processor.py:925} INFO - DAG(s) 'weather_to_snowflake_pipeline' retrieved from /opt/airflow/dags/weather_etl_dag.py
[2026-03-06T00:48:14.009+0000] {logging_mixin.py:190} INFO - [2026-03-06T00:48:14.008+0000] {dag.py:3229} INFO - Sync 1 DAGs
[2026-03-06T00:48:14.034+0000] {logging_mixin.py:190} INFO - [2026-03-06T00:48:14.034+0000] {dag.py:4156} INFO - Setting next_dagrun for weather_to_snowflake_pipeline to 2026-03-04 02:30:00+00:00, run_after=2026-03-05 02:30:00+00:00
[2026-03-06T00:48:14.055+0000] {processor.py:208} INFO - Processing /opt/airflow/dags/weather_etl_dag.py took 0.113 seconds
[2026-03-06T00:48:44.330+0000] {processor.py:186} INFO - Started process (PID=393) to work on /opt/airflow/dags/weather_etl_dag.py
[2026-03-06T00:48:44.331+0000] {processor.py:914} INFO - Processing file /opt/airflow/dags/weather_etl_dag.py for tasks to queue
[2026-03-06T00:48:44.333+0000] {logging_mixin.py:190} INFO - [2026-03-06T00:48:44.333+0000] {dagbag.py:587} INFO - Filling up the DagBag from /opt/airflow/dags/weather_etl_dag.py
[2026-03-06T00:48:44.357+0000] {processor.py:925} INFO - DAG(s) 'weather_to_snowflake_pipeline' retrieved from /opt/airflow/dags/weather_etl_dag.py
[2026-03-06T00:48:44.387+0000] {logging_mixin.py:190} INFO - [2026-03-06T00:48:44.386+0000] {dag.py:3229} INFO - Sync 1 DAGs
[2026-03-06T00:48:44.412+0000] {logging_mixin.py:190} INFO - [2026-03-06T00:48:44.412+0000] {dag.py:4156} INFO - Setting next_dagrun for weather_to_snowflake_pipeline to 2026-03-04 02:30:00+00:00, run_after=2026-03-05 02:30:00+00:00
[2026-03-06T00:48:44.437+0000] {processor.py:208} INFO - Processing /opt/airflow/dags/weather_etl_dag.py took 0.113 seconds
[2026-03-06T00:49:14.771+0000] {processor.py:186} INFO - Started process (PID=409) to work on /opt/airflow/dags/weather_etl_dag.py
[2026-03-06T00:49:14.772+0000] {processor.py:914} INFO - Processing file /opt/airflow/dags/weather_etl_dag.py for tasks to queue
[2026-03-06T00:49:14.776+0000] {logging_mixin.py:190} INFO - [2026-03-06T00:49:14.776+0000] {dagbag.py:587} INFO - Filling up the DagBag from /opt/airflow/dags/weather_etl_dag.py
[2026-03-06T00:49:14.804+0000] {processor.py:925} INFO - DAG(s) 'weather_to_snowflake_pipeline' retrieved from /opt/airflow/dags/weather_etl_dag.py
[2026-03-06T00:49:14.831+0000] {logging_mixin.py:190} INFO - [2026-03-06T00:49:14.830+0000] {dag.py:3229} INFO - Sync 1 DAGs
[2026-03-06T00:49:14.854+0000] {logging_mixin.py:190} INFO - [2026-03-06T00:49:14.854+0000] {dag.py:4156} INFO - Setting next_dagrun for weather_to_snowflake_pipeline to 2026-03-04 02:30:00+00:00, run_after=2026-03-05 02:30:00+00:00
[2026-03-06T00:49:14.881+0000] {processor.py:208} INFO - Processing /opt/airflow/dags/weather_etl_dag.py took 0.115 seconds
[2026-03-06T00:49:45.124+0000] {processor.py:186} INFO - Started process (PID=425) to work on /opt/airflow/dags/weather_etl_dag.py
[2026-03-06T00:49:45.125+0000] {processor.py:914} INFO - Processing file /opt/airflow/dags/weather_etl_dag.py for tasks to queue
[2026-03-06T00:49:45.128+0000] {logging_mixin.py:190} INFO - [2026-03-06T00:49:45.128+0000] {dagbag.py:587} INFO - Filling up the DagBag from /opt/airflow/dags/weather_etl_dag.py
[2026-03-06T00:49:45.152+0000] {processor.py:925} INFO - DAG(s) 'weather_to_snowflake_pipeline' retrieved from /opt/airflow/dags/weather_etl_dag.py
[2026-03-06T00:49:45.180+0000] {logging_mixin.py:190} INFO - [2026-03-06T00:49:45.180+0000] {dag.py:3229} INFO - Sync 1 DAGs
[2026-03-06T00:49:45.204+0000] {logging_mixin.py:190} INFO - [2026-03-06T00:49:45.204+0000] {dag.py:4156} INFO - Setting next_dagrun for weather_to_snowflake_pipeline to 2026-03-04 02:30:00+00:00, run_after=2026-03-05 02:30:00+00:00
[2026-03-06T00:49:45.227+0000] {processor.py:208} INFO - Processing /opt/airflow/dags/weather_etl_dag.py took 0.109 seconds
[2026-03-06T00:50:15.549+0000] {processor.py:186} INFO - Started process (PID=441) to work on /opt/airflow/dags/weather_etl_dag.py
[2026-03-06T00:50:15.550+0000] {processor.py:914} INFO - Processing file /opt/airflow/dags/weather_etl_dag.py for tasks to queue
[2026-03-06T00:50:15.553+0000] {logging_mixin.py:190} INFO - [2026-03-06T00:50:15.552+0000] {dagbag.py:587} INFO - Filling up the DagBag from /opt/airflow/dags/weather_etl_dag.py
[2026-03-06T00:50:15.579+0000] {processor.py:925} INFO - DAG(s) 'weather_to_snowflake_pipeline' retrieved from /opt/airflow/dags/weather_etl_dag.py
[2026-03-06T00:50:15.606+0000] {logging_mixin.py:190} INFO - [2026-03-06T00:50:15.606+0000] {dag.py:3229} INFO - Sync 1 DAGs
[2026-03-06T00:50:15.632+0000] {logging_mixin.py:190} INFO - [2026-03-06T00:50:15.632+0000] {dag.py:4156} INFO - Setting next_dagrun for weather_to_snowflake_pipeline to 2026-03-04 02:30:00+00:00, run_after=2026-03-05 02:30:00+00:00
[2026-03-06T00:50:15.656+0000] {processor.py:208} INFO - Processing /opt/airflow/dags/weather_etl_dag.py took 0.112 seconds
[2026-03-06T00:50:45.918+0000] {processor.py:186} INFO - Started process (PID=457) to work on /opt/airflow/dags/weather_etl_dag.py
[2026-03-06T00:50:45.919+0000] {processor.py:914} INFO - Processing file /opt/airflow/dags/weather_etl_dag.py for tasks to queue
[2026-03-06T00:50:45.922+0000] {logging_mixin.py:190} INFO - [2026-03-06T00:50:45.922+0000] {dagbag.py:587} INFO - Filling up the DagBag from /opt/airflow/dags/weather_etl_dag.py
[2026-03-06T00:50:45.957+0000] {processor.py:925} INFO - DAG(s) 'weather_to_snowflake_pipeline' retrieved from /opt/airflow/dags/weather_etl_dag.py
[2026-03-06T00:50:45.986+0000] {logging_mixin.py:190} INFO - [2026-03-06T00:50:45.985+0000] {dag.py:3229} INFO - Sync 1 DAGs
[2026-03-06T00:50:46.017+0000] {logging_mixin.py:190} INFO - [2026-03-06T00:50:46.017+0000] {dag.py:4156} INFO - Setting next_dagrun for weather_to_snowflake_pipeline to 2026-03-04 02:30:00+00:00, run_after=2026-03-05 02:30:00+00:00
[2026-03-06T00:50:46.047+0000] {processor.py:208} INFO - Processing /opt/airflow/dags/weather_etl_dag.py took 0.136 seconds
[2026-03-06T00:51:16.255+0000] {processor.py:186} INFO - Started process (PID=473) to work on /opt/airflow/dags/weather_etl_dag.py
[2026-03-06T00:51:16.256+0000] {processor.py:914} INFO - Processing file /opt/airflow/dags/weather_etl_dag.py for tasks to queue
[2026-03-06T00:51:16.259+0000] {logging_mixin.py:190} INFO - [2026-03-06T00:51:16.259+0000] {dagbag.py:587} INFO - Filling up the DagBag from /opt/airflow/dags/weather_etl_dag.py
[2026-03-06T00:51:16.294+0000] {processor.py:925} INFO - DAG(s) 'weather_to_snowflake_pipeline' retrieved from /opt/airflow/dags/weather_etl_dag.py
[2026-03-06T00:51:16.325+0000] {logging_mixin.py:190} INFO - [2026-03-06T00:51:16.324+0000] {dag.py:3229} INFO - Sync 1 DAGs
[2026-03-06T00:51:16.349+0000] {logging_mixin.py:190} INFO - [2026-03-06T00:51:16.349+0000] {dag.py:4156} INFO - Setting next_dagrun for weather_to_snowflake_pipeline to 2026-03-04 02:30:00+00:00, run_after=2026-03-05 02:30:00+00:00
[2026-03-06T00:51:16.372+0000] {processor.py:208} INFO - Processing /opt/airflow/dags/weather_etl_dag.py took 0.123 seconds
[2026-03-06T00:51:46.847+0000] {processor.py:186} INFO - Started process (PID=489) to work on /opt/airflow/dags/weather_etl_dag.py
[2026-03-06T00:51:46.849+0000] {processor.py:914} INFO - Processing file /opt/airflow/dags/weather_etl_dag.py for tasks to queue
[2026-03-06T00:51:46.851+0000] {logging_mixin.py:190} INFO - [2026-03-06T00:51:46.851+0000] {dagbag.py:587} INFO - Filling up the DagBag from /opt/airflow/dags/weather_etl_dag.py
[2026-03-06T00:51:46.876+0000] {processor.py:925} INFO - DAG(s) 'weather_to_snowflake_pipeline' retrieved from /opt/airflow/dags/weather_etl_dag.py
[2026-03-06T00:51:46.901+0000] {logging_mixin.py:190} INFO - [2026-03-06T00:51:46.901+0000] {dag.py:3229} INFO - Sync 1 DAGs
[2026-03-06T00:51:46.922+0000] {logging_mixin.py:190} INFO - [2026-03-06T00:51:46.922+0000] {dag.py:4156} INFO - Setting next_dagrun for weather_to_snowflake_pipeline to 2026-03-04 02:30:00+00:00, run_after=2026-03-05 02:30:00+00:00
[2026-03-06T00:51:46.942+0000] {processor.py:208} INFO - Processing /opt/airflow/dags/weather_etl_dag.py took 0.100 seconds
[2026-03-06T00:52:17.467+0000] {processor.py:186} INFO - Started process (PID=505) to work on /opt/airflow/dags/weather_etl_dag.py
[2026-03-06T00:52:17.468+0000] {processor.py:914} INFO - Processing file /opt/airflow/dags/weather_etl_dag.py for tasks to queue
[2026-03-06T00:52:17.472+0000] {logging_mixin.py:190} INFO - [2026-03-06T00:52:17.472+0000] {dagbag.py:587} INFO - Filling up the DagBag from /opt/airflow/dags/weather_etl_dag.py
[2026-03-06T00:52:17.500+0000] {processor.py:925} INFO - DAG(s) 'weather_to_snowflake_pipeline' retrieved from /opt/airflow/dags/weather_etl_dag.py
[2026-03-06T00:52:17.538+0000] {logging_mixin.py:190} INFO - [2026-03-06T00:52:17.537+0000] {dag.py:3229} INFO - Sync 1 DAGs
[2026-03-06T00:52:17.561+0000] {logging_mixin.py:190} INFO - [2026-03-06T00:52:17.561+0000] {dag.py:4156} INFO - Setting next_dagrun for weather_to_snowflake_pipeline to 2026-03-04 02:30:00+00:00, run_after=2026-03-05 02:30:00+00:00
[2026-03-06T00:52:17.584+0000] {processor.py:208} INFO - Processing /opt/airflow/dags/weather_etl_dag.py took 0.130 seconds
[2026-03-06T00:52:47.878+0000] {processor.py:186} INFO - Started process (PID=522) to work on /opt/airflow/dags/weather_etl_dag.py
[2026-03-06T00:52:47.879+0000] {processor.py:914} INFO - Processing file /opt/airflow/dags/weather_etl_dag.py for tasks to queue
[2026-03-06T00:52:47.881+0000] {logging_mixin.py:190} INFO - [2026-03-06T00:52:47.881+0000] {dagbag.py:587} INFO - Filling up the DagBag from /opt/airflow/dags/weather_etl_dag.py
[2026-03-06T00:52:47.903+0000] {processor.py:925} INFO - DAG(s) 'weather_to_snowflake_pipeline' retrieved from /opt/airflow/dags/weather_etl_dag.py
[2026-03-06T00:52:47.931+0000] {logging_mixin.py:190} INFO - [2026-03-06T00:52:47.930+0000] {dag.py:3229} INFO - Sync 1 DAGs
[2026-03-06T00:52:47.952+0000] {logging_mixin.py:190} INFO - [2026-03-06T00:52:47.952+0000] {dag.py:4156} INFO - Setting next_dagrun for weather_to_snowflake_pipeline to 2026-03-04 02:30:00+00:00, run_after=2026-03-05 02:30:00+00:00
[2026-03-06T00:52:47.969+0000] {processor.py:208} INFO - Processing /opt/airflow/dags/weather_etl_dag.py took 0.096 seconds
[2026-03-06T00:53:18.518+0000] {processor.py:186} INFO - Started process (PID=538) to work on /opt/airflow/dags/weather_etl_dag.py
[2026-03-06T00:53:18.519+0000] {processor.py:914} INFO - Processing file /opt/airflow/dags/weather_etl_dag.py for tasks to queue
[2026-03-06T00:53:18.523+0000] {logging_mixin.py:190} INFO - [2026-03-06T00:53:18.522+0000] {dagbag.py:587} INFO - Filling up the DagBag from /opt/airflow/dags/weather_etl_dag.py
[2026-03-06T00:53:18.558+0000] {processor.py:925} INFO - DAG(s) 'weather_to_snowflake_pipeline' retrieved from /opt/airflow/dags/weather_etl_dag.py
[2026-03-06T00:53:18.644+0000] {logging_mixin.py:190} INFO - [2026-03-06T00:53:18.640+0000] {dag.py:3229} INFO - Sync 1 DAGs
[2026-03-06T00:53:18.675+0000] {logging_mixin.py:190} INFO - [2026-03-06T00:53:18.674+0000] {dag.py:4156} INFO - Setting next_dagrun for weather_to_snowflake_pipeline to 2026-03-04 02:30:00+00:00, run_after=2026-03-05 02:30:00+00:00
[2026-03-06T00:53:18.703+0000] {processor.py:208} INFO - Processing /opt/airflow/dags/weather_etl_dag.py took 0.205 seconds
[2026-03-06T00:53:48.984+0000] {processor.py:186} INFO - Started process (PID=555) to work on /opt/airflow/dags/weather_etl_dag.py
[2026-03-06T00:53:48.985+0000] {processor.py:914} INFO - Processing file /opt/airflow/dags/weather_etl_dag.py for tasks to queue
[2026-03-06T00:53:48.988+0000] {logging_mixin.py:190} INFO - [2026-03-06T00:53:48.988+0000] {dagbag.py:587} INFO - Filling up the DagBag from /opt/airflow/dags/weather_etl_dag.py
[2026-03-06T00:53:49.024+0000] {processor.py:925} INFO - DAG(s) 'weather_to_snowflake_pipeline' retrieved from /opt/airflow/dags/weather_etl_dag.py
[2026-03-06T00:53:49.054+0000] {logging_mixin.py:190} INFO - [2026-03-06T00:53:49.054+0000] {dag.py:3229} INFO - Sync 1 DAGs
[2026-03-06T00:53:49.077+0000] {logging_mixin.py:190} INFO - [2026-03-06T00:53:49.077+0000] {dag.py:4156} INFO - Setting next_dagrun for weather_to_snowflake_pipeline to 2026-03-04 02:30:00+00:00, run_after=2026-03-05 02:30:00+00:00
[2026-03-06T00:53:49.098+0000] {processor.py:208} INFO - Processing /opt/airflow/dags/weather_etl_dag.py took 0.124 seconds
[2026-03-06T00:54:19.546+0000] {processor.py:186} INFO - Started process (PID=571) to work on /opt/airflow/dags/weather_etl_dag.py
[2026-03-06T00:54:19.548+0000] {processor.py:914} INFO - Processing file /opt/airflow/dags/weather_etl_dag.py for tasks to queue
[2026-03-06T00:54:19.550+0000] {logging_mixin.py:190} INFO - [2026-03-06T00:54:19.550+0000] {dagbag.py:587} INFO - Filling up the DagBag from /opt/airflow/dags/weather_etl_dag.py
[2026-03-06T00:54:19.580+0000] {processor.py:925} INFO - DAG(s) 'weather_to_snowflake_pipeline' retrieved from /opt/airflow/dags/weather_etl_dag.py
[2026-03-06T00:54:19.610+0000] {logging_mixin.py:190} INFO - [2026-03-06T00:54:19.610+0000] {dag.py:3229} INFO - Sync 1 DAGs
[2026-03-06T00:54:19.635+0000] {logging_mixin.py:190} INFO - [2026-03-06T00:54:19.635+0000] {dag.py:4156} INFO - Setting next_dagrun for weather_to_snowflake_pipeline to 2026-03-04 02:30:00+00:00, run_after=2026-03-05 02:30:00+00:00
[2026-03-06T00:54:19.664+0000] {processor.py:208} INFO - Processing /opt/airflow/dags/weather_etl_dag.py took 0.125 seconds
[2026-03-06T00:54:49.918+0000] {processor.py:186} INFO - Started process (PID=587) to work on /opt/airflow/dags/weather_etl_dag.py
[2026-03-06T00:54:49.919+0000] {processor.py:914} INFO - Processing file /opt/airflow/dags/weather_etl_dag.py for tasks to queue
[2026-03-06T00:54:49.922+0000] {logging_mixin.py:190} INFO - [2026-03-06T00:54:49.922+0000] {dagbag.py:587} INFO - Filling up the DagBag from /opt/airflow/dags/weather_etl_dag.py
[2026-03-06T00:54:49.948+0000] {processor.py:925} INFO - DAG(s) 'weather_to_snowflake_pipeline' retrieved from /opt/airflow/dags/weather_etl_dag.py
[2026-03-06T00:54:49.973+0000] {logging_mixin.py:190} INFO - [2026-03-06T00:54:49.973+0000] {dag.py:3229} INFO - Sync 1 DAGs
[2026-03-06T00:54:49.992+0000] {logging_mixin.py:190} INFO - [2026-03-06T00:54:49.992+0000] {dag.py:4156} INFO - Setting next_dagrun for weather_to_snowflake_pipeline to 2026-03-04 02:30:00+00:00, run_after=2026-03-05 02:30:00+00:00
[2026-03-06T00:54:50.013+0000] {processor.py:208} INFO - Processing /opt/airflow/dags/weather_etl_dag.py took 0.101 seconds
[2026-03-06T00:55:20.405+0000] {processor.py:186} INFO - Started process (PID=603) to work on /opt/airflow/dags/weather_etl_dag.py
[2026-03-06T00:55:20.406+0000] {processor.py:914} INFO - Processing file /opt/airflow/dags/weather_etl_dag.py for tasks to queue
[2026-03-06T00:55:20.408+0000] {logging_mixin.py:190} INFO - [2026-03-06T00:55:20.408+0000] {dagbag.py:587} INFO - Filling up the DagBag from /opt/airflow/dags/weather_etl_dag.py
[2026-03-06T00:55:20.436+0000] {processor.py:925} INFO - DAG(s) 'weather_to_snowflake_pipeline' retrieved from /opt/airflow/dags/weather_etl_dag.py
[2026-03-06T00:55:20.461+0000] {logging_mixin.py:190} INFO - [2026-03-06T00:55:20.461+0000] {dag.py:3229} INFO - Sync 1 DAGs
[2026-03-06T00:55:20.488+0000] {logging_mixin.py:190} INFO - [2026-03-06T00:55:20.487+0000] {dag.py:4156} INFO - Setting next_dagrun for weather_to_snowflake_pipeline to 2026-03-04 02:30:00+00:00, run_after=2026-03-05 02:30:00+00:00
[2026-03-06T00:55:20.510+0000] {processor.py:208} INFO - Processing /opt/airflow/dags/weather_etl_dag.py took 0.110 seconds
[2026-03-06T00:55:50.788+0000] {processor.py:186} INFO - Started process (PID=618) to work on /opt/airflow/dags/weather_etl_dag.py
[2026-03-06T00:55:50.789+0000] {processor.py:914} INFO - Processing file /opt/airflow/dags/weather_etl_dag.py for tasks to queue
[2026-03-06T00:55:50.791+0000] {logging_mixin.py:190} INFO - [2026-03-06T00:55:50.791+0000] {dagbag.py:587} INFO - Filling up the DagBag from /opt/airflow/dags/weather_etl_dag.py
[2026-03-06T00:55:50.817+0000] {processor.py:925} INFO - DAG(s) 'weather_to_snowflake_pipeline' retrieved from /opt/airflow/dags/weather_etl_dag.py
[2026-03-06T00:55:50.847+0000] {logging_mixin.py:190} INFO - [2026-03-06T00:55:50.846+0000] {dag.py:3229} INFO - Sync 1 DAGs
[2026-03-06T00:55:50.869+0000] {logging_mixin.py:190} INFO - [2026-03-06T00:55:50.869+0000] {dag.py:4156} INFO - Setting next_dagrun for weather_to_snowflake_pipeline to 2026-03-04 02:30:00+00:00, run_after=2026-03-05 02:30:00+00:00
[2026-03-06T00:55:50.888+0000] {processor.py:208} INFO - Processing /opt/airflow/dags/weather_etl_dag.py took 0.106 seconds
[2026-03-06T00:56:21.187+0000] {processor.py:186} INFO - Started process (PID=634) to work on /opt/airflow/dags/weather_etl_dag.py
[2026-03-06T00:56:21.188+0000] {processor.py:914} INFO - Processing file /opt/airflow/dags/weather_etl_dag.py for tasks to queue
[2026-03-06T00:56:21.191+0000] {logging_mixin.py:190} INFO - [2026-03-06T00:56:21.191+0000] {dagbag.py:587} INFO - Filling up the DagBag from /opt/airflow/dags/weather_etl_dag.py
[2026-03-06T00:56:21.219+0000] {processor.py:925} INFO - DAG(s) 'weather_to_snowflake_pipeline' retrieved from /opt/airflow/dags/weather_etl_dag.py
[2026-03-06T00:56:21.247+0000] {logging_mixin.py:190} INFO - [2026-03-06T00:56:21.246+0000] {dag.py:3229} INFO - Sync 1 DAGs
[2026-03-06T00:56:21.269+0000] {logging_mixin.py:190} INFO - [2026-03-06T00:56:21.269+0000] {dag.py:4156} INFO - Setting next_dagrun for weather_to_snowflake_pipeline to 2026-03-04 02:30:00+00:00, run_after=2026-03-05 02:30:00+00:00
[2026-03-06T00:56:21.289+0000] {processor.py:208} INFO - Processing /opt/airflow/dags/weather_etl_dag.py took 0.107 seconds
[2026-03-06T00:56:51.664+0000] {processor.py:186} INFO - Started process (PID=650) to work on /opt/airflow/dags/weather_etl_dag.py
[2026-03-06T00:56:51.665+0000] {processor.py:914} INFO - Processing file /opt/airflow/dags/weather_etl_dag.py for tasks to queue
[2026-03-06T00:56:51.667+0000] {logging_mixin.py:190} INFO - [2026-03-06T00:56:51.667+0000] {dagbag.py:587} INFO - Filling up the DagBag from /opt/airflow/dags/weather_etl_dag.py
[2026-03-06T00:56:51.690+0000] {processor.py:925} INFO - DAG(s) 'weather_to_snowflake_pipeline' retrieved from /opt/airflow/dags/weather_etl_dag.py
[2026-03-06T00:56:51.715+0000] {logging_mixin.py:190} INFO - [2026-03-06T00:56:51.714+0000] {dag.py:3229} INFO - Sync 1 DAGs
[2026-03-06T00:56:51.734+0000] {logging_mixin.py:190} INFO - [2026-03-06T00:56:51.734+0000] {dag.py:4156} INFO - Setting next_dagrun for weather_to_snowflake_pipeline to 2026-03-04 02:30:00+00:00, run_after=2026-03-05 02:30:00+00:00
[2026-03-06T00:56:51.752+0000] {processor.py:208} INFO - Processing /opt/airflow/dags/weather_etl_dag.py took 0.093 seconds
[2026-03-06T00:57:22.040+0000] {processor.py:186} INFO - Started process (PID=666) to work on /opt/airflow/dags/weather_etl_dag.py
[2026-03-06T00:57:22.041+0000] {processor.py:914} INFO - Processing file /opt/airflow/dags/weather_etl_dag.py for tasks to queue
[2026-03-06T00:57:22.043+0000] {logging_mixin.py:190} INFO - [2026-03-06T00:57:22.043+0000] {dagbag.py:587} INFO - Filling up the DagBag from /opt/airflow/dags/weather_etl_dag.py
[2026-03-06T00:57:22.070+0000] {processor.py:925} INFO - DAG(s) 'weather_to_snowflake_pipeline' retrieved from /opt/airflow/dags/weather_etl_dag.py
[2026-03-06T00:57:22.095+0000] {logging_mixin.py:190} INFO - [2026-03-06T00:57:22.095+0000] {dag.py:3229} INFO - Sync 1 DAGs
[2026-03-06T00:57:22.118+0000] {logging_mixin.py:190} INFO - [2026-03-06T00:57:22.118+0000] {dag.py:4156} INFO - Setting next_dagrun for weather_to_snowflake_pipeline to 2026-03-04 02:30:00+00:00, run_after=2026-03-05 02:30:00+00:00
[2026-03-06T00:57:22.138+0000] {processor.py:208} INFO - Processing /opt/airflow/dags/weather_etl_dag.py took 0.102 seconds
[2026-03-06T00:57:52.390+0000] {processor.py:186} INFO - Started process (PID=682) to work on /opt/airflow/dags/weather_etl_dag.py
[2026-03-06T00:57:52.391+0000] {processor.py:914} INFO - Processing file /opt/airflow/dags/weather_etl_dag.py for tasks to queue
[2026-03-06T00:57:52.393+0000] {logging_mixin.py:190} INFO - [2026-03-06T00:57:52.393+0000] {dagbag.py:587} INFO - Filling up the DagBag from /opt/airflow/dags/weather_etl_dag.py
[2026-03-06T00:57:52.417+0000] {processor.py:925} INFO - DAG(s) 'weather_to_snowflake_pipeline' retrieved from /opt/airflow/dags/weather_etl_dag.py
[2026-03-06T00:57:52.444+0000] {logging_mixin.py:190} INFO - [2026-03-06T00:57:52.443+0000] {dag.py:3229} INFO - Sync 1 DAGs
[2026-03-06T00:57:52.471+0000] {logging_mixin.py:190} INFO - [2026-03-06T00:57:52.471+0000] {dag.py:4156} INFO - Setting next_dagrun for weather_to_snowflake_pipeline to 2026-03-04 02:30:00+00:00, run_after=2026-03-05 02:30:00+00:00
[2026-03-06T00:57:52.495+0000] {processor.py:208} INFO - Processing /opt/airflow/dags/weather_etl_dag.py took 0.109 seconds
[2026-03-06T00:58:22.778+0000] {processor.py:186} INFO - Started process (PID=698) to work on /opt/airflow/dags/weather_etl_dag.py
[2026-03-06T00:58:22.778+0000] {processor.py:914} INFO - Processing file /opt/airflow/dags/weather_etl_dag.py for tasks to queue
[2026-03-06T00:58:22.781+0000] {logging_mixin.py:190} INFO - [2026-03-06T00:58:22.780+0000] {dagbag.py:587} INFO - Filling up the DagBag from /opt/airflow/dags/weather_etl_dag.py
[2026-03-06T00:58:22.805+0000] {processor.py:925} INFO - DAG(s) 'weather_to_snowflake_pipeline' retrieved from /opt/airflow/dags/weather_etl_dag.py
[2026-03-06T00:58:22.831+0000] {logging_mixin.py:190} INFO - [2026-03-06T00:58:22.831+0000] {dag.py:3229} INFO - Sync 1 DAGs
[2026-03-06T00:58:22.853+0000] {logging_mixin.py:190} INFO - [2026-03-06T00:58:22.853+0000] {dag.py:4156} INFO - Setting next_dagrun for weather_to_snowflake_pipeline to 2026-03-04 02:30:00+00:00, run_after=2026-03-05 02:30:00+00:00
[2026-03-06T00:58:22.874+0000] {processor.py:208} INFO - Processing /opt/airflow/dags/weather_etl_dag.py took 0.102 seconds
[2026-03-06T00:58:53.187+0000] {processor.py:186} INFO - Started process (PID=715) to work on /opt/airflow/dags/weather_etl_dag.py
[2026-03-06T00:58:53.189+0000] {processor.py:914} INFO - Processing file /opt/airflow/dags/weather_etl_dag.py for tasks to queue
[2026-03-06T00:58:53.192+0000] {logging_mixin.py:190} INFO - [2026-03-06T00:58:53.191+0000] {dagbag.py:587} INFO - Filling up the DagBag from /opt/airflow/dags/weather_etl_dag.py
[2026-03-06T00:58:53.225+0000] {processor.py:925} INFO - DAG(s) 'weather_to_snowflake_pipeline' retrieved from /opt/airflow/dags/weather_etl_dag.py
[2026-03-06T00:58:53.253+0000] {logging_mixin.py:190} INFO - [2026-03-06T00:58:53.252+0000] {dag.py:3229} INFO - Sync 1 DAGs
[2026-03-06T00:58:53.277+0000] {logging_mixin.py:190} INFO - [2026-03-06T00:58:53.277+0000] {dag.py:4156} INFO - Setting next_dagrun for weather_to_snowflake_pipeline to 2026-03-04 02:30:00+00:00, run_after=2026-03-05 02:30:00+00:00
[2026-03-06T00:58:53.300+0000] {processor.py:208} INFO - Processing /opt/airflow/dags/weather_etl_dag.py took 0.117 seconds
[2026-03-06T00:59:23.661+0000] {processor.py:186} INFO - Started process (PID=731) to work on /opt/airflow/dags/weather_etl_dag.py
[2026-03-06T00:59:23.662+0000] {processor.py:914} INFO - Processing file /opt/airflow/dags/weather_etl_dag.py for tasks to queue
[2026-03-06T00:59:23.664+0000] {logging_mixin.py:190} INFO - [2026-03-06T00:59:23.664+0000] {dagbag.py:587} INFO - Filling up the DagBag from /opt/airflow/dags/weather_etl_dag.py
[2026-03-06T00:59:23.691+0000] {processor.py:925} INFO - DAG(s) 'weather_to_snowflake_pipeline' retrieved from /opt/airflow/dags/weather_etl_dag.py
[2026-03-06T00:59:23.718+0000] {logging_mixin.py:190} INFO - [2026-03-06T00:59:23.717+0000] {dag.py:3229} INFO - Sync 1 DAGs
[2026-03-06T00:59:23.739+0000] {logging_mixin.py:190} INFO - [2026-03-06T00:59:23.739+0000] {dag.py:4156} INFO - Setting next_dagrun for weather_to_snowflake_pipeline to 2026-03-04 02:30:00+00:00, run_after=2026-03-05 02:30:00+00:00
[2026-03-06T00:59:23.762+0000] {processor.py:208} INFO - Processing /opt/airflow/dags/weather_etl_dag.py took 0.105 seconds
[2026-03-06T00:59:54.167+0000] {processor.py:186} INFO - Started process (PID=747) to work on /opt/airflow/dags/weather_etl_dag.py
[2026-03-06T00:59:54.168+0000] {processor.py:914} INFO - Processing file /opt/airflow/dags/weather_etl_dag.py for tasks to queue
[2026-03-06T00:59:54.170+0000] {logging_mixin.py:190} INFO - [2026-03-06T00:59:54.170+0000] {dagbag.py:587} INFO - Filling up the DagBag from /opt/airflow/dags/weather_etl_dag.py
[2026-03-06T00:59:54.194+0000] {processor.py:925} INFO - DAG(s) 'weather_to_snowflake_pipeline' retrieved from /opt/airflow/dags/weather_etl_dag.py
[2026-03-06T00:59:54.222+0000] {logging_mixin.py:190} INFO - [2026-03-06T00:59:54.221+0000] {dag.py:3229} INFO - Sync 1 DAGs
[2026-03-06T00:59:54.244+0000] {logging_mixin.py:190} INFO - [2026-03-06T00:59:54.244+0000] {dag.py:4156} INFO - Setting next_dagrun for weather_to_snowflake_pipeline to 2026-03-04 02:30:00+00:00, run_after=2026-03-05 02:30:00+00:00
[2026-03-06T00:59:54.266+0000] {processor.py:208} INFO - Processing /opt/airflow/dags/weather_etl_dag.py took 0.105 seconds
[2026-03-06T01:00:24.648+0000] {processor.py:186} INFO - Started process (PID=763) to work on /opt/airflow/dags/weather_etl_dag.py
[2026-03-06T01:00:24.649+0000] {processor.py:914} INFO - Processing file /opt/airflow/dags/weather_etl_dag.py for tasks to queue
[2026-03-06T01:00:24.651+0000] {logging_mixin.py:190} INFO - [2026-03-06T01:00:24.651+0000] {dagbag.py:587} INFO - Filling up the DagBag from /opt/airflow/dags/weather_etl_dag.py
[2026-03-06T01:00:24.674+0000] {processor.py:925} INFO - DAG(s) 'weather_to_snowflake_pipeline' retrieved from /opt/airflow/dags/weather_etl_dag.py
[2026-03-06T01:00:24.700+0000] {logging_mixin.py:190} INFO - [2026-03-06T01:00:24.700+0000] {dag.py:3229} INFO - Sync 1 DAGs
[2026-03-06T01:00:24.723+0000] {logging_mixin.py:190} INFO - [2026-03-06T01:00:24.723+0000] {dag.py:4156} INFO - Setting next_dagrun for weather_to_snowflake_pipeline to 2026-03-04 02:30:00+00:00, run_after=2026-03-05 02:30:00+00:00
[2026-03-06T01:00:24.743+0000] {processor.py:208} INFO - Processing /opt/airflow/dags/weather_etl_dag.py took 0.100 seconds
[2026-03-06T01:00:55.015+0000] {processor.py:186} INFO - Started process (PID=779) to work on /opt/airflow/dags/weather_etl_dag.py
[2026-03-06T01:00:55.017+0000] {processor.py:914} INFO - Processing file /opt/airflow/dags/weather_etl_dag.py for tasks to queue
[2026-03-06T01:00:55.021+0000] {logging_mixin.py:190} INFO - [2026-03-06T01:00:55.021+0000] {dagbag.py:587} INFO - Filling up the DagBag from /opt/airflow/dags/weather_etl_dag.py
[2026-03-06T01:00:55.048+0000] {processor.py:925} INFO - DAG(s) 'weather_to_snowflake_pipeline' retrieved from /opt/airflow/dags/weather_etl_dag.py
[2026-03-06T01:00:55.084+0000] {logging_mixin.py:190} INFO - [2026-03-06T01:00:55.083+0000] {dag.py:3229} INFO - Sync 1 DAGs
[2026-03-06T01:00:55.106+0000] {logging_mixin.py:190} INFO - [2026-03-06T01:00:55.106+0000] {dag.py:4156} INFO - Setting next_dagrun for weather_to_snowflake_pipeline to 2026-03-04 02:30:00+00:00, run_after=2026-03-05 02:30:00+00:00
[2026-03-06T01:00:55.127+0000] {processor.py:208} INFO - Processing /opt/airflow/dags/weather_etl_dag.py took 0.119 seconds
[2026-03-06T01:01:25.472+0000] {processor.py:186} INFO - Started process (PID=795) to work on /opt/airflow/dags/weather_etl_dag.py
[2026-03-06T01:01:25.473+0000] {processor.py:914} INFO - Processing file /opt/airflow/dags/weather_etl_dag.py for tasks to queue
[2026-03-06T01:01:25.476+0000] {logging_mixin.py:190} INFO - [2026-03-06T01:01:25.475+0000] {dagbag.py:587} INFO - Filling up the DagBag from /opt/airflow/dags/weather_etl_dag.py
[2026-03-06T01:01:25.504+0000] {processor.py:925} INFO - DAG(s) 'weather_to_snowflake_pipeline' retrieved from /opt/airflow/dags/weather_etl_dag.py
[2026-03-06T01:01:25.532+0000] {logging_mixin.py:190} INFO - [2026-03-06T01:01:25.531+0000] {dag.py:3229} INFO - Sync 1 DAGs
[2026-03-06T01:01:25.553+0000] {logging_mixin.py:190} INFO - [2026-03-06T01:01:25.553+0000] {dag.py:4156} INFO - Setting next_dagrun for weather_to_snowflake_pipeline to 2026-03-04 02:30:00+00:00, run_after=2026-03-05 02:30:00+00:00
[2026-03-06T01:01:25.576+0000] {processor.py:208} INFO - Processing /opt/airflow/dags/weather_etl_dag.py took 0.110 seconds
[2026-03-06T01:01:55.904+0000] {processor.py:186} INFO - Started process (PID=811) to work on /opt/airflow/dags/weather_etl_dag.py
[2026-03-06T01:01:55.905+0000] {processor.py:914} INFO - Processing file /opt/airflow/dags/weather_etl_dag.py for tasks to queue
[2026-03-06T01:01:55.907+0000] {logging_mixin.py:190} INFO - [2026-03-06T01:01:55.907+0000] {dagbag.py:587} INFO - Filling up the DagBag from /opt/airflow/dags/weather_etl_dag.py
[2026-03-06T01:01:55.957+0000] {processor.py:925} INFO - DAG(s) 'weather_to_snowflake_pipeline' retrieved from /opt/airflow/dags/weather_etl_dag.py
[2026-03-06T01:01:55.990+0000] {logging_mixin.py:190} INFO - [2026-03-06T01:01:55.989+0000] {dag.py:3229} INFO - Sync 1 DAGs
[2026-03-06T01:01:56.011+0000] {logging_mixin.py:190} INFO - [2026-03-06T01:01:56.011+0000] {dag.py:4156} INFO - Setting next_dagrun for weather_to_snowflake_pipeline to 2026-03-04 02:30:00+00:00, run_after=2026-03-05 02:30:00+00:00
[2026-03-06T01:01:56.028+0000] {processor.py:208} INFO - Processing /opt/airflow/dags/weather_etl_dag.py took 0.133 seconds
[2026-03-06T01:02:26.523+0000] {processor.py:186} INFO - Started process (PID=827) to work on /opt/airflow/dags/weather_etl_dag.py
[2026-03-06T01:02:26.525+0000] {processor.py:914} INFO - Processing file /opt/airflow/dags/weather_etl_dag.py for tasks to queue
[2026-03-06T01:02:26.528+0000] {logging_mixin.py:190} INFO - [2026-03-06T01:02:26.528+0000] {dagbag.py:587} INFO - Filling up the DagBag from /opt/airflow/dags/weather_etl_dag.py
[2026-03-06T01:02:26.565+0000] {processor.py:925} INFO - DAG(s) 'weather_to_snowflake_pipeline' retrieved from /opt/airflow/dags/weather_etl_dag.py
[2026-03-06T01:02:26.590+0000] {logging_mixin.py:190} INFO - [2026-03-06T01:02:26.589+0000] {dag.py:3229} INFO - Sync 1 DAGs
[2026-03-06T01:02:26.611+0000] {logging_mixin.py:190} INFO - [2026-03-06T01:02:26.611+0000] {dag.py:4156} INFO - Setting next_dagrun for weather_to_snowflake_pipeline to 2026-03-04 02:30:00+00:00, run_after=2026-03-05 02:30:00+00:00
[2026-03-06T01:02:26.634+0000] {processor.py:208} INFO - Processing /opt/airflow/dags/weather_etl_dag.py took 0.116 seconds
[2026-03-06T01:02:57.013+0000] {processor.py:186} INFO - Started process (PID=843) to work on /opt/airflow/dags/weather_etl_dag.py
[2026-03-06T01:02:57.014+0000] {processor.py:914} INFO - Processing file /opt/airflow/dags/weather_etl_dag.py for tasks to queue
[2026-03-06T01:02:57.016+0000] {logging_mixin.py:190} INFO - [2026-03-06T01:02:57.016+0000] {dagbag.py:587} INFO - Filling up the DagBag from /opt/airflow/dags/weather_etl_dag.py
[2026-03-06T01:02:57.043+0000] {processor.py:925} INFO - DAG(s) 'weather_to_snowflake_pipeline' retrieved from /opt/airflow/dags/weather_etl_dag.py
[2026-03-06T01:02:57.073+0000] {logging_mixin.py:190} INFO - [2026-03-06T01:02:57.072+0000] {dag.py:3229} INFO - Sync 1 DAGs
[2026-03-06T01:02:57.094+0000] {logging_mixin.py:190} INFO - [2026-03-06T01:02:57.094+0000] {dag.py:4156} INFO - Setting next_dagrun for weather_to_snowflake_pipeline to 2026-03-04 02:30:00+00:00, run_after=2026-03-05 02:30:00+00:00
[2026-03-06T01:02:57.110+0000] {processor.py:208} INFO - Processing /opt/airflow/dags/weather_etl_dag.py took 0.103 seconds
[2026-03-06T01:03:27.700+0000] {processor.py:186} INFO - Started process (PID=859) to work on /opt/airflow/dags/weather_etl_dag.py
[2026-03-06T01:03:27.702+0000] {processor.py:914} INFO - Processing file /opt/airflow/dags/weather_etl_dag.py for tasks to queue
[2026-03-06T01:03:27.705+0000] {logging_mixin.py:190} INFO - [2026-03-06T01:03:27.704+0000] {dagbag.py:587} INFO - Filling up the DagBag from /opt/airflow/dags/weather_etl_dag.py
[2026-03-06T01:03:27.733+0000] {processor.py:925} INFO - DAG(s) 'weather_to_snowflake_pipeline' retrieved from /opt/airflow/dags/weather_etl_dag.py
[2026-03-06T01:03:27.760+0000] {logging_mixin.py:190} INFO - [2026-03-06T01:03:27.759+0000] {dag.py:3229} INFO - Sync 1 DAGs
[2026-03-06T01:03:27.787+0000] {logging_mixin.py:190} INFO - [2026-03-06T01:03:27.787+0000] {dag.py:4156} INFO - Setting next_dagrun for weather_to_snowflake_pipeline to 2026-03-04 02:30:00+00:00, run_after=2026-03-05 02:30:00+00:00
[2026-03-06T01:03:27.811+0000] {processor.py:208} INFO - Processing /opt/airflow/dags/weather_etl_dag.py took 0.118 seconds
[2026-03-06T01:03:58.175+0000] {processor.py:186} INFO - Started process (PID=875) to work on /opt/airflow/dags/weather_etl_dag.py
[2026-03-06T01:03:58.176+0000] {processor.py:914} INFO - Processing file /opt/airflow/dags/weather_etl_dag.py for tasks to queue
[2026-03-06T01:03:58.179+0000] {logging_mixin.py:190} INFO - [2026-03-06T01:03:58.178+0000] {dagbag.py:587} INFO - Filling up the DagBag from /opt/airflow/dags/weather_etl_dag.py
[2026-03-06T01:03:58.207+0000] {processor.py:925} INFO - DAG(s) 'weather_to_snowflake_pipeline' retrieved from /opt/airflow/dags/weather_etl_dag.py
[2026-03-06T01:03:58.236+0000] {logging_mixin.py:190} INFO - [2026-03-06T01:03:58.235+0000] {dag.py:3229} INFO - Sync 1 DAGs
[2026-03-06T01:03:58.259+0000] {logging_mixin.py:190} INFO - [2026-03-06T01:03:58.259+0000] {dag.py:4156} INFO - Setting next_dagrun for weather_to_snowflake_pipeline to 2026-03-04 02:30:00+00:00, run_after=2026-03-05 02:30:00+00:00
[2026-03-06T01:03:58.281+0000] {processor.py:208} INFO - Processing /opt/airflow/dags/weather_etl_dag.py took 0.113 seconds
[2026-03-06T01:04:28.725+0000] {processor.py:186} INFO - Started process (PID=891) to work on /opt/airflow/dags/weather_etl_dag.py
[2026-03-06T01:04:28.727+0000] {processor.py:914} INFO - Processing file /opt/airflow/dags/weather_etl_dag.py for tasks to queue
[2026-03-06T01:04:28.731+0000] {logging_mixin.py:190} INFO - [2026-03-06T01:04:28.731+0000] {dagbag.py:587} INFO - Filling up the DagBag from /opt/airflow/dags/weather_etl_dag.py
[2026-03-06T01:04:28.766+0000] {processor.py:925} INFO - DAG(s) 'weather_to_snowflake_pipeline' retrieved from /opt/airflow/dags/weather_etl_dag.py
[2026-03-06T01:04:28.792+0000] {logging_mixin.py:190} INFO - [2026-03-06T01:04:28.791+0000] {dag.py:3229} INFO - Sync 1 DAGs
[2026-03-06T01:04:28.814+0000] {logging_mixin.py:190} INFO - [2026-03-06T01:04:28.813+0000] {dag.py:4156} INFO - Setting next_dagrun for weather_to_snowflake_pipeline to 2026-03-04 02:30:00+00:00, run_after=2026-03-05 02:30:00+00:00
[2026-03-06T01:04:28.835+0000] {processor.py:208} INFO - Processing /opt/airflow/dags/weather_etl_dag.py took 0.117 seconds
[2026-03-06T01:04:59.224+0000] {processor.py:186} INFO - Started process (PID=907) to work on /opt/airflow/dags/weather_etl_dag.py
[2026-03-06T01:04:59.225+0000] {processor.py:914} INFO - Processing file /opt/airflow/dags/weather_etl_dag.py for tasks to queue
[2026-03-06T01:04:59.228+0000] {logging_mixin.py:190} INFO - [2026-03-06T01:04:59.227+0000] {dagbag.py:587} INFO - Filling up the DagBag from /opt/airflow/dags/weather_etl_dag.py
[2026-03-06T01:04:59.253+0000] {processor.py:925} INFO - DAG(s) 'weather_to_snowflake_pipeline' retrieved from /opt/airflow/dags/weather_etl_dag.py
[2026-03-06T01:04:59.281+0000] {logging_mixin.py:190} INFO - [2026-03-06T01:04:59.280+0000] {dag.py:3229} INFO - Sync 1 DAGs
[2026-03-06T01:04:59.303+0000] {logging_mixin.py:190} INFO - [2026-03-06T01:04:59.303+0000] {dag.py:4156} INFO - Setting next_dagrun for weather_to_snowflake_pipeline to 2026-03-04 02:30:00+00:00, run_after=2026-03-05 02:30:00+00:00
[2026-03-06T01:04:59.323+0000] {processor.py:208} INFO - Processing /opt/airflow/dags/weather_etl_dag.py took 0.105 seconds
[2026-03-06T01:05:29.756+0000] {processor.py:186} INFO - Started process (PID=923) to work on /opt/airflow/dags/weather_etl_dag.py
[2026-03-06T01:05:29.757+0000] {processor.py:914} INFO - Processing file /opt/airflow/dags/weather_etl_dag.py for tasks to queue
[2026-03-06T01:05:29.760+0000] {logging_mixin.py:190} INFO - [2026-03-06T01:05:29.760+0000] {dagbag.py:587} INFO - Filling up the DagBag from /opt/airflow/dags/weather_etl_dag.py
[2026-03-06T01:05:29.785+0000] {processor.py:925} INFO - DAG(s) 'weather_to_snowflake_pipeline' retrieved from /opt/airflow/dags/weather_etl_dag.py
[2026-03-06T01:05:29.809+0000] {logging_mixin.py:190} INFO - [2026-03-06T01:05:29.808+0000] {dag.py:3229} INFO - Sync 1 DAGs
[2026-03-06T01:05:29.829+0000] {logging_mixin.py:190} INFO - [2026-03-06T01:05:29.829+0000] {dag.py:4156} INFO - Setting next_dagrun for weather_to_snowflake_pipeline to 2026-03-04 02:30:00+00:00, run_after=2026-03-05 02:30:00+00:00
[2026-03-06T01:05:29.847+0000] {processor.py:208} INFO - Processing /opt/airflow/dags/weather_etl_dag.py took 0.096 seconds
[2026-03-06T01:06:00.133+0000] {processor.py:186} INFO - Started process (PID=939) to work on /opt/airflow/dags/weather_etl_dag.py
[2026-03-06T01:06:00.134+0000] {processor.py:914} INFO - Processing file /opt/airflow/dags/weather_etl_dag.py for tasks to queue
[2026-03-06T01:06:00.137+0000] {logging_mixin.py:190} INFO - [2026-03-06T01:06:00.137+0000] {dagbag.py:587} INFO - Filling up the DagBag from /opt/airflow/dags/weather_etl_dag.py
[2026-03-06T01:06:00.170+0000] {processor.py:925} INFO - DAG(s) 'weather_to_snowflake_pipeline' retrieved from /opt/airflow/dags/weather_etl_dag.py
[2026-03-06T01:06:00.202+0000] {logging_mixin.py:190} INFO - [2026-03-06T01:06:00.201+0000] {dag.py:3229} INFO - Sync 1 DAGs
[2026-03-06T01:06:00.225+0000] {logging_mixin.py:190} INFO - [2026-03-06T01:06:00.225+0000] {dag.py:4156} INFO - Setting next_dagrun for weather_to_snowflake_pipeline to 2026-03-04 02:30:00+00:00, run_after=2026-03-05 02:30:00+00:00
[2026-03-06T01:06:00.247+0000] {processor.py:208} INFO - Processing /opt/airflow/dags/weather_etl_dag.py took 0.120 seconds
[2026-03-06T01:06:30.573+0000] {processor.py:186} INFO - Started process (PID=955) to work on /opt/airflow/dags/weather_etl_dag.py
[2026-03-06T01:06:30.574+0000] {processor.py:914} INFO - Processing file /opt/airflow/dags/weather_etl_dag.py for tasks to queue
[2026-03-06T01:06:30.576+0000] {logging_mixin.py:190} INFO - [2026-03-06T01:06:30.576+0000] {dagbag.py:587} INFO - Filling up the DagBag from /opt/airflow/dags/weather_etl_dag.py
[2026-03-06T01:06:30.602+0000] {processor.py:925} INFO - DAG(s) 'weather_to_snowflake_pipeline' retrieved from /opt/airflow/dags/weather_etl_dag.py
[2026-03-06T01:06:30.630+0000] {logging_mixin.py:190} INFO - [2026-03-06T01:06:30.630+0000] {dag.py:3229} INFO - Sync 1 DAGs
[2026-03-06T01:06:30.651+0000] {logging_mixin.py:190} INFO - [2026-03-06T01:06:30.651+0000] {dag.py:4156} INFO - Setting next_dagrun for weather_to_snowflake_pipeline to 2026-03-04 02:30:00+00:00, run_after=2026-03-05 02:30:00+00:00
[2026-03-06T01:06:30.672+0000] {processor.py:208} INFO - Processing /opt/airflow/dags/weather_etl_dag.py took 0.104 seconds
[2026-03-06T01:07:01.061+0000] {processor.py:186} INFO - Started process (PID=971) to work on /opt/airflow/dags/weather_etl_dag.py
[2026-03-06T01:07:01.063+0000] {processor.py:914} INFO - Processing file /opt/airflow/dags/weather_etl_dag.py for tasks to queue
[2026-03-06T01:07:01.065+0000] {logging_mixin.py:190} INFO - [2026-03-06T01:07:01.065+0000] {dagbag.py:587} INFO - Filling up the DagBag from /opt/airflow/dags/weather_etl_dag.py
[2026-03-06T01:07:01.097+0000] {processor.py:925} INFO - DAG(s) 'weather_to_snowflake_pipeline' retrieved from /opt/airflow/dags/weather_etl_dag.py
[2026-03-06T01:07:01.122+0000] {logging_mixin.py:190} INFO - [2026-03-06T01:07:01.122+0000] {dag.py:3229} INFO - Sync 1 DAGs
[2026-03-06T01:07:01.143+0000] {logging_mixin.py:190} INFO - [2026-03-06T01:07:01.143+0000] {dag.py:4156} INFO - Setting next_dagrun for weather_to_snowflake_pipeline to 2026-03-04 02:30:00+00:00, run_after=2026-03-05 02:30:00+00:00
[2026-03-06T01:07:01.161+0000] {processor.py:208} INFO - Processing /opt/airflow/dags/weather_etl_dag.py took 0.106 seconds
[2026-03-06T01:07:31.579+0000] {processor.py:186} INFO - Started process (PID=987) to work on /opt/airflow/dags/weather_etl_dag.py
[2026-03-06T01:07:31.580+0000] {processor.py:914} INFO - Processing file /opt/airflow/dags/weather_etl_dag.py for tasks to queue
[2026-03-06T01:07:31.585+0000] {logging_mixin.py:190} INFO - [2026-03-06T01:07:31.584+0000] {dagbag.py:587} INFO - Filling up the DagBag from /opt/airflow/dags/weather_etl_dag.py
[2026-03-06T01:07:31.619+0000] {processor.py:925} INFO - DAG(s) 'weather_to_snowflake_pipeline' retrieved from /opt/airflow/dags/weather_etl_dag.py
[2026-03-06T01:07:31.647+0000] {logging_mixin.py:190} INFO - [2026-03-06T01:07:31.646+0000] {dag.py:3229} INFO - Sync 1 DAGs
[2026-03-06T01:07:31.670+0000] {logging_mixin.py:190} INFO - [2026-03-06T01:07:31.670+0000] {dag.py:4156} INFO - Setting next_dagrun for weather_to_snowflake_pipeline to 2026-03-04 02:30:00+00:00, run_after=2026-03-05 02:30:00+00:00
[2026-03-06T01:07:31.693+0000] {processor.py:208} INFO - Processing /opt/airflow/dags/weather_etl_dag.py took 0.124 seconds
[2026-03-06T01:08:02.070+0000] {processor.py:186} INFO - Started process (PID=1003) to work on /opt/airflow/dags/weather_etl_dag.py
[2026-03-06T01:08:02.072+0000] {processor.py:914} INFO - Processing file /opt/airflow/dags/weather_etl_dag.py for tasks to queue
[2026-03-06T01:08:02.075+0000] {logging_mixin.py:190} INFO - [2026-03-06T01:08:02.075+0000] {dagbag.py:587} INFO - Filling up the DagBag from /opt/airflow/dags/weather_etl_dag.py
[2026-03-06T01:08:02.113+0000] {processor.py:925} INFO - DAG(s) 'weather_to_snowflake_pipeline' retrieved from /opt/airflow/dags/weather_etl_dag.py
[2026-03-06T01:08:02.138+0000] {logging_mixin.py:190} INFO - [2026-03-06T01:08:02.138+0000] {dag.py:3229} INFO - Sync 1 DAGs
[2026-03-06T01:08:02.159+0000] {logging_mixin.py:190} INFO - [2026-03-06T01:08:02.159+0000] {dag.py:4156} INFO - Setting next_dagrun for weather_to_snowflake_pipeline to 2026-03-04 02:30:00+00:00, run_after=2026-03-05 02:30:00+00:00
[2026-03-06T01:08:02.178+0000] {processor.py:208} INFO - Processing /opt/airflow/dags/weather_etl_dag.py took 0.112 seconds
[2026-03-06T01:08:32.608+0000] {processor.py:186} INFO - Started process (PID=1019) to work on /opt/airflow/dags/weather_etl_dag.py
[2026-03-06T01:08:32.609+0000] {processor.py:914} INFO - Processing file /opt/airflow/dags/weather_etl_dag.py for tasks to queue
[2026-03-06T01:08:32.612+0000] {logging_mixin.py:190} INFO - [2026-03-06T01:08:32.611+0000] {dagbag.py:587} INFO - Filling up the DagBag from /opt/airflow/dags/weather_etl_dag.py
[2026-03-06T01:08:32.640+0000] {processor.py:925} INFO - DAG(s) 'weather_to_snowflake_pipeline' retrieved from /opt/airflow/dags/weather_etl_dag.py
[2026-03-06T01:08:32.671+0000] {logging_mixin.py:190} INFO - [2026-03-06T01:08:32.670+0000] {dag.py:3229} INFO - Sync 1 DAGs
[2026-03-06T01:08:32.697+0000] {logging_mixin.py:190} INFO - [2026-03-06T01:08:32.697+0000] {dag.py:4156} INFO - Setting next_dagrun for weather_to_snowflake_pipeline to 2026-03-04 02:30:00+00:00, run_after=2026-03-05 02:30:00+00:00
[2026-03-06T01:08:32.722+0000] {processor.py:208} INFO - Processing /opt/airflow/dags/weather_etl_dag.py took 0.120 seconds
[2026-03-06T01:09:03.031+0000] {processor.py:186} INFO - Started process (PID=1035) to work on /opt/airflow/dags/weather_etl_dag.py
[2026-03-06T01:09:03.032+0000] {processor.py:914} INFO - Processing file /opt/airflow/dags/weather_etl_dag.py for tasks to queue
[2026-03-06T01:09:03.034+0000] {logging_mixin.py:190} INFO - [2026-03-06T01:09:03.034+0000] {dagbag.py:587} INFO - Filling up the DagBag from /opt/airflow/dags/weather_etl_dag.py
[2026-03-06T01:09:03.063+0000] {processor.py:925} INFO - DAG(s) 'weather_to_snowflake_pipeline' retrieved from /opt/airflow/dags/weather_etl_dag.py
[2026-03-06T01:09:03.091+0000] {logging_mixin.py:190} INFO - [2026-03-06T01:09:03.091+0000] {dag.py:3229} INFO - Sync 1 DAGs
[2026-03-06T01:09:03.114+0000] {logging_mixin.py:190} INFO - [2026-03-06T01:09:03.114+0000] {dag.py:4156} INFO - Setting next_dagrun for weather_to_snowflake_pipeline to 2026-03-04 02:30:00+00:00, run_after=2026-03-05 02:30:00+00:00
[2026-03-06T01:09:03.135+0000] {processor.py:208} INFO - Processing /opt/airflow/dags/weather_etl_dag.py took 0.110 seconds
[2026-03-06T01:09:33.606+0000] {processor.py:186} INFO - Started process (PID=1051) to work on /opt/airflow/dags/weather_etl_dag.py
[2026-03-06T01:09:33.607+0000] {processor.py:914} INFO - Processing file /opt/airflow/dags/weather_etl_dag.py for tasks to queue
[2026-03-06T01:09:33.610+0000] {logging_mixin.py:190} INFO - [2026-03-06T01:09:33.610+0000] {dagbag.py:587} INFO - Filling up the DagBag from /opt/airflow/dags/weather_etl_dag.py
[2026-03-06T01:09:33.640+0000] {processor.py:925} INFO - DAG(s) 'weather_to_snowflake_pipeline' retrieved from /opt/airflow/dags/weather_etl_dag.py
[2026-03-06T01:09:33.669+0000] {logging_mixin.py:190} INFO - [2026-03-06T01:09:33.668+0000] {dag.py:3229} INFO - Sync 1 DAGs
[2026-03-06T01:09:33.691+0000] {logging_mixin.py:190} INFO - [2026-03-06T01:09:33.691+0000] {dag.py:4156} INFO - Setting next_dagrun for weather_to_snowflake_pipeline to 2026-03-04 02:30:00+00:00, run_after=2026-03-05 02:30:00+00:00
[2026-03-06T01:09:33.709+0000] {processor.py:208} INFO - Processing /opt/airflow/dags/weather_etl_dag.py took 0.109 seconds
[2026-03-06T01:10:04.042+0000] {processor.py:186} INFO - Started process (PID=1067) to work on /opt/airflow/dags/weather_etl_dag.py
[2026-03-06T01:10:04.043+0000] {processor.py:914} INFO - Processing file /opt/airflow/dags/weather_etl_dag.py for tasks to queue
[2026-03-06T01:10:04.046+0000] {logging_mixin.py:190} INFO - [2026-03-06T01:10:04.046+0000] {dagbag.py:587} INFO - Filling up the DagBag from /opt/airflow/dags/weather_etl_dag.py
[2026-03-06T01:10:04.074+0000] {processor.py:925} INFO - DAG(s) 'weather_to_snowflake_pipeline' retrieved from /opt/airflow/dags/weather_etl_dag.py
[2026-03-06T01:10:04.109+0000] {logging_mixin.py:190} INFO - [2026-03-06T01:10:04.109+0000] {dag.py:3229} INFO - Sync 1 DAGs
[2026-03-06T01:10:04.139+0000] {logging_mixin.py:190} INFO - [2026-03-06T01:10:04.139+0000] {dag.py:4156} INFO - Setting next_dagrun for weather_to_snowflake_pipeline to 2026-03-04 02:30:00+00:00, run_after=2026-03-05 02:30:00+00:00
[2026-03-06T01:10:04.164+0000] {processor.py:208} INFO - Processing /opt/airflow/dags/weather_etl_dag.py took 0.129 seconds
[2026-03-06T01:10:34.593+0000] {processor.py:186} INFO - Started process (PID=1084) to work on /opt/airflow/dags/weather_etl_dag.py
[2026-03-06T01:10:34.595+0000] {processor.py:914} INFO - Processing file /opt/airflow/dags/weather_etl_dag.py for tasks to queue
[2026-03-06T01:10:34.597+0000] {logging_mixin.py:190} INFO - [2026-03-06T01:10:34.597+0000] {dagbag.py:587} INFO - Filling up the DagBag from /opt/airflow/dags/weather_etl_dag.py
[2026-03-06T01:10:34.628+0000] {processor.py:925} INFO - DAG(s) 'weather_to_snowflake_pipeline' retrieved from /opt/airflow/dags/weather_etl_dag.py
[2026-03-06T01:10:34.655+0000] {logging_mixin.py:190} INFO - [2026-03-06T01:10:34.654+0000] {dag.py:3229} INFO - Sync 1 DAGs
[2026-03-06T01:10:34.676+0000] {logging_mixin.py:190} INFO - [2026-03-06T01:10:34.676+0000] {dag.py:4156} INFO - Setting next_dagrun for weather_to_snowflake_pipeline to 2026-03-04 02:30:00+00:00, run_after=2026-03-05 02:30:00+00:00
[2026-03-06T01:10:34.698+0000] {processor.py:208} INFO - Processing /opt/airflow/dags/weather_etl_dag.py took 0.110 seconds
[2026-03-06T01:11:05.069+0000] {processor.py:186} INFO - Started process (PID=1100) to work on /opt/airflow/dags/weather_etl_dag.py
[2026-03-06T01:11:05.070+0000] {processor.py:914} INFO - Processing file /opt/airflow/dags/weather_etl_dag.py for tasks to queue
[2026-03-06T01:11:05.072+0000] {logging_mixin.py:190} INFO - [2026-03-06T01:11:05.072+0000] {dagbag.py:587} INFO - Filling up the DagBag from /opt/airflow/dags/weather_etl_dag.py
[2026-03-06T01:11:05.097+0000] {processor.py:925} INFO - DAG(s) 'weather_to_snowflake_pipeline' retrieved from /opt/airflow/dags/weather_etl_dag.py
[2026-03-06T01:11:05.122+0000] {logging_mixin.py:190} INFO - [2026-03-06T01:11:05.122+0000] {dag.py:3229} INFO - Sync 1 DAGs
[2026-03-06T01:11:05.145+0000] {logging_mixin.py:190} INFO - [2026-03-06T01:11:05.145+0000] {dag.py:4156} INFO - Setting next_dagrun for weather_to_snowflake_pipeline to 2026-03-04 02:30:00+00:00, run_after=2026-03-05 02:30:00+00:00
[2026-03-06T01:11:05.166+0000] {processor.py:208} INFO - Processing /opt/airflow/dags/weather_etl_dag.py took 0.103 seconds
